text_res_unit_nbr,Count
,1775110
-A,1
# 1,1
# 8,1
# 8 APT 30,1
# 8 APT29A,1
# B,2
# C,2
#1,5
#1 APT 3C,1
#10,2
#11 APT 44,1
#11 APT.44,1
#115,1
#11APT 43B,1
#11APT43D,1
#12,2
#13,1
#14 B-14,1
#15A,1
#2,6
#209,1
#215,1
#26,2
#27,1
#3,6
#3 APT 101,1
#3 APT 12A,1
#30,2
#302,1
#32,2
#36 BLD 9,1
#4,5
#44BLD44,1
#5,4
#6,3
#6 APT 24,1
#6 APT 24C,1
#7,1
#8,2
#8 APT 29,1
#8 APT 31,1
#8 APT29,1
#8 APT29B,1
#8 APT31,1
#9,5
#9-#2205,1
#9 APT 36B,1
#A,3
#C7,1
#G303,1
#H,1
#I,1
#O0 #2,1
*,2
.5,1
:,2
:05,1
:2,2
:B7,1
:C6,1
?,7
??,1
0,19
0-12,1
00,1
000,4
0000,1
001,12
002,3
003,9
00331,1
004,6
005,1
005A,1
006,8
007,4
008,1
009,1
01,16
010,1
0106,1
0108,1
011,4
0110,2
01105,1
01106,1
0112,1
0117,1
013,1
0153,1
0157,1
0159,1
018,1
02,16
02-306,2
0201,2
0203,1
0204,1
0205,1
0212,1
0214,2
0224,1
0232,1
02H,1
03,16
03-302,1
03-305,1
0303,1
0306,1
0308,1
0309,1
0311,1
0312,1
0313,1
0316,1
032,1
0320,1
03201,1
03203,1
0321,1
0322,1
0323,1
0324,1
0330,1
03308,1
0338,1
037,1
039,1
03G,1
04,14
04-203,1
0401,1
0402,1
0409,1
041,1
0410,1
0416,1
04201,2
04204,1
0422,1
043,1
047,1
04A,1
05,8
05-103,1
05-14485,1
050,1
0503,1
0508,1
0510,1
0516,1
052,1
0521,1
0522,1
05302,1
05305,1
054,1
055,1
058,1
05C,1
05G,2
05J,1
06,10
06-104,1
06 D,1
0606,1
0607,1
061,1
06102,1
0612,1
0614,1
06201,1
06204,1
0622,1
066,1
06A,2
06C,1
07,3
0702,1
0703,3
0707,1
0711,1
0712,1
0714,1
0716,2
07303,1
0732,1
078,1
079,2
08,13
08-101,1
08-103,1
08-202,1
08-205,2
080,1
0801,2
0803,1
0806,2
0808,1
0809,2
08106,1
0814,1
0815,2
0819,1
0821,1
0827,1
083,1
08303,1
08304,1
0833,1
087,1
089,2
09,14
0906,1
0908,1
0917,1
09202,1
0921,1
09301,1
094,2
097,2
09H,1
1,6213
1-03,1
1-04,1
1-05,1
1-1,1
1-10,2
1-101,3
1-102D,1
1-103,3
1-104,1
1-105,2
1-106,3
1-107,1
1-11,1
1-111,1
1-114,1
1-12,1
1-2,2
1-201,2
1-202,1
1-203,1
1-204,3
1-206,3
1-217,1
1-220,1
1-223,1
1-303,1
1-304,1
1-324A,1
1-412,1
1-7,1
1-A,1
1-A1,1
1-B,3
1-B4,1
1-B5,1
1-C,1
1-C1,1
1-C2,1
1-C3,1
1-C5,1
1-E,2
1-K,1
1 212,1
1 A,1
1 APT 3,1
1 W,1
1/,1
1/2,158
1/2 D,1
10,1338
10-102,1
10-1021,1
10-1022B,1
10-103,5
10-1033A,1
10-104,2
10-105,1
10-106,3
10-108,1
10-201,3
10-202,1
10-203,1
10-205,2
10-206,1
10-301,1
10-304,1
10-5,1
10-A,1
10-B,1
10-E,1
10  41C,1
10 L,1
100,329
100-1,3
100-2,1
100-4,1
100-5,1
100-7,2
100 B,1
1000,15
1001,167
1001B,1
1002,149
1003,117
1004,140
1005,93
1006,86
1007,85
1008,100
1008B,1
1009,51
100A,3
100B,6
101,1909
101-B,1
101-D,1
101 A,1
101 B,1
1010,64
10101,12
10102,16
10103,22
10104,13
10105,16
10106,14
10107,4
10108,3
10109,5
1011,83
10110,9
10111,1
10112,1
10116,1
10118,2
1012,97
1013,63
1013A,1
1014,66
1014A,1
1015,50
1015 A,1
1016,54
1016C,1
1017,27
10176,1
1017A,1
1018,39
1019,18
101A,19
101B,11
101C,9
101D,2
101F,1
101K,1
101L,1
101W,1
102,1903
102-1,1
102 B,2
1020,21
10201,15
10202,13
10203,9
10204,18
10205,9
10206,12
10207,6
10208,5
10209,3
1021,51
10210,9
10211,3
10212,4
10214,2
10215,2
10217,2
10218,2
1021B,1
1022,49
1023,41
1024,49
1025,21
1026,28
1026B,1
1027,25
1028,19
1028A,1
1028B,1
1029,6
1029-7,1
1029 1/2,1
102A,7
102B,11
102C,1
102D,1
102S,1
103,1557
103-A,1
103-D,2
103 B,1
1030,1
10301,9
10302,6
10303,6
10304,7
10305,3
10306,3
10307,2
10308,5
10309,2
1031,28
10310,2
10311,1
10312,1
10313,2
10314,1
10316,1
10317,1
10318,2
1032,15
1033,16
1033C,1
1034,14
1035,13
1035A,1
1036,12
1036A,1
1037,9
1038,13
103A,16
103AL,1
103B,10
103C,3
103D,6
104,1522
104-D,1
104 A,2
104 B 11,1
1040,1
1041,1
1042,2
1044,1
1045,1
1046,1
1047,3
1049,2
104A,5
104B,8
104S,1
105,1095
105-A,1
105-B,2
1050,1
1052,1
1053,1
1054,1
1055,1
105A,3
105B,9
105C,2
105D,3
105F,1
105L,1
105R,2
105S,1
106,1138
106-14,1
106-D,1
10604,1
1061,1
10616,1
1063,1
1066,1
1069,2
106A,5
106B,4
106C,1
106D,1
107,898
107-1,1
107-A,1
107-B,1
107-D,1
1070,2
10724,1
1078,2
107A,12
107B,11
107C,3
107D,2
107E,1
107F,1
107N,1
107R,1
108,861
108-3,1
1080R,1
10859-G,1
1088,1
108A,8
108B,7
108D,1
108F,1
108N,2
109,527
109-9,1
109 W,1
10960,1
1097,1
1099,2
109A,6
109B,3
109C,1
10A,37
10A2,1
10A7,2
10B,28
10B3,1
10B9,1
10C,30
10D,15
10E,8
10F,6
10G,3
10H,6
10K,1
10L,1
10S,2
10W,1
10X,1
11,1324
11-101,3
11-103,1
11-104,1
11-105,1
11-106,2
11-1111B,1
11-202,1
11-203,2
11-204,1
11-205,2
11-206,3
11-302,2
11-309,1
11-67,1
11-O,1
11 - 250,1
11/106,1
110,623
1100,17
11001,2
11002,2
11004,2
1100A,2
1100B,1
1101,171
1101-8,1
11011,1
11013,3
11015,2
11017,1
1101A,1
1102,149
1103,147
1104,137
1105,116
1105-14,1
1106,139
1107,106
1108,107
1109,73
110B,2
110I,1
111,609
111-06,1
1110,75
11101,9
11102,10
11103,18
11104,11
11105,13
11106,24
11107,7
11108,10
11109,3
1111,100
1111-C,1
11110,5
11111,2
11112,1
11113,1
11115,3
11116,1
11117,1
11118,2
11119,1
1112,91
11120,1
1113,63
1114,62
1115,54
1115B,1
1116,48
11164,1
1117,43
1118,43
1119,17
111A,5
111B,8
111C,1
112,532
112-5,1
112-W,1
1120,20
11201,21
11202,16
11203,17
11204,11
11205,15
11206,15
11207,10
11208,5
11209,3
1121,43
11210,3
11211,2
11212,3
11213,2
11214,2
11215,2
11216,3
11217,1
11218,2
11219,1
1121A,1
1122,56
11220,1
1123,50
1123H,1
1124,41
11243,1
1125,21
1125-2,1
1126,21
1127,23
1128,14
1129,1
112A,2
112B,3
112C,1
113,383
1130,3
11301,8
11302,4
11303,7
11304,10
11305,8
11306,6
11307,2
11308,2
11309,2
1131,15
11310,3
11311,2
11313,3
11314,1
11315,4
11316,1
11317,1
11318,2
11319,1
1132,15
1132 C,1
11320,2
1133,11
1133A,1
1134,8
1135,7
1136,11
1137,6
1138,6
1138 C,1
113A,1
113B,2
114,390
114-2,1
11401,2
11402,2
11403,2
11404,4
11405,5
11406,1
11407,1
11408,1
11409,2
1141,2
11411,2
11412,1
11413,2
11414,4
11415,2
11416,1
11417,1
11418,1
11419,2
1142,2
11420,1
1143,1
1144,2
1147,1
1149,1
114A,2
114B,3
114D,2
114E,1
114W,1
115,368
115 1/2,1
115 CORBIN,1
1156,1
1158,1
115A,2
115B,1
115D,1
116,363
1164,1
116A,1
116B,3
116C,1
117,283
1177,2
1179,2
117B,1
118,287
118-108,1
118-252,1
118-306,2
1183,1
1184,1
118A,1
119,218
119A,1
119B,1
11A,24
11A2,2
11A5,1
11B,25
11B3,2
11B4,1
11B7,1
11B8,1
11C,24
11D,7
11DE,2
11E,5
11F,5
11G,2
11H,3
11I,1
11J,2
11L,1
11M,1
11N,1
11T,1
11U,2
11V,1
11W,4
11Y,1
12,1284
12-101,1
12-102,2
12-103,3
12-104,3
12-105,2
12-106,2
12-107,1
12-108,1
12-202,4
12-203,2
12-204,3
12-205,2
12-207,1
12-301,1
12-304,3
12-G,1
12-I,1
12 - 108,1
12 L,1
12#2205,1
120,263
1200,17
12003,1
12004,1
12005,1
12006,1
12007,1
12008,1
12009,1
1201,151
1201-B,1
12010,1
12011,1
12012,1
12013,1
12014,1
12015,3
12017,1
12018,3
1201D,1
1202,152
12020,2
12021,1
12023,1
12024,1
12025,1
12026,2
12027,2
12029,1
1203,151
12030,2
12031,1
12032,1
1204,120
1205,109
1206,117
1207,107
1208,102
1209,67
120A,1
120C,1
120E,1
121,301
1210,70
12101,15
12102,21
12103,18
12104,16
12105,12
12106,14
12107,7
12108,7
12109,4
1211,97
12110,6
12111,2
12112,2
12113,2
12114,1
12115,1
12117,1
12118,2
12119,1
1212,73
12120,1
12121,1
12122,4
12123,2
12124,2
12125,1
12126,1
12128,1
12129,2
1213,52
12130,2
12131,1
12132,1
1214,49
1215,40
1216,41
1217,35
1218,35
1219,17
121B,3
121F,1
122,277
1220,18
12201,11
12202,15
12203,12
12204,10
12205,15
12206,13
12207,8
12208,8
12209,4
1221,34
12210,4
12211,4
12212,5
12213,3
12214,1
12216,2
12217,1
12218,1
12219,2
1222,31
12220,2
12221,1
12222,1
12223,2
12225,1
12226,2
12227,1
12228,1
1223,41
12230,1
12231,1
12232,1
1224,37
1224B,1
1225,18
1226,29
1227,23
1228,19
1229,2
122A,2
123,222
12301,9
12302,7
12303,6
12305,4
12306,4
12307,3
12308,6
12309,1
1231,9
12310,3
12311,1
12312,2
12313,2
12314,1
12315,1
12316,2
12317,1
12318,2
12319,2
1231A,1
1232,9
12320,1
12321,1
12322,1
12323,2
12323B,1
12324,1
12326,1
12327,1
12328,1
12329,1
1233,11
12331,1
12332,1
1234,10
1235,3
1236,6
12366,1
1237,3
1238,2
1239,1
12394,1
123A,1
123B,1
124,228
124-A,1
1241,2
1243,1
1247,2
1248,1
124A,2
124B,1
124C,1
125,188
1250,2
1251,1
1259,1
125K,1
125W,1
126,193
1262,1
1264,1
1266,2
126B,2
127,183
1272,3
1274,1
1279,3
127A,1
127C,1
127W,1
128,175
1281,1
12830,2
1285,1
128A,3
128B,2
129,112
129-B,1
1291,1
12913,1
12915,2
12917,1
12919,2
12923,2
12925,1
12927,2
12928,1
12929,1
1293,3
12930,1
12931,2
12932,1
1295,2
129A,1
129B,1
12A,38
12A BLDG3,1
12A1,1
12A7,1
12AB,1
12B,34
12B3,1
12B4,1
12C,26
12C11,1
12C12,2
12D,12
12DE,1
12E,5
12F,7
12G,5
12H,4
12I,1
12J,2
12K,2
12N,1
12X,3
13,632
13-101,2
13-102,5
13-103,2
13-104,1
13-105,2
13-106,3
13-1313,1
13-201,3
13-202,3
13-203,1
13-204,1
13-205,2
13-206,1
13-302,1
13-303,2
13-307,1
13-83,1
13-E,1
13 APT 53,1
130,116
1300,9
1300A,3
1300B,1
1300C,1
1301,130
1302,132
1302C,1
1303,119
1303D,1
1304,135
1305,86
1306,105
13064,1
1307,76
1307 A,1
1308,107
1309,59
130A,2
130B,1
131,123
131 A,1
131 D,1
1310,51
13101,14
13102,13
13103,8
13104,16
13105,10
13106,12
13107,9
13108,6
13109,4
1311,76
13110,6
13111,1
13112,1
13113,2
13114,1
1312,77
1313,51
1314,44
1315,36
1316,26
1317,34
1318,22
1319,14
131A,3
131B,1
132,130
1320,12
13201,11
13202,11
13203,11
13204,19
13205,5
13206,13
13207,8
13208,2
13209,3
1321,29
1321-C,1
13211,3
13212,1
13213,2
13214,1
13215,1
13216,1
13217,2
13218,3
13219,2
1322,32
13220,2
13221,1
1323,23
13232-C,1
1323A,1
1324,30
1325,15
1326,17
1327,15
1328,17
1329,3
132A,2
132B,1
132C,1
133,149
133-C,1
1330,2
13301,3
13302,5
13303,4
13304,4
13305,4
13306,3
13307,1
13308,1
13309,1
1331,8
13310,3
13311,1
13312,1
13313,1
13314,1
13315,1
13316,1
13317,1
13318,1
13319,1
1332,7
13320,2
13321,1
13322,2
13323,2
13324,1
13325,1
13326,1
1333,10
1333A,1
1333D,1
1334,8
1334-D,1
1335,3
1336,4
1337,3
1338,4
133A,1
133B,1
134,118
1340,3
13401,2
13403,2
13404,1
13405,1
13406,1
13407,1
13408,2
13409,2
1341,1
13410,1
13411,1
13412,1
13413,1
13414,1
13415,2
13417,1
13418,2
13419,1
13420,2
13422,1
13423,1
13424,1
13425,1
13426,2
13445,1
13462,1
1347,2
1348,1
134B,1
135,125
1351,2
1352,1
1354,4
1355,1
1358,1
135B,1
136,114
1360,1
1362,1
1365,2
1366,1
1367,3
136B,3
137,106
1371,2
1375,1
137A,1
138,93
138B,1
139,85
13A,25
13A1,1
13A2,5
13A5,1
13B,12
13B3,1
13B4,2
13C,3
13D,5
13E,5
13F,2
13G,2
13X,1
14,685
14-10,1
14-101,2
14-102,1
14-103,1
14-106,1
14-201,2
14-203,1
14-205,1
14-206,3
14-208,1
14-301,1
14-303,3
14-306,1
14-88,1
14 C,1
14 I,2
140,95
1400,8
1401,104
14014,1
1402,96
14024,1
1403,96
1404,96
1405,79
1406,82
1407,67
14075,1
1408,72
1409,62
140B,1
141,76
1410,56
14101,7
14102,9
14103,12
14104,8
14105,9
14106,16
14107,5
14108,5
14109,5
1411,78
14110,5
14111,6
14112,2
14114,1
14115,2
14118,2
14119,2
1412,66
14122,2
14123,2
14124,1
14125,1
14127,2
14128,1
14129,2
1413,45
14130,2
14131,1
14132,2
14134,1
1414,46
1415,48
1416,41
1417,37
1418,22
1419,9
141A,1
141B,1
142,78
1420,15
14201,10
14202,7
14203,9
14204,15
14205,7
14206,8
14207,5
14208,2
14209,2
1421,31
14210,3
14211,6
14212,2
14213,1
14214,2
14215,1
14219,1
1422,33
14222,1
14223,1
14224,1
14225,2
14227,1
14228,1
14229,1
1423,35
1423-A,1
14230,1
14231,1
14232,2
14234,2
1424,22
1425,14
1426,17
1427,14
1428,17
1429,3
142A,1
142B,1
143,65
14301,5
14302,1
14303,2
14304,3
14305,4
14306,4
14307,2
14308,1
14309,2
1431,14
14310,1
14311,3
14312,2
14313,1
14315,2
14318,1
14319,1
1432,10
14322,2
14323,2
14324,1
14325,2
14327,2
14328,1
14329,1
1433,12
14330,1
14331,1
14332,3
14334,2
1434,8
1435,7
1436,6
1437,5
1437A,1
1438,5
144,93
1440,2
14401,1
14403,1
14404,1
14405,2
14406,1
14407,2
14408,1
14409,1
14411,1
14412,1
14414,1
14415,1
14418,1
14419,1
14422,1
14423,1
14424,1
14425,1
14427,1
14428,2
14429,1
14430,2
14431,1
14433,1
14434,2
14439,1
1445,2
1446,1
14464,1
1447,1
1448,2
1449,1
145,85
145-OSW,1
1454,1
1455,1
1456,1
146,65
1460,1
1462,1
1464,2
1467,1
1468,1
1468-28,1
147,77
148,66
149,58
1491,1
14A,23
14A1,2
14A2,4
14A5,2
14B,10
14B4,2
14B8,2
14C,5
14D,5
14E,6
14F,1
14G,1
14H,2
14I,3
14K,1
14L,1
14O,1
14P,2
15,648
15-101,3
15-102,2
15-103,2
15-104,3
15-105,2
15-106,5
15-1A,1
15-201,1
15-202,1
15-204,1
15-206,2
15-208,1
15-301,1
15-303,1
15-305,1
15-A5,1
150,47
1500,20
15001,1
15003,2
15005,1
15006,1
15007,1
15009,1
1501,105
1502,92
1503,85
1504,72
1505,67
1506,63
1506-I,1
1507,54
1508,54
1509,32
150B,1
151,64
1510,33
15101,9
15102,8
15103,14
15104,9
15105,13
15106,12
15107,8
15108,5
15109,3
1511,44
15110,3
15111,4
15112,2
15113,2
15114,1
15115,2
15116,1
15117,2
15118,1
1512,40
1513,22
1514,30
1515,28
1516,41
1517,23
1518,19
1519,8
151A,1
152,57
1520,9
15201,14
15202,15
15203,11
15204,10
15205,15
15206,19
15207,3
15208,4
15209,2
1521,19
15210,2
15211,2
15212,3
15213,2
15214,1
15215,1
15216,2
15217,2
15218,2
1522,33
1523,17
1524,22
1525,11
1526,18
1527,18
1528,21
1529,2
152A,4
152B,4
152S,1
153,66
1530,1
15301,4
15302,2
15303,4
15304,1
15305,1
15306,3
15308,1
1531,9
15310,1
15311,2
15312,2
15313,3
15314,1
15316,1
15317,2
15318,1
1532,8
1533,7
1534,6
1535,5
1536,1
1537,3
1538,4
153W,1
154,65
154 -DOWNS,1
1540,2
15401,2
15402,1
15403,1
15404,1
15405,2
15406,1
15407,1
15408,1
1541,2
15411,2
15412,1
15413,1
15414,1
15415,1
15416,1
15417,2
15418,1
1544,2
1545,2
1546,1
1547,1
1548,2
154B,1
155,63
15552,1
1557,1
155B,1
156,54
1568,1
157,51
157 OSWALD,1
1576,1
157A,1
158,45
1587,1
159,49
1590,1
15A,32
15A6,1
15B,19
15B3,1
15C,14
15D,10
15E,5
15F,4
15G,4
15H,2
15W,1
16,593
16-1,1
16-101,5
16-103,3
16-105,2
16-106,3
16-2,1
16-201,3
16-202,1
16-203,3
16-204,1
16-205,1
16-206,2
16-303,2
160,59
160 / G103,1
160 A215,1
160 F204,1
160 G 139,1
160 G149,1
160 G236,1
160 G245,1
160 RM G11,1
160 RM211F,1
1600,16
1601,82
1602,84
1603,79
1604,61
1605,44
1606,54
1607,35
1608,51
1609,25
161,53
161-B,1
1610,28
16101,9
16102,9
16103,16
16104,9
16105,9
16106,8
16107,5
16108,7
16109,3
1611,28
16110,3
1612,45
16123,1
1613,29
1614,23
1615,13
1616,19
1617,16
1618,13
1619,6
162,58
1620,3
16201,5
16202,9
16203,5
16204,5
16205,7
16206,8
16207,4
16208,1
16209,1
1621,20
16210,2
16211,1
1622,18
1623,25
1624,22
1625,9
1626,8
1627,12
1628,8
1629,1
163,41
16301,1
16302,1
16305,1
1631,6
1632,7
1633,12
1634,4
1635,4
1636,4
1637,5
1638,4
163A,1
164,69
1645,2
1646,2
164A,1
165,48
1650,1
166,44
1661,1
1662,1
1669,1
167,48
167B,1
168,53
1684,1
169,35
16A,31
16A2,1
16B,16
16B4,3
16B7,1
16C,5
16D,3
16E,2
16F,1
16H,1
16M,1
16W,1
17,481
17-1,1
17-101,1
17-102,1
17-103,2
17-104,1
17-105,1
17-106,2
17-107,2
17-108,2
17-2,2
17-202,2
17-203,1
17-204,1
17-206,3
17-209,1
17-301,2
17-304,1
17-305,1
17-307,1
17-308,1
17-B,1
17 E,1
170,29
1700,9
1701,77
1702,67
1703,75
1704,75
1705,43
1706,57
1707,43
1708,45
1709,31
171,39
1710,24
17101,12
17102,9
17103,10
17104,3
17105,5
17106,5
17107,6
17108,6
17109,2
1711,36
17110,3
1712,31
1713,12
1714,14
1715,16
1716,14
1717,4
1718,10
1719,4
172,44
1720,4
17201,9
17202,5
17203,4
17204,5
17205,7
17206,8
17207,8
17208,5
17209,3
1721,5
17211,1
1722,21
1723,12
1724,11
1725,6
1726,6
1727,6
1728,5
172B,1
173,41
17301,2
17302,1
17304,2
17305,1
17306,1
17308,4
1731,6
1732,4
1733,7
1734,1
1735,5
1736,1
174,42
175,46
176,36
1765,1
177,46
178,37
179,31
179B,1
17A,9
17B,18
17C,5
17D,10
17E,4
17F,1
17G,1
17I,1
17J,2
17K,1
17L,5
17P,2
17Q,1
17R,1
17S,1
17T,3
17U,2
18,522
18-101,3
18-102,5
18-104,2
18-106,2
18-11,1
18-201,2
18-204,1
18-205,1
18-206,1
18-208,1
18-301,1
18-304,1
18-9,1
180,31
1800,12
1801,71
1802,69
1803,56
1804,67
1805,47
1806,38
1807,41
1808,50
1809,21
181,44
1810,12
18101,3
18102,19
18103,9
18104,6
18105,8
18106,7
18107,3
18108,2
18109,2
1811,29
1812,21
1813,16
1814,14
1815,12
1816,12
1817,8
1818,3
182,40
1820,6
18201,10
18202,7
18203,9
18204,11
18205,7
18206,6
18207,3
18208,1
1821,11
1822,6
1823,4
1824,5
1825,1
1827,2
1828,2
183,38
18301,1
18303,1
18304,2
1832,2
1833,2
1834,3
183C,1
184,49
1849,1
184A,1
185,32
1850,2
186,37
186A,1
187,32
188,38
189,26
18A,6
18B,23
18C,4
18D,4
18E,3
18G,1
18H,1
18I,1
18J,1
18K,1
18L,2
18M,1
18N,1
18O,1
18P,1
19,447
19-101,2
19-102,2
19-103,2
19-106,2
19-204,3
19-206,3
19-303,1
19-306,1
190,34
1900,9
1901,68
1902,69
1903,62
1904,41
1905,54
1906,43
1907,37
1908,22
1909,20
191,40
1910,18
19101,15
19102,10
19103,8
19104,7
19105,5
19106,11
19107,4
19108,4
1911,26
1912,21
1913,21
1914,20
1915,19
1916,13
1917,7
1917A,1
1918,7
1919,3
1919B,1
192,34
1920,1
19200,1
19201,9
19202,8
19203,7
19204,13
19205,4
19206,5
19207,2
19208,1
19209,3
1921,10
1922,7
1923,5
1924,6
1925,5
1926,4
1927,5
193,31
19301,1
19302,2
19304,1
1931A,1
1932,2
19324,1
1933,6
1934,2
1935,3
1936,1
1937,1
1938,3
194,30
1948,1
195,45
1950,2
1958,1
195C,1
196,29
197,40
198,27
199,26
19A,4
19A/2,1
19B,19
19C,5
19D,4
19E,1
19F,2
19G,2
19H,4
1A,274
1A1,1
1A2,7
1A3,1
1A4,1
1A5,2
1A6,3
1B,201
1B1,2
1B3,2
1B4,1
1B5,1
1B7,2
1C,77
1C1,1
1C2,4
1C6,2
1D,79
1D1,19
1E,79
1EAST,1
1F,33
1G,25
1G1,1
1H,5
1H1,2
1H2,10
1J,10
1JE,8
1JW,7
1K,1
1K1,10
1L,6
1L-D9,1
1M,5
1N,10
1Q,6
1S,6
1ST FLOOR,1
1U,3
1W,12
2,5928
2-01,1
2-02,1
2-03,1
2-10,1
2-101,2
2-102,2
2-103,4
2-104,1
2-105,3
2-106,1
2-107,1
2-108,1
2-109,1
2-113,1
2-114,2
2-116,1
2-125,1
2-2,2
2-201,2
2-202,3
2-203,1
2-204,1
2-205,2
2-206,2
2-207,2
2-211,4
2-211C,1
2-213,1
2-219,1
2-222B,1
2-222C,1
2-223A,1
2-234,1
2-3,5
2-301,3
2-305,1
2-306,2
2-307,1
2-308,2
2-320,1
2-4,2
2-517,1
2-623,1
2-A,1
2-A1,1
2-A2,1
2-A4,1
2-A7,1
2-B,4
2-B1,1
2-B3,1
2-B4,1
2-B6,1
2-C,1
2-C6,1
2-D,1
2-E,1
2-N,1
2-R,1
2 A,1
2 APT B,1
2 APT26,1
2.3,1
20,401
20-1/2,1
20-101,1
20-102,2
20-103,1
20-104,1
20-105,1
20-106,1
20-201,4
20-202,3
20-203,1
20-204,1
20-205,1
20-206,1
20-208,1
20-3,1
20-302,1
20-303,2
20-306,1
20-308,1
20-9,1
20 101,1
20 D,1
200,278
2000,13
2000 P,1
2001,64
2002,57
2003,59
2004,53
2005,27
2006,38
2007,33
2008,43
2009,22
200A,2
200B,5
201,1863
201-5,1
201-A,1
201-B,1
201 B,1
201 C,1
2010,28
20101,6
20102,11
20103,4
20104,10
20105,5
20106,5
20107,2
20108,5
2011,30
20110,2
20113,1
20114,1
2012,34
2013,17
2014,20
2015,18
2016,13
2017,3
2018,6
2019,1
201A,17
201B,12
201C,1
201D,1
201F,1
201N,1
201R,1
201W,1
202,1731
202-12,1
202-2,1
2020,2
20201,5
20202,9
20203,3
20204,4
20205,4
20206,4
20207,4
20208,3
2021,7
2022,7
2023,13
2024,7
2025,2
2026,2
2027,6
2028,5
2029,3
202A,12
202B,11
202C,2
202D,1
202E,1
202HH,1
203,1623
203-1,1
203-B,2
203-C,1
2030,1
20301,1
20303,1
20304,1
20305,1
20308,1
2031,2
2032,5
20327,1
2033,3
2034,2
2035,1
2036,4
2037,2
2038,4
2039,1
203A,7
203B,8
203F,1
203R,1
204,1499
204 A,1
2040,4
2041,1
2043,1
2044,2
2045,2
2046,1
2047,1
2048,3
2049,2
204A,10
204B,9
204C,2
204E,1
204F,2
204N,3
204W,1
205,1037
2050,2
2051,1
2052,1
2054,1
205A,12
205B,4
205F,1
205N,1
206,1124
206/4,1
2060,2
2063,1
2067,1
206A,11
206B,5
206D,1
206N,1
206S,1
207,923
207-A,2
207-B,1
207 WGSP,1
207A,4
207B,11
207C,1
207D,2
207W,1
208,856
208-D,1
208 B,1
2081,1
2085,1
208A,8
208B,10
208C,1
208D,1
208N,1
208R,2
208S,1
209,552
209-2,1
209-A,1
2095,1
209A,5
209B,10
209C,1
209S,1
20A,11
20B,18
20C,5
20D,4
20E,7
20F,2
20G,4
20H,2
21,499
21-101,1
21-102,1
21-103,1
21-104,2
21-105,1
21-106,2
21-12,1
21-202,2
21-204,3
21-205,1
21-206,1
21-301,2
21-6C,1
210,637
2100,21
2101,93
2101-1,1
2101-2,1
2101-3,2
2102,92
2103,90
2104,90
2105,75
2105-1,1
2105-2,2
2105-3,2
2106,85
2107,62
2108,73
2109,44
210A,6
210B,3
210C,1
210S,1
211,637
211-1,1
211 D,1
2110,44
21101,5
21102,10
21103,10
21104,5
21105,5
21106,6
21107,6
21108,4
21109,1
2111,40
2111-2,2
21110,3
21111,2
21113,2
21115,1
21117,1
21119,2
2112,35
21121,1
21122,1
21123,1
21124,1
21125,1
21127,1
2113,21
2114,28
2114B,1
2115,19
2115-1,2
2115-2,2
2116,20
2117,12
2118,8
2119,9
211A,6
211B,4
211C,2
211D,2
211E,1
212,580
212 D,1
212 W,1
2120,9
21201,8
21202,9
21203,7
21204,5
21205,5
21206,4
21207,4
21208,2
21209,1
2121,12
21210,2
21211,2
21212,1
21213,1
21215,2
21217,2
21219,1
2122,14
21220,1
21221,2
21222,1
21223,1
21224,1
21225,1
21227,1
21228,2
2123,10
2124,9
2125,8
2126,9
2127,8
2128,8
2129,3
212A,1
212B,2
212I,1
212W,1
213,374
2130,3
21301,1
21302,1
21303,2
21304,1
21305,1
21306,2
21307,1
21309,1
2131,3
21310,2
21311,2
21312,1
21313,2
21314,1
21315,2
21316,1
21317,1
21319,2
2132,7
21320,1
21321,1
21323,2
21325,1
21326,2
21327,1
21328,1
2133,4
21330,1
2134,8
2135,4
2136,9
2137,4
2138,2
213A,1
213B,3
213C,2
213S,1
214,410
21401,2
21402,1
21403,1
21404,2
21405,2
21406,3
21407,1
21410,2
21411,1
21412,1
21414,1
21415,2
21416,1
21417,1
21419,1
2142,2
21420,1
21422,1
21423,2
21424,1
21427,1
21428,1
21430,2
2144,1
2146,1
2148,1
214A,1
214B,4
214C,2
214E,1
214F,1
214W,2
215,368
2150,3
21501,2
21502,2
21503,1
21504,2
21505,1
21507,2
21509,1
21510,1
21511,2
21512,1
21513,1
21514,1
21516,1
21517,1
21518,1
2152,1
21521,2
21522,1
21523,1
21524,1
21526,1
21527,1
21528,2
21530,1
2158,1
215A,2
215B,3
215C,1
216,328
216-B,1
2163,1
216A,2
216B,1
217,257
217A,2
217B,2
218,280
2188,1
219,209
219A,2
21A,5
21A12,1
21B,10
21C,14
21C3,1
21D,4
21E,3
21H,2
21J,1
21L,3
22,469
22-101,2
22-102,1
22-103,2
22-105,2
22-201,2
22-202,1
22-203,3
22-205,1
22-206,2
22-304,1
22-306,1
22 BLDG P,1
220,245
2200,14
2201,93
2202,85
2202B,1
2203,78
2203B,1
2204,72
2205,67
2206,59
2207,44
2208,46
2209,35
220A,1
220B,1
221,248
221-B,1
221 BLDG S,2
2210,26
22101,9
22102,6
22103,7
22104,9
22105,6
22106,5
22107,3
22108,4
22109,1
2211,26
22110,1
22115,2
22116,1
22117,2
22118,2
2212,33
22120,2
22121,1
2213,23
2214,26
2215,17
2216,12
2217,7
2218,6
2219,4
221B,1
222,230
2220,4
22201,5
22202,7
22203,3
22204,7
22205,7
22206,8
22207,1
22208,2
2221,14
22211,1
22212,1
22213,1
22214,1
22215,2
22216,1
22217,2
22218,2
2222,9
22220,2
22221,2
2223,6
2224,9
2224-10,1
2225,7
2226,8
2227,7
2228,6
2229,2
222A,1
222B,5
223,202
223-I,1
2230,1
22301,3
22302,2
22303,2
22304,2
22305,1
22306,1
22307,1
22308,2
2231,3
22312,2
22313,1
22315,1
22316,2
22317,2
22318,1
2232,4
22320,1
2233,5
2234,3
2235,7
2236,4
2237,3
224,230
22401,2
22402,1
22403,1
22404,2
22406,2
22407,1
22408,2
2241,2
22412,2
22413,2
22414,2
22415,2
22416,2
22417,2
22418,2
22420,2
22421,1
2245,1
2246,1
224A,3
224B,2
224C,1
224K,1
225,162
2250,1
22501,1
22502,2
22503,2
22505,2
22506,2
22508,2
22509,2
2251,1
22511,1
22512,1
22513,2
22515,3
22516,2
22517,2
22518,2
22520,2
22521,2
2253,1
2257,1
2258,1
2259,2
225A,3
225B,1
226,150
2262,1
2264,2
2266,1
226B,1
227,151
2274,1
2277,1
2278,1
2279,1
227B,3
228,152
2282,2
2283,1
2284,1
2287,1
2289,1
229,97
229-1,1
2293,2
2295,1
2297,1
229A,2
229B,1
22A,6
22B,7
22B4,2
22B9,1
22C,15
22D,1
22E,2
22F,1
22G,2
22H,3
22I,1
22J,1
23,431
23-101,1
23-102,1
23-103,1
23-104,1
23-105,2
23-106,1
23-107,1
23-202,3
23-203,2
23-205,1
23-206,2
23-302,1
23-304,1
23-305,4
23-308,1
23 C,1
230,133
230-208,1
230 A,1
2300,14
2301,66
2302,52
23022,1
2303,60
2304,61
2305,46
2306,43
2307,50
2308,36
2309,32
230W,1
231,120
2310,33
23101,5
23102,6
23103,2
23104,3
23105,6
23106,6
23107,1
23108,1
2311,37
23110,2
2312,27
2313,17
2314,11
2315,18
2316,10
2317,6
2318,7
2319,2
231A,1
231B,1
231D,1
232,120
2320,4
23201,3
23202,4
23203,1
23204,2
23205,2
23206,4
23207,3
2321,10
2322,9
2323,7
2324,4
2325,4
2326,4
2327,3
2328,5
2329,2
232A,2
232C,1
233,112
2330,1
23301,4
23303,1
23305,2
23307,1
2331,1
2332,7
2333,6
2334,1
2335,2
2336,3
2337,1
233A,1
234,106
234-A,1
2348,2
234B,1
235,85
2350,2
2358,1
235A,1
235B,1
236,88
23645,1
236B,1
237,103
237B,1
237J,1
238,87
239,78
239B,1
23A,2
23B,5
23C,14
23D,5
23E,4
23F,1
23H,1
23I,1
23K,3
23L,1
23M,1
23N,2
23S,1
24,401
24-101,1
24-102,1
24-103,2
24-104,1
24-105,1
24-106,1
24-201,3
24-202,2
24-203,2
24-204,2
24-205,1
24-206,2
24-207,2
24-208,1
24-302,1
24-303,2
24-305,1
24-306,1
240,90
2400,14
2401,46
2402,48
2403,58
2404,34
2405,32
2406,31
2407,33
2408,33
2409,26
240A,1
240C,1
241,73
2410,21
24101,3
24102,9
24103,5
24104,7
24105,5
24106,5
24107,1
24108,5
24109,2
2411,21
2412,19
2413,16
2414,13
2415,9
2416,9
2417,5
2418,9
2419,8
241A,2
241B,1
242,65
2420,2
24202,2
24203,4
24204,8
24205,2
24206,5
24208,2
24209,1
2421,6
2422,6
2423,6
2424,3
2425,4
2426,1
2427,2
2428,5
2429,2
243,58
2430,1
24302,1
24303,2
24305,2
24306,3
24307,1
2433,1
2435,2
2436,1
2437D,1
2438,1
2439,1
244,67
2440,1
2442,2
244B,2
245,42
245-A,1
2450,2
246,50
247,64
247A,1
247B,1
248,64
249,43
24A,3
24B,6
24C,7
24D,1
24E,1
24F,3
24G,1
24W,1
25,347
25-101,1
25-102,1
25-103,2
25-105,3
25-201,1
25-202,1
25-203,2
25-204,1
25-205,2
25-206,1
25-302,3
25-303,2
25-304,1
25-305,1
25-306,3
25-307,1
25-7,1
25-O,2
250,39
2500,10
2501,40
2501E,2
2501W,1
2502,37
2502E,1
2502W,1
2503,33
2503W,3
2504,23
2504E,1
2504W,1
2505,22
2505E,2
2505W,1
2506,21
2507,17
2507E,2
2507W,1
2508,25
2508E,1
2508W,2
2509,14
251,42
2510,10
25101,5
25102,5
25103,2
25104,5
25105,1
25106,4
25107,1
25108,2
2511,12
2512,22
2513,17
2514,12
2515,13
2516,9
2517,2
2518,4
2519,7
251A,1
252,37
2520,2
25201,7
25202,2
25203,2
25204,2
25205,5
25206,2
25207,1
2521,9
2522,7
2523,9
2524,7
2525,4
2526,6
2527,2
2528,4
252B,1
253,48
25305,1
2531,4
2532,2
2533,2
2534,1
2535,1
2536,2
2537,2
2538,5
253B,1
254,34
254A,1
255,47
2550,1
256,40
257,42
257A,1
257B,1
258,36
259,34
2593,1
2597,1
25A,13
25B,7
25C,2
25D,2
25E,3
25F,1
25G,4
25H,1
25J,1
25K,1
25L,1
25Q,2
25S,1
25T,1
25U,1
25V,2
25W,1
25X,1
26,294
26-101,1
26-102,1
26-104,3
26-105,1
26-106,2
26-203,1
26-206,1
26-301,1
26-302,1
26-303,1
26-304,3
26-306,1
26-8,1
260,34
2600,11
2601,40
26015,1
2601N,1
2602,33
2602S,1
2603,20
2603S,1
2604,21
2604 D,1
2604 S,1
2605,15
2606,21
2606N,1
2607,15
2607N,1
2607S,1
2608,19
2608N,1
2608S,1
2609,11
260B,1
261,36
2610,11
26101,4
26102,8
26103,11
26104,3
26105,3
26106,2
26107,3
26108,2
26109,1
2611,10
2612,21
26120,1
2613,8
2614,5
2615,6
2616,6
2617,1
2618,1
2619,2
262,40
2620,1
26201,5
26202,4
26203,3
26204,5
26205,6
26206,4
2621,1
2622,1
2623,1
2624,2
2625,1
2626,1
2627,2
2628,2
263,35
2633,2
2634,1
264,39
265,43
265Q,1
266,28
2662,1
267,35
267B,1
268,27
269,19
269A,1
26A,13
26B,4
26C,1
26D,2
26E,2
26F,3
26H,2
26N,1
27,279
27-101,1
27-102,1
27-104,3
27-105,2
27-106,1
27-201,3
27-202,2
27-203,3
27-206,2
27-301,2
27-302,2
27-304,1
27-306,1
270,23
2700,8
2701,27
2701E,2
2701W,1
2702,23
2702E,1
2703,25
2703W,1
2704,14
2704E,1
2704W,1
2705,16
2705E,2
2706,21
2706E,1
2706W,1
2707,16
2707E,1
2707W,2
2708,17
2708W,1
2709,8
271,27
2710,19
27101,8
27102,7
27103,1
27104,5
27105,3
27106,7
27108,1
27109,2
2711,11
2711APT20,1
2712,7
2713,6
2714,8
2715,10
2716,4
2717,4
2718,4
2719,3
272,25
2720,3
27201,2
27202,1
27203,1
27204,3
27205,1
27206,1
2721,7
2722,6
2723,4
2724,2
2725,2
2726,3
2727,2
2728,2
273,22
27302,1
27304,2
27306,1
2731,1
2732,2
2734,2
2735,3
2736,2
2737,1
2738,2
274,21
275,13
2750,2
2751,1
276,17
277,16
278,20
279,18
27A,15
27B,4
27E,1
27F,2
27H,1
27N,1
27W,1
28,258
28-101,2
28-102,1
28-103,1
28-104,4
28-106,1
28-201,1
28-203,1
28-204,1
28-205,2
28-206,3
28-301,1
28-302,2
28-303,1
28-304,3
28-305,1
28-306,3
280,13
2800,9
2801,25
2802,24
2803,25
2804,20
2805,22
2806,14
2807,18
2808,6
2809,4
281,14
2810,8
28101,3
28102,4
28103,2
28104,3
28105,3
28106,6
28107,1
28108,4
28109,1
2811,11
28110,1
2812,12
2813,5
2814,12
2815,7
2816,7
2817,3
2818,4
2819,2
282,22
2820,2
28201,6
28202,3
28203,3
28204,4
28205,2
28206,3
28208,1
28209,2
2821,5
2822,8
2823,5
2824,5
2825,3
2826,1
2827,2
2828,5
282B,1
283,23
28305,1
284,14
285,15
2850,2
286,26
287,14
288,20
289,29
28A,12
28B,1
28C,1
28E,2
28F,3
28G,1
29,243
29-101,2
29-102,2
29-103,2
29-104,1
29-105,1
29-106,1
29-201,5
29-202,2
29-203,1
29-204,1
29-205,1
29-206,1
29-302,2
29-303,1
29-304,1
29-305,1
29-306,2
290,15
2900,13
2900-202,1
2901,17
2902,18
2903,20
2904,14
2905,13
2906,19
2907,12
2908,14
2909,7
291,18
2910,10
29101,4
29102,3
29103,3
29104,5
29105,5
29106,3
29107,3
29108,1
29109,1
2911,8
2912,10
2913,6
2914,8
2915,4
2916,9
2917,1
2918,6
2919,3
292,13
2920,4
29201,4
29202,1
29203,7
29204,3
29205,3
29206,5
29207,1
29208,2
29209,1
2921,2
2922,6
2923,3
2924,1
2926,3
2927,2
2928,1
293,14
29301,2
29304,2
29305,2
29306,3
29308,1
294,18
295,13
2950,1
295A,1
296,13
297,13
2970,1
298,20
299,15
29A,2
29B,5
29C,1
2A,257
2A1,2
2A2,1
2A3,1
2A5,3
2A6,2
2B,230
2B2,1
2B3,1
2B3A,1
2B4,2
2B5,2
2B6,1
2B7,3
2B8,3
2C,86
2C1,2
2C2,1
2C3,3
2C4,1
2C5,1
2D,53
2DE,12
2DN,4
2DS,8
2DW,8
2E,74
2F,39
2FE,1
2G,54
2H,13
2H2,7
2I,2
2J,9
2JE,4
2JW,6
2K,9
2M,3
2N,6
2ND FLOOR,1
2O,1
2P,3
2Q,1
2R,1
2S,2
2W,14
2Y,1
3,4488
3-02,1
3-03,1
3-08,1
3-09,1
3-1,2
3-101,1
3-102,1
3-103,2
3-106,3
3-107,1
3-11,1
3-14,2
3-201,1
3-203,2
3-204,2
3-205,2
3-206,3
3-3,1
3-301,1
3-302,2
3-303,1
3-304,1
3-305,2
3-327A,1
3-3310,1
3-35,1
3-A,3
3-B,2
3-C,1
3-D,1
3-E,2
3-I,1
3-W,1
3 A,1
3 WEST,1
3/410/A,1
30,272
30-101,2
30-102,2
30-103,2
30-104,3
30-105,1
30-106,1
30-201,1
30-204,2
30-205,2
30-206,2
30-303,1
30-305,1
30-306,1
300,161
3000,11
3001,24
3002,19
3003,17
3004,13
3005,19
3006,14
3007,8
3008,10
3009,10
300A,7
300B,5
301,1035
3010,11
30101,7
30102,1
30103,11
30104,4
30105,2
30106,5
30108,2
30109,1
3011,11
30111,1
3012,8
3013,5
3014,7
3015,6
3016,4
3017,5
3018,6
3019,1
301A,14
301B,8
301C,1
302,986
302`,1
3020,4
30201,4
30202,6
30203,4
30204,4
30205,2
30206,4
30207,4
30208,1
3021,3
3022,4
3023,3
3025,3
3026,1
3029,2
302A,8
302B,3
302C,1
302D,1
302E,1
302R,2
303,917
303-A,1
30302,1
30304,1
3032,2
3033,1
3034,1
3035,3
3036,1
3037,1
3038,1
3039,1
303A,7
303B,3
303C,1
303D,3
304,899
304-A,1
304 B,1
3040,2
3041,1
3042,1
3045,1
3046,1
3047,1
3049,1
304A,3
304B,9
304C,3
304S,1
305,726
305-1,1
305 E,1
305 LEWIS,1
3050,1
3053,1
3054,1
3055,2
305A,5
305B,4
305C,1
305D,1
306,665
306-2,1
306-B,1
3060D,1
306A,6
306B,7
306D,1
306P,1
307,629
307-W,1
307 E,1
307310,1
307A,5
307B,3
307C,1
307D,1
307F,1
307S,2
308,543
3085,1
308B,5
308C,2
308D,2
308F,1
308N,1
308S,1
309,385
309A,3
309B,1
309C,1
309D,1
30A,4
30B,7
30C,4
30E,1
30W,1
31,321
31-101,1
31-102,1
31-103,2
31-104,1
31-201,2
31-204,2
31-205,1
31-301,1
31-302,1
31-304,1
31-306,1
31-B,2
310,367
3100,10
3101,51
3102,58
3103,53
3104,52
3105,43
3106,55
3106-B,1
3107,32
3108,44
3109,35
310A,3
310B,6
310D,1
311,423
311-1,1
311-3B,1
311 A,1
3110,31
31101,8
31102,3
31103,2
31104,1
31105,4
31106,2
31107,1
31108,3
31109,1
3111,21
31110,1
3112,23
3113,10
3114,16
3115,14
3116,12
3117,8
3118,7
3119,7
311A,1
311B,3
311C,2
311E,2
312,407
312 1/2,1
3120,10
31201,3
31202,2
31203,1
31204,3
31205,2
31206,3
3121,4
3122,5
3123,5
3124,5
3125,1
3126,2
3127,3
3128,4
3129,3
312B,2
312D,1
313,328
3130,1
3131,5
3132,3
3133,2
3134,4
3135,2
3137,1
3139,2
313A,1
313B,4
313D,1
314,315
314 A,1
3141,1
3142,1
3145,2
3148,2
314A,2
314B,3
314D,1
314E,1
315,273
3150,2
3151,1
3155,1
3156,1
315A,2
315B,3
316,225
316 B,1
3161,1
316B,2
317,210
317-A,1
317-C2,1
317A,1
317B,1
318,194
318-2,1
3185,1
318A,3
319,160
319A,3
319D,1
31A,3
31B,13
32,327
32-101,2
32-103,2
32-106,2
32-201,2
32-206,1
32-301,1
32-303,1
32-304,1
32-306,2
320,156
3200,3
3201,46
3202,39
3203,42
3204,26
3205,38
3206,45
3207,26
3208,35
3209,22
320A,2
321,198
3210,33
32101,2
32102,2
32103,6
32104,3
32105,2
32106,1
32108,1
3211,27
3212,22
3213,9
3214,13
3215,11
3215-101,1
3216,7
3217,7
3218,14
3219,4
321A,1
321D,1
321S,1
322,165
3220,7
32201,2
32202,2
32203,5
32204,2
32205,2
32206,4
3221,3
3222,9
3223,7
3224,5
3225,2
3226,2
3227,5
3228,1
3229,2
322A,1
323,182
323-B1,1
3230,2
3231,3
3232,7
3234,6
3235,2
3236,3
3238,2
323W,2
324,172
3241,2
3242,2
3245,1
3246,1
3247,1
324A,1
324B,2
324D,1
325,130
3250,1
3251,2
3252,1
3253,1
3255,1
3257,2
3259,2
325A,2
325B,2
325P,1
326,121
326-1,1
3265,2
3266,1
326A,1
326B,2
327,122
3271,1
3272,2
3278,1
3279,3
327B,1
328,93
3282,1
3283,1
3287,1
3289,1
328B,2
329,84
3295,1
3299,2
32A,5
32B,5
32C,2
33,257
330,64
3300,5
3301,37
3302,43
3303,46
3304,27
3305,32
3306,33
3307,29
3308,38
3309,26
330B,1
330C,1
331,94
3310,17
33101,4
33102,2
33103,1
33104,3
33105,4
33106,3
33107,1
33109,1
3311,15
33110,1
33111,3
33114,1
3312,19
3313,5
3314,10
3314A,1
3315,9
3316,13
3317,10
3318,11
3319,3
331A,1
331B,3
332,92
3320,5
33201,2
33202,1
33203,1
33204,1
33205,1
3321,3
3322,4
3323,2
3324,4
3325,5
3326,1
3327,4
3329,2
333,85
3331,4
3332,2
3334,1
3336,1
333A,2
333D,1
334,73
3340,3
3344,1
334C,1
335,83
3358,1
336,65
3360,1
336A,1
336B,1
337,73
3379,1
337B,1
338,75
339,44
33A,2
33B,5
33C,3
34,252
34-104,1
34-105,1
340,50
3400,10
3401,14
3402,23
3403,15
3404,24
3405,14
3406,21
3407,12
3408,19
3409,8
341,49
3410,17
34101,2
34102,1
34103,3
34104,2
34105,1
34107,2
34108,1
3411,10
34110,3
3412,6
3413,6
3414,3
3415,11
3416,8
3417,4
3418,2
3419,5
341A,1
342,50
3420,3
34201,2
34202,2
34203,1
34204,1
34205,2
34206,4
3421,3
3422,1
3423,4
3425,2
3427,1
342D117,1
343,36
3431,2
3434,1
343A,1
344,38
344 A,1
3440,1
344B,2
345,30
345B,2
346,35
346-E,1
347,31
347A,1
348,18
349,22
34A,2
34B,3
34C,11
34E,1
35,215
35-102,1
35-201,1
35-203,1
35-204,1
350,23
350-A,1
350-B,1
3500,5
3501,12
3502,10
3503,12
3504,5
3504 J,1
3504I,1
3505,8
3505J,1
3506,10
3507,6
3508,6
350C,1
351,20
351 OSWALD,1
3510,2
35101,1
35102,2
35103,3
35104,1
35105,1
35106,1
35107,3
35109,1
3511,6
35110,1
3512,3
3513,3
3516,1
3517,2
3518,1
351B,1
352,20
3520,3
35201,1
35202,2
35204,2
35205,1
35206,1
3521,1
3523,1
3525,4
3526,1
3527,2
3529,1
352B,1
353,20
3532,1
3533,1
3534,3
3535,1
3536,2
354,17
3540,1
3542,1
3544,1
354B,1
355,23
355N,1
356,19
356B,1
357,28
357A,2
357B,2
358,24
358A,1
359,23
35A,1
35B,3
35C,8
36,246
36-4,1
360,19
3600,2
3601,16
3602,9
3603,12
3604,9
3605,10
3606,2
3607,5
3608,8
361,17
3610,4
36101,5
36102,2
36103,5
36104,2
36105,1
36106,2
36107,2
36108,1
36109,1
3611,4
36110,2
3612,3
3613,2
3616,1
3619B,1
362,17
3620,1
36201,2
36203,4
36205,2
36206,2
3621,2
3622,1
3623,1
363,19
364,20
365,20
3656,1
3659,1
365A,1
366,18
3661,1
367,26
368,17
369,15
36A,4
36B,1
36C,3
37,187
37-104,1
370,11
3701,12
3702,8
3703,8
3704,8
3705,7
3706,4
3707,3
3708,2
3709,4
371,11
3710,2
37101,3
37102,4
37103,3
37104,2
37105,1
37106,2
37107,1
37108,3
37109,1
3711,2
37110,1
3712,2
3713,1
3714,1
3715,1
3716,1
3719,1
372,15
3720,1
37201,2
37203,3
37204,2
37205,3
3721,1
3722,1
373,14
3730,2
374,12
375,10
376,13
3764,1
377,12
378,9
379,6
37A,3
37B,3
37C,1
37D,2
37E,2
37H,1
38,185
380,10
3800,7
3801,10
3802,10
3803,15
3804,5
3805,3
3806,5
3807,12
3808,8
3809,2
380C,1
381,13
3810,2
38101,2
38102,3
38103,2
38104,2
38105,1
38106,1
38107,1
38108,1
38109,1
3811,2
38110,2
3812,3
3814,2
3816,1
382,12
38201,3
38202,2
38203,1
38204,1
38205,2
38206,1
3821,1
3822,1
383,5
3839,1
384,9
385,11
386,11
387,9
388,7
3880,1
389,5
38A,3
38B,3
38C,6
38D,1
39,181
39-103,1
39-106,1
39-202,1
39-58,1
390,7
3900,4
3901,5
3902,6
3903,6
3904,3
3905,3
3907,3
391,6
3910,1
39102,5
39103,2
39104,2
39105,3
39106,4
39109,1
3911,2
39110,2
3912,1
3913,2
3914,3
3915,2
3917,1
392,11
392-1A2,1
3920,1
39201,1
39203,3
39204,1
39205,1
39206,1
3922,1
3924,2
3925,1
393,10
39304,1
394,9
395,9
396,11
397,13
398,9
399,4
39A,1
39B,2
39C,1
39D,1
39F,1
39G,1
39H,1
39I,1
39J,1
3A,185
3A EAST,1
3A1,1
3A2,1
3A5,1
3A6,1
3B,148
3B7,1
3B8,2
3C,66
3D,30
3E,34
3F,17
3G,15
3GJ,2
3H,14
3I,5
3J,5
3K,7
3L,4
3M,2
3N,4
3O,1
3P,2
3Q,1
3R,3
3S,1
3T,1
3W,6
3Y,1
3Z,1
4,3916
4-04,2
4-05,1
4-06,3
4-09,1
4-10,2
4-101,4
4-102,1
4-106,2
4-11,1
4-12,1
4-201,3
4-202,2
4-203,2
4-204,1
4-207,2
4-3,1
4-302,1
4-308,1
4-416A,1
4-426B,1
4-8,1
4-9,1
4-A,3
4-B,3
4-E,1
4 - BB,1
4 APT 302,1
40,154
40-A,1
400,101
400-202,1
400-208,1
400 A,1
4000,5
4001,10
4002,7
4003,7
4004,7
4005,4
4006,4
4007,6
4008,8
4009,3
400B,1
400R,1
400W,1
401,376
4010,6
40101,6
40102,1
40103,5
40104,1
40105,2
40106,1
40109,1
4011,4
40110,1
4012,5
4013,2
4014,4
4015,3
4016,2
4017,7
4018,3
4019,1
401B,3
401C,1
401D,1
401W,1
402,377
402-A,1
4020,3
40201,1
40202,1
40203,1
40205,1
4021,4
4022,1
4024,3
4025,1
4029,1
402B,1
402C,1
403,345
403-1,1
403-B,1
4030,2
4032,1
403A,1
403D,2
404,345
404A,1
404B,1
405,333
405-A,1
4050,1
4051,1
405A,1
405C,1
405D,1
405W,1
406,313
406 A,1
406A,3
406B,1
406D,2
406E,1
406G,1
407,280
407A,2
407B,2
407E,1
408,266
408A,1
408B,1
408C,2
409,222
4095,1
409A,1
409B,1
40A,6
40B,4
40C,4
40D,4
40E,1
40F,1
40G,2
40H,1
40S,1
41,188
41-B,1
410,232
4100,7
4101,43
4102,54
4103,42
4104,31
4105,29
4106,38
4107,34
4108,20
4109,11
410A,1
410B,1
410D,1
411,243
4110,18
41101,3
41102,2
41104,1
41106,1
4111,12
4112,13
4113,9
4114,7
4115,2
4116,2
4117,2
4119,2
411B,1
411D,2
412,245
4120,1
41201,2
41202,2
41203,3
41204,2
41206,2
4122,1
4124,3
4125,1
4126,1
4127,1
4128,1
412B,3
412C,2
412D,1
413,162
4131,2
4136,3
4137,1
413A,1
413D,1
414,207
4140,1
4142,2
4143,1
4144,3
4145,1
4147,1
4148,1
4149,1
414A,3
414B,1
414D,2
415,161
415-2,1
4152,1
4154,2
4155,1
415B,3
415D,1
416,161
416D,1
417,130
417A,3
417B,2
418,112
418/A,1
418A,2
418B,1
419,89
419A,1
41A,3
41B,2
41C,2
41D,2
41F,1
42,166
42-205,1
42-213,1
420,77
4200,3
42001,1
4201,31
4202,31
4203,38
4204,32
4204D,1
4205,35
4206,26
4207,30
4208,23
4209,16
421,135
421 D,1
4210,18
42102,2
42104,1
42105,1
4211,17
4212,16
4213,5
4214,7
4215,6
4216,1
4217,3
4218,2
422,149
4220,1
42201,3
42202,3
42204,2
42205,2
42206,3
4222,2
4223,1
4224,4
4225,1
4226,2
4227,1
4228,3
4229,1
422A,1
423,114
4230,3
4231,2
4232,1
4233,1
4234,2
4235,2
4236,1
4237,1
4239,1
424,120
4240,3
4241,3
4242,3
4246,1
4249,1
425,79
4251,1
4259,1
425B,2
426,68
4264,1
4265,1
4266,1
4269,1
427,72
4272,1
4274,1
4275,1
4276,1
4277,2
4279,2
428,75
4281,3
4284,1
4287,1
4289,1
429,37
4291,1
4293,1
4297,1
42A,4
42B,3
42C,4
42D,3
42E,1
42G,2
43,156
43-102,1
430,38
4300,4
4301,25
4302,25
4303,25
4304,25
4305,19
4306,16
4307,23
4308,14
4309,21
431,46
4310,13
43101,2
43102,2
43104,4
43106,1
4311,22
4312,11
4313,10
4314,6
4315,1
4316,3
4317,2
4319,2
431C,1
432,43
43201,2
43202,3
43203,2
43204,1
43206,1
433,43
433B,1
433D,1
434,47
435,40
436,35
437,43
437B,1
438,38
439,22
439A,1
43B,1
44,169
44-103,1
44-104,2
44-106,2
44-202,1
44-203,1
440,17
4400,6
4401,17
4402,14
4403,9
4404,9
4405,8
4406,12
4407,14
4408,11
4409,7
441,16
4410,6
44101,1
44102,1
44104,2
44105,1
44106,1
4411,7
4412,7
4413,5
4414,2
4415,2
4417,1
442,19
44201,1
44202,1
44203,1
4426,1
443,20
444,20
445,9
446,12
447,18
447A,1
448,10
448D,1
449,13
44A,2
44W,1
45,165
450,21
4500,2
4501,5
4502,4
4503,5
4506,1
4507,5
4508,1
451,17
451 B,1
4516,1
452,20
453,13
4536,1
454,11
455,12
456,13
4564,2
457,8
458,9
459,6
45A,2
45B,4
45D,2
46,162
460,9
4601,3
4602,1
4603,5
4604,1
4605,1
4606,1
461,12
462,13
463,19
464,10
465,17
466,8
467,15
468,10
469,13
46A,2
47,130
47 05,1
470,10
4700,1
4701,1
4702,2
4703,2
471,11
471B,1
472,5
473,3
474,9
475,9
475A,1
476,9
477,5
478,10
479,4
47A,1
47B,4
47C,2
48,141
48 1/2,2
480,2
4800,1
4801,1
4802,2
481,6
4810,1
4816,1
4818,1
482,6
4820,1
4826,1
483,6
484,3
485,7
486,5
487,6
488,4
489,5
48B,2
49,127
490,1
4902,1
4903,1
491,8
4922,1
4926,1
493,2
494,2
495,3
496,4
497,7
498,4
499,4
49B,3
4A,111
4A2,1
4A6,1
4B,93
4B4,3
4B7,1
4B8,2
4C,42
4D,45
4E,22
4F,25
4G,16
4H,13
4HE,1
4I,5
4J,5
4K,4
4L,3
4M,5
4N,2
4O,4
4O-A,1
4P,1
4Q,4
4S,2
4T,1
4U,1
4V,1
4W,2
5,2517
5-03,1
5-08,1
5-10,1
5-101,2
5-102,3
5-103,6
5-104,1
5-105,3
5-106,4
5-107,2
5-108,2
5-11,1
5-114,1
5-14,1
5-2,1
5-201,3
5-203,6
5-204,3
5-205,3
5-206,1
5-207,1
5-301,1
5-303,2
5-306,1
5-308,1
5-5,2
5-503,1
5-528,1
5-53,1
5-7,1
5-D,1
5-F,1
5 A7,1
5 APT 201,1
5 C,1
50,108
500,46
500-9,1
5000,4
5002,4
5003,3
5004,2
5005,1
5006,4
5007,1
5008,1
5009,2
500A,1
500B,3
501,307
501-SW,1
501 D,1
5011,2
5012,4
5016,1
501A,1
501B,1
501C,1
502,276
502 B,1
502A,2
502B,1
502D,2
503,250
503 ELL,1
503D,1
504,242
5042,1
504B,2
505,221
505 B,1
5050,1
505B,1
505D,1
506,193
506 D,1
506A,1
507,199
507B,1
508,183
508 B,1
5082,1
508A,1
508B,1
508C,1
509,142
50B,1
51,136
51 APT 4,1
510,179
5100,3
5101,30
5102,25
5102B,1
5103,29
5103D,1
5104,42
5105,25
5106,33
5107,11
5108,17
5109,8
510A,1
511,174
5110,11
5111,8
5112,9
5113,3
5114,2
5115,4
5116,2
5117,6
5118,2
5119,2
511B,1
511D,1
512,161
5120,4
5121,2
5122,4
5123,1
5124,2
5125,1
5126,1
5127,4
5129,3
512C,1
512D,2
513,129
5131,1
5132,1
5133,1
5134,3
5135,1
5136,1
5138,1
513A,1
513B,1
513C,2
513D,1
514,117
5140,1
5141,3
5142,1
5143,3
5144,1
5145,2
5146,3
5147,1
5148,1
5149,1
514C,1
515,80
5150,2
5151,1
5152,2
5153,1
5154,1
5155,1
5156,1
5157,5
5158,1
5159,4
515A,1
515B,1
516,128
5160,2
5161,1
5162,1
5163,2
5164,2
516A,1
516D,1
517,94
517-B,1
518,96
518B,2
519,52
519A,2
51A,1
51D,1
51E,1
52,114
520,69
5200,5
5201,28
5202,32
5203,24
5204,34
5205,29
5206,43
5207,18
5208,16
5209,8
521,103
5210,12
5211,13
5212,12
5213,3
5214,5
5216,8
5217,3
5218,2
5219,2
522,94
5220,2
5221,1
5222,1
5224,3
5226,1
5227,3
5228,4
5229,1
522A,1
523,77
5230,1
5231,2
5232,2
5233,1
5234,2
5236,1
5237,1
5238,1
5239,2
524,95
5240,3
5242,2
5243,1
5244,4
5245,4
5246,2
5247,4
5248,2
5249,2
524A,1
525,52
5250,3
5251,1
5252,1
5255,1
5257,2
5259,3
526,58
5261,2
5264,1
527,43
528,43
528A,1
529,17
52B,2
53,142
530,12
5300,3
5301,19
5302,19
5303,21
5304,21
5305,19
5306,18
5307,15
5308,16
5309,6
531,32
5310,11
5311,15
5312,8
5313,3
5314,7
5316,5
5317,2
5318,3
5319,2
531B,1
532,38
5320,3
5324,1
5326,4
5327,1
5328,3
533,26
5330,2
5332,1
5334,1
5338,1
534,25
534 A,1
5340,1
5341,2
5342,1
5343,3
5344,1
5345,1
5348,1
5349,3
535,24
5350,1
536,30
5360,2
5361,1
5363,2
537,26
538,14
539,11
53B,2
54,127
540,15
5400,8
5401,7
5402,15
5403,8
5404,5
5405,3
5406,7
5407,7
5408,9
5409,13
541,15
5410,9
5411,9
5412,10
5413,1
5414,1
5416,1
5418,2
542,20
5420,1
5424,1
5426,1
5427,1
5428,1
543,7
5430,1
5432,2
5434,1
5436,1
5438,1
5439,1
543A,1
544,11
5440,1
5441,1
5443,2
5444,3
5446,1
5448,1
545,15
545 S,1
5454,1
5457,2
546,8
5462,1
5463,2
5464,1
547,6
548,12
549,5
54A,1
54B,2
55,131
550,6
551,9
551 STOUFF,1
5514A,1
551S OSW,1
552,4
552A,1
553,9
554,13
554 STOUFF,1
555,7
556,8
5562,1
557,8
558,7
559,8
559-A,1
55A,1
55W,2
56,105
560,8
561,11
561B,1
562,5
563,4
564,4
565,6
566,5
567,3
568,3
569,8
5691,1
56B,1
57,112
570,1
571,3
572,1
573,5
574,4
575,6
576,5
577,2
578,8
579,2
58,114
580,3
5800,1
581,4
582,10
583,2
584,1
585,2
586,4
587,2
588,4
589,3
58B,1
58D,1
59,101
590,2
591,1
592,3
594,4
595,4
596,2
597,2
5989,1
599,1
59B,1
59D,1
5A,89
5A-7,1
5A1,2
5A3,1
5A7,1
5B,80
5B4,1
5B6,1
5B9,2
5C,29
5D,26
5E,24
5F,15
5G,9
5H,8
5I,5
5J,4
5K,2
5L,2
5N,1
5O,1
5P,3
5Q,2
5R,2
5S,2
5T,1
5V,1
5W,1
5Z,1
6,2321
6-1,1
6-102,1
6-104,2
6-105,2
6-106,4
6-107,1
6-108,2
6-2,1
6-201,3
6-203,2
6-204,3
6-205,2
6-206,2
6-207,1
6-301,1
6-302,1
6-303,1
6-304,1
6-305,3
6-307,1
6-622,1
6-626A,1
6-635A,1
6-635B,1
6-B,1
6-D,1
6-G,1
6 - 207,1
6 APT23,1
60,101
600,25
6001,1
6002,4
6004,3
6005,1
6006,3
6007,1
6008,3
601,228
601-1,1
601 S D,1
6010,3
602,226
602D,1
603,196
604,205
605,173
6053,1
605A,1
606,172
60611C,1
607,164
608,134
609,115
609A,1
60A,1
60B,3
60D,1
61,131
610,115
6100,1
6101,22
6102,26
6103,20
6104,17
6105,18
6106,27
6107,17
6108,20
6109,9
610A,1
611,134
6110,5
6111,4
6112,8
6113,3
6114,3
6115,1
6116,2
6117,1
6119,4
611A,2
611B,1
612,163
612 HASH,1
612B,1
613,109
613B,1
614,116
6140,1
615,106
616,88
616A,1
617,76
618,60
618-1,1
619,27
62,102
620,41
6200,2
6201,28
6202,29
6203,29
6204,21
6205,28
6206,32
6207,21
6208,19
6209,8
621,50
621 C,1
6210,11
6211,6
6212,16
6213,5
6214,2
6216,4
6217,3
6218,1
6219,1
622,62
623,51
623C,1
624,47
625,43
625B,1
625C,1
626,41
627,32
627B,1
628,37
629,7
63,90
630,7
6300,1
6301,21
6302,15
6303,13
6303A,1
6303B,1
6304,16
6305,11
6306,14
6307,9
6308,13
6309,9
631,22
6310,10
6311,7
6312,9
6313,4
6314,2
6315,1
6316,3
6317,1
6318,1
6319,2
631A,1
632,22
632A,1
633,14
634,27
634B,1
635,27
635B,1
636,19
637,12
6373,1
638,17
639,5
63A,1
64,103
640,7
6401,7
6402,4
6404,4
6405,3
6406,8
6407,3
6408,3
6409,4
641,4
6410,5
6411,3
6412,7
6413,4
6414,1
6416,2
6417,2
642,4
643,3
644,3
6442H,1
646,1
648,2
649,1
65,105
650,2
652,1
653,1
653B,1
654,2
656,3
657,1
659,1
66,108
66-B,1
661,1
6617,1
66202,1
66215,1
6635,1
664,1
6647,1
665,3
666,2
6661,1
6669,1
67,78
670,2
671,1
674,1
67B,2
68,73
684,1
685,1
689,1
69,79
6A,65
6A1,1
6A2,1
6A7,1
6B,72
6B10,1
6B3,1
6B4,2
6B9,1
6C,21
6C6,1
6D,19
6E,12
6F,7
6G,6
6H,7
6I,2
6IK,4
6J,1
6K,2
6L,2
6M,1
6N,2
6O,1
6Q,3
6R,1
6S,1
6T,1
6W,3
6X,1
6Y,1
7,1886
7-1,1
7-101,2
7-102,2
7-103,1
7-104,1
7-105,1
7-106,3
7-202,2
7-203,3
7-204,4
7-206,2
7-305,1
7-308,1
7-722,1
7-723A,1
7-B,1
7-K,1
70,75
700,21
700-1,1
7001A,1
7001B,1
700A,1
700B,1
701,201
7015,1
702,205
703,173
704,170
705,154
706,148
706A,1
706E,1
707,121
707T,1
708,135
708B,1
708C,1
709,105
709A,1
709E,2
70A,1
70B,3
71,94
710,99
7101,17
7102,26
7103,20
7104,25
7105,9
7106,27
7107,11
7108,12
7109,8
711,134
7110,11
7111,8
7112,6
7113,1
7114,4
7115,2
7117,2
7119,2
712,118
712-2,1
7121,1
712A,1
713,91
7131,1
713B,1
714,108
715,79
715 E,1
715A,1
715B,1
715C,1
716,80
7160-2,1
717,60
717B,1
718,65
719,38
72,86
720,37
7200,1
7201,25
7202,21
7203,15
7204,22
7205,21
7206,20
7207,10
7208,17
7209,9
721,69
721 C,1
7210,9
7211,10
7212,8
7213,6
7214,3
7216,1
7217,3
7218,2
7219,1
721D,1
722,70
7220,1
7221,1
7222,1
723,65
7234,1
724,63
725,24
725C,1
726,36
727,22
728,38
729,11
729B,1
73,72
73-75,1
730,9
7301,12
7302,9
7303,13
7304,9
7305,12
7306,16
7307,9
7308,5
7309,7
731,28
7310,7
7311,7
7312,8
7313,3
7314,7
7315,2
7316,2
7317,3
7318,3
7319,1
732,24
7321,1
7322,1
733,14
733A,1
734,20
734-A,1
734-B,1
735,13
736,22
737,17
738,16
739,5
73A,1
74,79
740,6
7400,1
7401,6
7402,11
7403,6
7404,7
7405,2
7406,4
7408,3
7409,3
741,2
7410,2
7411,5
7412,4
7413,2
7414,1
742,2
745,1
746,2
747,2
749,2
749 D,1
7494,1
74A,1
75,84
751,2
751 B,1
753,1
754-3,1
755,2
757,1
758,1
759,2
75A,1
75B,2
76,83
760,1
764,2
765,1
76A,1
76B,1
77,48
774,1
778,1
77A,1
77B,3
78,75
783,1
78B,1
79,58
792,1
795,1
797,1
798,2
7A,50
7B,67
7B7,1
7B8,1
7C,26
7D,22
7E,17
7F,16
7G,4
7H,7
7I,4
7J,2
7K,1
7L,1
7M,5
7N,3
7O,1
7P,4
7Q,3
7R,1
7U,1
7W,2
7Z,1
8,1856
8-101,2
8-102,2
8-103,1
8-105,1
8-108,1
8-11,1
8-203,2
8-204,4
8-206,2
8-301,1
8-303,1
8-31,1
8-814,1
8-838C,1
8-B,1
8-I,1
8 - 304,1
8 APT29,1
8 B,2
80,56
800,20
801,178
802,173
802-14,1
8022,4
802A,1
803,183
804,152
8048,2
805,153
806,137
807,119
808,109
809,86
809B,1
81,89
810,77
8100,1
8101,15
8102,23
8103,19
8104,15
8105,14
8106,22
8107,11
8108,16
8109,5
811,119
8110,9
8111,7
8112,6
8113,3
8114,1
8115,2
8116,1
8118,1
812,110
8120,3
8121,2
8123,2
813,81
8133,1
814,92
815,58
816,82
817,44
818,60
819,22
8195,1
82,83
820,24
8200,2
8201,20
8202,20
8203,22
8204,18
8205,22
8206,18
8207,8
8208,13
8209,4
821,59
8210,5
8211,5
8212,6
8213,11
8214,2
8217,5
8218,1
8219,1
822,57
8221,1
8222,1
8223,1
822A,1
822C,1
823,51
824,63
825,29
8252,1
825A,1
826,21
827,31
828,26
829,7
82A,1
83,84
830,4
8300,2
8301,4
8302,9
8303,6
8304,9
8305,9
8306,7
8307,4
8308,13
8309,8
831,26
8310,8
8311,4
8312,2
8313,3
8314,5
8316,1
8319,1
832,24
8320,2
8322,1
833,22
834,16
834-B,1
835,13
836,19
837,12
838,10
839,4
83B,2
84,77
8401,2
8402,6
8403,1
8404,3
8405,3
8406,4
8407,3
8408,3
8409,2
841,1
8410,4
8412,1
8413,2
8414,2
842,1
844,1
846,2
847,2
849,4
8490C,1
8499,1
84B,1
85,67
850,1
852,2
853,2
854,1
859,2
86,67
87,63
8708,1
872,1
8737,1
8745,1
8748,1
8749,1
8755,1
8757,1
8759,2
8767,2
877,1
878,1
8783,1
88,59
8801,1
8803,2
8807,1
8810,1
8823C,1
8829,1
885,1
88A,1
89,66
8902,1
891,1
895,1
897,1
899,1
8A,52
8A1,1
8A2,1
8B,64
8C,30
8C11,1
8C5,1
8C6,1
8D,16
8E,10
8F,14
8G,4
8H,3
8I,2
8J,2
8K,2
8L,1
8M,2
8N,1
8O,1
8R,1
8U,1
8W,2
9,1346
9-1,1
9-101,4
9-102,1
9-103,4
9-104,3
9-105,2
9-106,2
9-202,1
9-203,1
9-206,1
9-302,1
9-304,2
9-305,1
9-306,1
9-931,1
9-931C,1
9-933,1
9-G,1
9 APT 4,1
9#2206,1
90,52
900,20
900A,1
900B,1
901,164
901C,1
902,157
903,131
9038,1
904,149
905,113
905A,1
906,104
907,78
908,96
909,67
91,74
910,59
9101,16
9102,18
9103,11
9104,17
9105,15
9106,22
9107,11
9108,12
9109,3
911,95
9110,5
9111,4
9112,9
9114,3
9115,2
9117,2
9118,6
9119,3
912,95
9120,1
9121,2
9122,1
9123,1
913,67
9134,1
914,63
915,66
916,54
917,47
917-B,1
918,35
919,20
91B,1
92,58
920,18
9201,18
9202,14
9203,17
9204,21
9205,15
9206,16
9207,8
9208,11
9209,7
921,53
921 C,1
9210,7
9211,4
9212,7
9213,4
9214,1
9215,2
9216,2
9217,2
9219,1
921B,1
922,54
9221,7
9222,1
9223,1
9227,1
923,55
924,62
925,18
925A,1
926,24
927,26
928,21
9283,1
929,7
93,82
930,1
9301,6
9302,5
9303,5
9304,11
9305,5
9306,4
9307,6
9308,1
9309,3
931,21
9310,3
9311,3
9312,4
9313,2
9314,3
9315,2
9316,3
9317,3
9318,5
9319,2
932,19
9320,1
9321,2
9322,3
932C,1
933,18
934,15
934B,1
935,16
9357,2
936,15
937,15
938,10
939,4
94,67
940,3
9409,1
941,3
9410,1
942,1
943,2
944,1
946,5
947B,1
95,72
951,1
958,1
9584,2
95A,2
95B,2
96,56
961,1
96B,1
97,72
98,56
981,1
985,1
989,1
99,48
9909,1
99A,4
99B,1
99C,1
9A,48
9A7,1
9A8,1
9B,38
9B4,1
9B6,1
9B9,1
9BC,2
9C,28
9D,15
9E,5
9EF,1
9F,8
9G,2
9H,3
9I,2
9IK,1
9J,2
9K,3
9L,1
9M,1
9N,2
9P,2
9Q,1
9R,2
9T,1
9U,4
9W,4
9Z,2
A,5798
A-02,3
A-03,2
A-04,1
A-06,1
A-07,2
A-08,1
A-09,1
A-1,9
A-10,3
A-101,2
A-104,2
A-105,1
A-107,1
A-11,4
A-12,1
A-13,2
A-14,3
A-15,2
A-16,1
A-17,1
A-2,6
A-200,1
A-201,4
A-207,1
A-24,1
A-26,1
A-3,11
A-302,1
A-3040,1
A-349,1
A-38,1
A-4,11
A-405,1
A-407,1
A-42,1
A-424,1
A-49,1
A-5,4
A-6,6
A-63,1
A-64,1
A-7,3
A-8,4
A-808,1
A-87,1
A-9,1
A - 1,1
A 103,1
A 13,1
A 15,1
A 2,1
A 201,1
A 206,1
A 307,1
A 308,1
A 4,2
A 402,1
A 5,1
A BOX7,1
A/13,1
A001,2
A002,1
A003,1
A004,2
A007,1
A01,2
A03,3
A04,1
A05,2
A06,2
A07,2
A08,4
A09,1
A1,147
A1-202,2
A1-203,1
A1-301,1
A1-302,2
A1-303,1
A1-304,1
A10,18
A100,2
A1001,3
A1002,1
A1003,1
A1004,1
A1005,1
A1007,1
A1009,1
A101,17
A1010,1
A102,22
A103,16
A104,15
A105,15
A105A,1
A106,19
A107,10
A108,8
A109,2
A11,32
A110,4
A1102,1
A1104,1
A1106,1
A1107,1
A111,3
A112,3
A113,4
A11301,1
A12,33
A120,2
A1201,1
A1202,1
A1203,1
A1204,1
A1206,1
A1207,1
A1208,1
A1209,1
A124,1
A127,1
A12A,1
A13,14
A1301,2
A1302,3
A1303,2
A1305,4
A1306,1
A14,31
A140,1
A1403,1
A1404,5
A1405,5
A1406,4
A15,26
A1501,4
A1503,3
A1504,4
A1505,4
A1506,2
A16,11
A165,1
A17,8
A18,15
A19,7
A2,124
A2-3,1
A20,15
A200,2
A201,13
A2012,1
A202,13
A2020,1
A203,23
A20321,1
A204,17
A2040,1
A205,14
A206,18
A207,16
A208,15
A20812,1
A209,4
A21,11
A210,2
A21001,1
A211,1
A212,2
A2120,1
A212E,1
A213,2
A215,1
A218,1
A2190,1
A22,10
A221,1
A23,8
A2301,4
A2302,2
A2303,4
A2304,1
A2305,1
A2306,3
A23A,1
A24,11
A2402,3
A2404,1
A2405,1
A2406,1
A25,7
A2501,6
A2503,1
A2504,3
A2505,3
A2506,1
A26,7
A27,2
A28,10
A29,2
A2B,1
A3,114
A30,7
A300,1
A301,16
A3011,1
A301A,1
A302,8
A30202,1
A303,12
A304,16
A305,13
A306,9
A307,10
A308,12
A309,7
A3090,1
A31,2
A310,7
A311,5
A312,2
A313,2
A314,1
A32,9
A320,1
A32101,1
A322,1
A328,1
A33,4
A34,4
A35,10
A353,1
A36,5
A37,4
A38,3
A39,3
A4,104
A40,6
A401,7
A402,1
A403,1
A404,3
A405,3
A4052,1
A406,2
A407,6
A40722,1
A408,4
A409,2
A41,2
A410,2
A411,6
A412,2
A41202,1
A4190,1
A42,4
A42102,1
A43,1
A44,3
A45,2
A46,2
A48,1
A49,1
A5,65
A50,1
A5011,1
A5012,1
A503,1
A504,1
A509,1
A510,2
A51201,1
A516,1
A519,1
A53,2
A54,1
A546,1
A55,7
A552,1
A559,1
A56,3
A57,4
A58,1
A59,3
A6,77
A60,3
A601,1
A602,1
A603,1
A604,1
A606,1
A607,2
A608,1
A61,6
A610,1
A612,1
A63,1
A64,1
A65,1
A66,1
A67,1
A68,1
A69,1
A7,57
A701,1
A702,1
A705,1
A71,3
A720,1
A73,1
A74,4
A75,4
A76,3
A77,1
A78,2
A79,3
A8,41
A80,2
A801,1
A802,1
A803,1
A806,1
A809,1
A81,2
A810,1
A82,2
A84,2
A85,2
A86,1
A87,1
A88,1
A89,1
A9,25
A90,1
A903,1
A904,1
A905,1
A909,1
A92,2
A93,1
A935,1
A94,2
AA,2
AA-1,1
AA-3,1
AA-6,2
AA11,2
AA12,1
AA15,1
AA17,1
AA2,2
AA3,2
AA5,5
AA6,2
AA7,1
AA9,1
AB,2
AC,2
AD,2
AG1,1
AL-26,1
AL-D11,1
AL 31,1
AL114,1
AL14,2
AL202,1
AL21,2
AL310,1
AP49,1
APT,3
APT #1,1
APT 0,1
APT 1,7
APT 10,1
APT 103,1
APT 105,1
APT 106,1
APT 109,1
APT 113,1
APT 114,1
APT 117,1
APT 12,1
APT 121,1
APT 15,2
APT 1A,1
APT 2,3
APT 201,2
APT 202,1
APT 203,3
APT 207,2
APT 209,2
APT 212,2
APT 215,2
APT 216,1
APT 2A6,1
APT 2D,1
APT 3,3
APT 321,1
APT 322,1
APT 3A,1
APT 4,2
APT 407,1
APT 41,1
APT 4D,1
APT 5,2
APT 6,1
APT 63,1
APT 7,7
APT 8,3
APT A,2
APT C,1
APT E4,1
APT32,1
APTD,1
ASPEN 7,1
ASPEN12,1
b,2
B,5497
B-04,1
B-05,1
B-06,2
B-09,1
B-1,5
B-1-7,1
B-10,3
B-101,2
B-102,1
B-107,1
B-108,1
B-11,1
B-12,4
B-13,2
B-18,1
B-19,1
B-2,5
B-202,3
B-203,1
B-204,2
B-206,1
B-208,1
B-21,1
B-23,1
B-24,1
B-3,6
B-302,3
B-310,1
B-33,2
B-34,1
B-39,1
B-4,11
B-5,3
B-6,3
B-7,3
B-8,4
B-9,1
B-UPSTAIRS,1
B - 10,1
B 01,1
B 101,1
B 108,1
B 11,1
B 202,1
B 206,1
B 212,1
B 3,1
B 40,2
B 401,1
B 501,1
B 706,1
B 909,1
B UPPR,1
B!,1
B#23,1
B/APT 2,1
B0,1
B0031,1
B0032,1
B005,1
B007,1
B01,5
B01003,1
B012,1
B0150,1
B02,1
B023,1
B03,1
B04,2
B05,1
B06,4
B08,2
B09,1
B1,150
B10,29
B1003,1
B1004,1
B1006,1
B1007,1
B101,26
B1010,1
B102,21
B103,24
B104,16
B105,14
B1050,1
B106,14
B107,6
B108,16
B109,6
B11,36
B110,9
B1101,1
B1106,1
B1108,1
B111,5
B1110,1
B11101,1
B1112,1
B112,3
B11222,1
B113,4
B1130-1,1
B114,1
B115,2
B116,1
B119,2
B12,36
B120,1
B1203,2
B1205,1
B1206,1
B1207,1
B1209,1
B1210,1
B1211,1
B1212,1
B13,31
B14,15
B15,22
B16,17
B17,13
B18,13
B19,10
B2,131
B20,9
B200,1
B201,28
B202,19
B20202,2
B203,20
B204,16
B205,15
B20502,1
B206,7
B207,12
B208,9
B209,10
B21,8
B210,8
B211,5
B212,10
B213,6
B214,2
B214E,1
B215,2
B216,2
B217,1
B218,1
B22,13
B221,1
B222,1
B223,2
B223B,1
B23,5
B24,16
B25,9
B26,9
B27,7
B28,3
B29,1
B3,120
B30,6
B301,16
B302,11
B302A,1
B303,13
B3031-3,1
B3032,1
B304,14
B305,6
B306,9
B307,7
B308,4
B309,7
B31,6
B310,5
B310B,1
B311,4
B312,3
B313,1
B3141,1
B315,1
B31611,1
B3162,1
B32,7
B33,6
B33121,1
B34,3
B35,4
B36,1
B37,2
B38,2
B39,1
B4,119
B400,2
B401,4
B402,1
B40201,2
B403,3
B40321,1
B404,2
B405,3
B406,2
B407,2
B409,2
B41,2
B411,1
B412,2
B413,4
B4130,1
B45,2
B46,1
B49,2
B5,87
B502,1
B504,1
B507,1
B51,1
B510,1
B512,1
B52,1
B54,1
B6,79
B601,1
B602,1
B603,1
B607,1
B609,1
B610,1
B611,1
B612,1
B7,69
B701,1
B702,1
B703,1
B704,1
B707,1
B708,1
B709,1
B711,1
B712,1
B77,1
B8,46
B802,1
B807,3
B808,1
B810,1
B812,1
B9,42
B906,1
B907,1
B910,1
B911,2
B912,1
BAS-E,1
BASE,3
BASEMENT,3
BASMENT,1
BB,1
BB1,1
BB2,2
BB4,2
BB6,1
BB8,2
BE,1
BE 213,1
BE 319,1
BE223,1
BE227,1
BE336,1
BH1,1
BI,1
BIRCH COTT,1
BSMT,6
BW,1
BX162,1
BX3,1
BX7,1
C,2817
C-00422,1
C-01,2
C-05,1
C-07,1
C-1,7
C-10,1
C-101,4
C-106,1
C-108,1
C-109,1
C-11,2
C-12,1
C-14,1
C-15,2
C-16,1
C-17,1
C-19,2
C-2,13
C-202,1
C-203,2
C-204,1
C-206,1
C-207,1
C-21,1
C-213,1
C-219,1
C-22,2
C-24,2
C-27,1
C-3,5
C-302,1
C-308,1
C-31,1
C-4,8
C-40,1
C-408,1
C-412,1
C-5,6
C-6,5
C-7,5
C-8,6
C-9,2
C-C405,1
C 1,1
C 10,1
C 18,1
C 2,1
C 203,1
C 204,1
C 205,1
C 21,1
C 28,1
C 300,1
C 407,1
C 8,1
C001,2
C001-A,1
C003B,1
C006,1
C006-B,1
C006A,2
C006B,1
C007,1
C007A,1
C009B,1
C01,3
C01001,1
C010A,1
C02,3
C035,1
C05,2
C06,3
C07,2
C08,2
C09,2
C09011,1
C1,124
C10,43
C100,1
C1001,4
C1002,3
C1003,2
C1004,2
C101,11
C1012,1
C102,9
C10202,1
C103,8
C10301,1
C104,14
C105,7
C10502,1
C106,14
C106B,1
C107,17
C108,12
C109,1
C11,36
C110,5
C1100,1
C11011,1
C111,2
C112,1
C113,3
C116,2
C117,3
C118,1
C119,3
C12,38
C120,1
C121,2
C122,1
C124,1
C128,1
C13,25
C14,21
C143,1
C145,1
C15,21
C16,16
C17,12
C18,11
C19,9
C2,115
C20,11
C200,1
C201,19
C202,17
C20201,1
C203,13
C204,13
C205,21
C206,11
C207,14
C208,10
C209,4
C21,15
C210,2
C211,3
C212,4
C213,3
C214,2
C215,1
C216,2
C217,2
C218,1
C219,1
C22,6
C2200,1
C23,6
C233,1
C237,1
C24,14
C25,7
C26,3
C27,9
C28,7
C29,4
C3,103
C30,5
C300,1
C301,12
C302,10
C303,16
C304,13
C3041,2
C305,11
C306,8
C306B,1
C307,4
C308,8
C309,2
C31,6
C310,6
C311,2
C312,4
C313,3
C316,1
C316U,1
C319,1
C32,10
C320,1
C321,1
C322,2
C326,1
C33,5
C330,1
C34,6
C343,1
C35,4
C36,8
C37,4
C38,3
C39,6
C4,89
C40,3
C401,3
C402,1
C404,3
C405,2
C406,3
C407,3
C408,1
C409,2
C41,3
C410,3
C412,1
C413,1
C415,1
C42,1
C43,1
C44,1
C45,2
C47,1
C48,2
C5,67
C50,2
C509,1
C51,1
C510,1
C511,1
C52,2
C53,1
C54,4
C55,4
C56,1
C58,1
C59,1
C6,70
C608,1
C60B,1
C61,4
C7,56
C7-A,1
C8,52
C8 A,1
C9,30
CA,1
CA1,1
CB,1
CC,4
CC11,1
CC4,1
CC6,1
CC7,1
CC8,1
CD,1
CH201,1
CH202,1
CH204,1
CLUB,2
COV-221,1
CT,3
D,2279
D-003,1
D-01,1
D-05,1
D-06,1
D-1,6
D-101,1
D-103,1
D-108,1
D-109,1
D-11,2
D-111,1
D-12,2
D-13,1
D-15,2
D-16,1
D-17,1
D-18,5
D-2,6
D-20,1
D-202,1
D-206,1
D-208,1
D-23,2
D-28,1
D-29,1
D-3,5
D-307,1
D-4,9
D-41,1
D-5,4
D-607A,1
D-65,1
D-68,1
D-69,1
D-7,2
D-8,3
D-D,1
D 10,1
D 2,1
D 202,1
D 3,2
D 6,2
D001,1
D006,1
D01,1
D02,4
D03,4
D04,2
D04010,1
D046,1
D04A,1
D05,2
D06,5
D08,1
D09,1
D1,93
D1-202,1
D10,23
D1001,1
D1003,2
D101,11
D102,8
D103,15
D104,13
D105,5
D106,11
D107,9
D108,5
D11,32
D1106,1
D111,2
D112,1
D113,1
D114,1
D11602,1
D12,26
D125,1
D126,1
D127,2
D128,1
D129,1
D12A,1
D13,21
D130,2
D14,20
D15,16
D156,1
D16,13
D17,7
D18,5
D19,8
D2,121
D20,5
D200,4
D201,14
D202,8
D203,7
D20311,1
D204,20
D205,6
D206,7
D207,8
D208,8
D21,11
D210,1
D211,1
D216,1
D217,2
D218,2
D22,12
D220,1
D224,1
D225,1
D228,1
D23,9
D230,2
D231,1
D231C,1
D233A,1
D239,1
D24,9
D240,1
D249,1
D25,5
D26,7
D27,7
D28,8
D29,4
D3,88
D30,2
D301,8
D302,9
D303,3
D30302.1,1
D304,5
D305,4
D305A,1
D306,2
D306A,1
D307,6
D3071,1
D308,9
D31,5
D310,3
D311,1
D312,2
D317,1
D318,1
D32,4
D324,2
D325,1
D326,1
D327,2
D329,1
D33,1
D330,1
D3336,1
D34,4
D35,3
D36,1
D37,8
D38,2
D4,96
D40,3
D402,4
D403,1
D404,3
D405,1
D40504,1
D406,2
D407,2
D408,1
D4082,1
D409,1
D41,1
D410,3
D412,2
D413,1
D414,1
D415,1
D416,1
D417,1
D418,2
D42,2
D420,1
D421,1
D43,4
D44,1
D45,3
D46,5
D47,2
D48,1
D5,65
D50,3
D501,1
D50201,1
D503,1
D504,1
D50422,1
D505,1
D506,1
D507,1
D508,1
D509,1
D5090.2,1
D50901,1
D51,1
D510,1
D57,1
D59,1
D5H,1
D6,56
D62,1
D63,2
D65,2
D67,1
D68,1
D69,1
D7,46
D70,1
D74,1
D75,1
D78,1
D79,2
D8,35
D80,1
D81,1
D8101,1
D84,1
D85,1
D9,21
DC,1
DD1,3
DD2,1
DD4,3
DD5,1
DD6,1
DD7,2
DH-202,1
DL719,1
DORM A,1
DOWNS-336,1
DOWNSTAIRS,1
DW4,1
DXC,1
E,958
E-02,1
E-1,4
E-101,1
E-106,2
E-110,1
E-12,1
E-13,1
E-131,1
E-14,2
E-15,2
E-16,2
E-1A,1
E-2,4
E-202,1
E-204,1
E-21,1
E-24,1
E-3,6
E-36,1
E-4,6
E-5,3
E-6,4
E-7,6
E-8,2
E-9,1
E 144,1
E 18,2
E 205,1
E 6,1
E001,2
E002,1
E003,1
E007,1
E01,1
E02,3
E04,3
E05,1
E053,1
E057,1
E06,1
E07,1
E08,1
E09,2
E1,88
E10,28
E1002,3
E101,17
E102,10
E103,9
E104,15
E105,13
E106,7
E106A,1
E107,10
E108,10
E109,5
E11,28
E110,4
E111,3
E112,4
E113,1
E114,3
E115,2
E116,2
E117,2
E118,6
E12,17
E120,1
E1201,3
E1202,1
E1203,2
E1205,2
E1206,1
E1207,1
E1208,2
E1209,2
E121,2
E1210,1
E1211,2
E1212,1
E1213,2
E1214,3
E1215,6
E1216,5
E1217,3
E1218,5
E1219,3
E122,1
E1220,4
E1221,4
E1222,3
E1223,1
E1224,4
E1225,4
E1226,2
E1227,2
E123,1
E124,3
E126,4
E127,1
E129,3
E13,15
E130,4
E131,5
E132,2
E133,2
E134,1
E135,3
E136,2
E137,2
E138,1
E139,1
E13X,1
E14,15
E142,1
E144,1
E145,2
E148,1
E149,1
E15,21
E151,1
E152,1
E156,2
E157,1
E159,3
E16,15
E17,4
E18,5
E19,4
E1B,1
E1C,1
E1E,1
E1F,2
E1W,1
E2,108
E20,12
E201,13
E202,8
E202A,1
E203,7
E204,9
E205,15
E206,7
E207,7
E208,7
E208B,1
E209,2
E21,14
E210,2
E2108,1
E211,2
E212,1
E213,1
E214,1
E216,3
E217,1
E219,1
E22,11
E220,2
E2201,7
E2202,4
E2203,4
E2204,7
E2205,4
E2206,3
E2207,2
E2208,4
E2209,4
E221,1
E2210,3
E2211,2
E2212,2
E2213,2
E2214,1
E2215,1
E2216,2
E2217,1
E2218,4
E2219,3
E222,1
E2220,3
E2221,4
E2222,2
E2223,3
E2224,6
E2225,1
E2228,1
E224,1
E225,4
E226,3
E229,2
E23,10
E230,2
E231,2
E232,1
E234,1
E235,1
E236,1
E24,10
E25,6
E26,5
E27,3
E28,2
E29,3
E2A,1
E2B,1
E2C,1
E2E,1
E2G,2
E2H,1
E3,77
E30,4
E301,3
E302,7
E303,3
E303B,1
E304,6
E305,6
E306,5
E307,4
E308,6
E309,2
E31,3
E310,2
E311,1
E312,4
E316,2
E317,2
E319,1
E32,3
E321,1
E322,1
E324,2
E327,2
E33,6
E330,2
E331,2
E333,2
E334,1
E335,1
E336,2
E34,2
E343,1
E35,5
E36,1
E37,6
E3A,1
E3B,1
E3C,1
E3F,1
E3G,2
E4,76
E40,2
E41,4
E42,3
E46,1
E47,2
E49,1
E4B,1
E4D,2
E4G,2
E5,53
E50,8
E501,1
E503,1
E504,3
E505,1
E506,2
E507,2
E508,1
E51,2
E510,2
E512,1
E513,2
E514,1
E515,1
E517,2
E518,1
E519,2
E52,3
E520,1
E521,1
E523,3
E524,1
E53,2
E54,1
E56,5
E57,1
E58,2
E59,3
E5C,2
E5D,1
E5E,1
E5H,1
E6,40
E60,3
E61,2
E64,1
E65,1
E68,1
E6A,1
E6C,2
E6E,1
E6F,1
E6G,1
E6H,2
E6X,1
E7,47
E72,1
E77,1
E79,3
E8,37
E80,1
E81,2
E86,2
E87,1
E88,3
E89,2
E9,20
E90,1
E92,2
E93,3
E95,2
E97,3
E98,3
E99,3
EA,2
EAST,3
EAST 8C,1
EB,1
EC,1
ED,1
EE-1,1
EE2,1
EE3,1
EE4,1
EE6,1
EE8,2
EL 412,1
ELL-957,1
ELL 758,1
ELLS,1
ELLSWORTH,1
EV123,2
EV135,1
EV137,1
EV140,1
EV218,1
EW12,1
EW13,2
EW14,2
EW16,1
EW21,1
EW24,1
F,778
F- 310,1
F-1,2
F-10,3
F-101,1
F-107,1
F-13,1
F-14,1
F-17,1
F-18,1
F-2,2
F-203,1
F-3,3
F-309,1
F-33,1
F-35,1
F-37,1
F-4,4
F-5,1
F-6,2
F-610,1
F-7,1
F-D,1
F 1,2
F`12,1
F001,2
F002,1
F003,1
F004,1
F005,1
F006,4
F01,4
F02,3
F03,4
F04,1
F05,1
F06,2
F067,1
F07,1
F09,1
F1,58
F1 2W,1
F10,14
F100,1
F1001,4
F1002,3
F1003,2
F1004,3
F101,12
F102,7
F103,9
F104,10
F105,7
F106,6
F107,6
F108,4
F109,2
F11,22
F110,5
F111,2
F112,2
F12,12
F124,1
F13,12
F139,1
F14,15
F140,1
F143,2
F144,1
F145,2
F15,9
F15B,1
F16,19
F168,1
F17,6
F18,6
F19,4
F2,84
F20,4
F201,7
F202,11
F203,6
F204,12
F205,7
F206,4
F207,7
F208,3
F209,1
F21,3
F210,2
F211,2
F212,3
F22,6
F23,5
F238,1
F24,12
F240,2
F241,1
F243,1
F25,5
F26,2
F27,2
F28,2
F29,1
F3,54
F30,2
F301,2
F302,5
F303,6
F304,4
F305,7
F306,4
F307,3
F308,4
F309,1
F31,4
F311,2
F312,2
F32,2
F33,3
F338,1
F339,1
F34,1
F340,3
F341,1
F342,2
F343,1
F344,1
F35,2
F36,4
F39,1
F4,55
F401,2
F403,1
F404,2
F405,1
F406,2
F5,43
F504,1
F6,41
F601,1
F602,2
F603,1
F604,2
F606,1
F607,1
F608,2
F61,1
F610,2
F611,1
F613,2
F615,2
F617,2
F619,4
F62,1
F621,1
F622,1
F624,1
F63,1
F64,4
F66,1
F67,1
F68,2
F7,32
F70,2
F72,1
F8,26
F9,14
FF1,1
FF3,1
FF4,2
FF5,2
FF6,1
FF7,2
FF8,2
FL2,1
FLOOR,1
FRNT,1
FRONT,3
G,387
G-07,1
G-1,4
G-10,1
G-11,4
G-12,1
G-17,1
G-18,1
G-2,1
G-201,1
G-204,1
G-207,1
G-3,2
G-4,2
G-5,1
G-6,2
G-9,1
G-C,1
G 163,1
G 707,1
G 709,1
G001,1
G002,1
G003,1
G004,1
G005,2
G01,2
G02,2
G020,2
G022,1
G03,2
G048,1
G050,1
G055,1
G056,2
G057,1
G058,2
G06,5
G07,1
G08,1
G09,2
G1,68
G10,16
G101,8
G102,6
G103,10
G104,6
G105,6
G106,5
G107,2
G108,8
G11,15
G110,1
G111,2
G117,1
G12,18
G121-2,1
G124,1
G125,1
G13,9
G14,9
G146,1
G147,1
G148,2
G15,9
G150,1
G15A,1
G16,5
G17,8
G18,6
G19,3
G2,64
G20,6
G201,6
G201E,1
G202,7
G203,8
G204,9
G205,3
G206,5
G207,4
G208,6
G209,1
G21,6
G210,1
G22,2
G227,1
G23,2
G24,5
G246,1
G247,1
G249,1
G250,1
G251,1
G3,64
G301,6
G302,6
G303,3
G304,1
G305,4
G306,3
G307,1
G308,3
G309,1
G310,3
G346,2
G347,3
G348,1
G351,1
G37,1
G39,1
G4,55
G43,1
G46,2
G47,2
G48,1
G5,32
G59,1
G6,30
G7,22
G701,2
G702,1
G704,1
G706,3
G707,1
G712,1
G713,2
G715,1
G718,1
G719,1
G721,1
G722,1
G723,1
G73,1
G75,2
G76,3
G77,2
G8,29
G82,2
G83,2
G84,1
G9,17
GA,1
GA14,1
GD,1
GG-1,1
GG-7,1
GG1,1
GG2,1
GG3,2
GG5,2
GSP HALL,1
GSP220E,1
H,415
H-03,1
H-06,1
H-1,2
H-10,1
H-11,1
H-18,1
H-2,3
H-20,2
H-204,1
H-208,1
H-23,1
H-3,3
H-308,1
H-4,1
H-5,1
H 11,1
H 18,1
H 412,1
H014,1
H02,1
H024,1
H03,1
H04,1
H05,1
H09,1
H092,1
H1,45
H10,15
H1004,2
H101,6
H102,6
H103,5
H104,4
H105,4
H105-A,1
H106,4
H107,4
H108,3
H109A,1
H11,13
H110,1
H110-B,1
H12,12
H13,8
H14,1
H15,7
H152,1
H153,1
H154,1
H155,1
H156,1
H157,1
H158,1
H16,5
H160,1
H163,1
H17,3
H18,7
H19,1
H2,56
H20,3
H201,8
H202,3
H203,3
H204,2
H205,4
H206,8
H207,2
H208,4
H21,6
H212,1
H215,1
H21B,1
H22,4
H23,4
H24,3
H25,1
H252,2
H253,1
H254,2
H255,1
H256,1
H257,1
H258,1
H26,1
H27,1
H28,1
H3,45
H30,1
H301,1
H302,3
H303,3
H304,2
H305,2
H306,2
H307,1
H308,2
H310,2
H32,1
H33,1
H352,1
H353,2
H354,1
H4,50
H403,1
H42,2
H5,27
H6,26
H7,26
H702,1
H703,1
H710,1
H715,1
H716,1
H725,1
H8,28
H802,1
H803,1
H804,2
H807,2
H809,2
H810,1
H812,1
H85,1
H86,2
H87,2
H89,1
H9,8
H90,1
H92,2
H94,2
H95,3
H96,3
HA 603,1
HARTER HAL,1
HAS-108,1
HAS-647,1
HB,1
HB705,1
HC,1
HC 17A,1
HC 19,1
HC 50,1
HC42,1
HH-3,1
HH4,1
HH6,1
HH7,1
HH8,1
I,111
I-01,1
I-07B,1
I-1,9
I-10,1
I-100,1
I-101,2
I-103,1
I-104,2
I-106,1
I-107,1
I-108,2
I-111,1
I-12,2
I-120,1
I-122,1
I-13,2
I-15,1
I-19,1
I-2,1
I-202,1
I-211,1
I-213,2
I-22,1
I-3,7
I-4,7
I-6,6
I-7,2
I-9,2
I-97,1
I-98,2
I 101,1
I 114,1
I 117,1
I 205,1
I 336,1
I 6,1
I 7,1
I 9,1
I02,2
I03,1
I05,1
I07,1
I08,2
I098,1
I1,22
I10,3
I100,1
I1001,1
I1003,1
I1004,1
I101,3
I102,3
I103,3
I104,3
I106,5
I107,5
I108,1
I109,2
I11,2
I110,1
I111,1
I112,1
I116,2
I118,1
I12,1
I121,1
I123,2
I124,1
I125,1
I126,1
I14,1
I16,1
I16B,1
I17,1
I19,1
I2,23
I20,1
I201,2
I202,1
I203,5
I204,1
I205,2
I206,1
I207,2
I208,1
I209,1
I21,1
I214,1
I217,2
I22,1
I220,1
I221,1
I226,1
I23,1
I24,4
I3,11
I301,2
I302,1
I303,3
I304,1
I305,4
I307,2
I308,3
I311,1
I312,1
I4,14
I5,16
I6,12
I7,8
I8,6
I9,2
I97,1
I98,2
IA,1
II-3,1
II-5,1
II-6,1
II1,1
II4,1
II6,2
II7,1
II8,1
IL1C,1
IL4C,1
IL6B,1
J,210
J-06,1
J-1,2
J-10,2
J-103,1
J-105,1
J-114,2
J-13,1
J-15,1
J-2,1
J-20,1
J-4,1
J-52,1
J-57,1
J-6,1
J-7,1
J-O2,1
J 119,1
J002,1
J01,3
J03,2
J08,1
J09,1
J1,24
J10,5
J102,1
J108,2
J11,4
J110,1
J113,2
J114,1
J115,1
J116,1
J117,2
J12,6
J13,2
J14,5
J15,4
J16,1
J17,2
J18,1
J19,3
J2,36
J20,2
J201,1
J202,1
J203,1
J206,2
J207,1
J208,4
J21,2
J22,2
J23,3
J24,4
J3,23
J303,1
J305,2
J306,1
J307,1
J35,1
J4,25
J5,13
J51,2
J54,1
J55,2
J56,1
J58,2
J59,2
J6,15
J60,2
J63,1
J64,1
J65,2
J66,2
J67,1
J7,14
J8,9
J9,3
J902,1
J903,2
J904,1
J905,1
J907,2
J909,2
J910,1
J911,1
JA,2
JJ-5,1
JJ2,1
JJ3,3
JJ5,1
JJ6,1
JJ8,1
JTA 507,1
JTA303,1
JTD-311,1
K,169
K-05,1
K-09,1
K-1,3
K-11,1
K-13,2
K-15B,1
K-16,1
K-2,1
K-29,1
K-5,1
K 76,1
K02,1
K03,1
K07,1
K1,26
K1-2,1
K10,2
K1002,1
K1004,1
K1005,1
K1007,1
K1008,2
K101,3
K1012,3
K1013,1
K1014,3
K1015,1
K1016,1
K1017,1
K1018,2
K1020,3
K1022,1
K1023,1
K105,1
K106,1
K108,1
K11,7
K12,4
K121,1
K122,1
K123,2
K125,1
K126,2
K128,2
K129,1
K13,2
K131,2
K14,2
K16,1
K17,1
K18,1
K19,3
K2,22
K20,2
K201,1
K202,1
K205,1
K208,1
K21,1
K22,2
K229,1
K23,1
K24,2
K3,18
K301,2
K302,1
K304,3
K305,1
K306,1
K307,1
K4,18
K5,15
K6,17
K7,5
K70,1
K71,2
K72,1
K73,1
K75,1
K76,1
K79,1
K8,11
K80,1
K81,1
K82,2
K84,1
K85,1
K86,1
K88,2
K9,1
KA,1
KA12,1
KB,1
KC,1
KD,1
KK-4,1
KK1,2
KK3,1
KK6,2
KK7,1
L,150
L-03,1
L-04,1
L-1,2
L-10,1
L-11,1
L-13,1
L-158A,1
L-18,1
L-2,1
L-205,1
L-207,1
L-3,1
L-4,2
L-43,1
L-46,1
L-5,2
L-6,1
L-8,1
L-A8,1
L-B8,1
L 08,1
L 3,1
L04,1
L08,1
L1,21
L10,1
L101,1
L102,5
L103,2
L105,1
L106,4
L107,3
L108,1
L11,4
L110,1
L112,1
L113,1
L12,4
L13,3
L135,3
L139,1
L14,5
L141,1
L143,1
L15,1
L157A,1
L159,1
L159B,1
L16,4
L161 A,1
L162-B,1
L163A,1
L164A,1
L18,1
L19,1
L2,19
L201,2
L202,2
L203,1
L204,2
L205,1
L206,1
L207,1
L208,3
L209,2
L21,4
L210,2
L211,1
L22,1
L22A,1
L23,2
L24,3
L3,23
L301,1
L302,2
L303,1
L304,2
L306,1
L308,1
L309,1
L32,1
L4,19
L5,10
L6,8
L7,10
L8,8
LCE4A,1
LEV,1
LEVEL,2
LEW-205,1
LEW-206,1
LEW-413,1
LEW-507,1
LEW-517,1
LEW - 416,1
LEW 307,1
LEW 321,1
LEW304,1
LEW507,1
LL-2,1
LL1,2
LL3,1
LL5,1
LL6,1
LOCATION,1
LOFT,2
LOT #2,1
LOT 1,2
LOT 18,1
LOT 2,1
LOT 20,2
LOT 24,2
LOT 26,1
LOT 3,1
LOT 4,1
LOT 52,1
LOT 6,1
LOT 77,2
LOT 9,2
LOT 94,1
LOT C5,1
LOT D3,1
LOT8,1
LOWER,1
LS,1
LT 5,1
LWR,3
M,77
M-09,1
M-17,1
M-2,2
M-23,1
M-35B,1
M-6,1
M-9,2
M001,2
M003,2
M02,1
M03,1
M07,1
M09,1
M1,22
M10,4
M102,2
M107,1
M11,2
M12,6
M13,3
M14,5
M142,1
M145-1,1
M15,4
M16,1
M17,4
M18,4
M19,7
M2,20
M20,4
M201,2
M202,1
M203,1
M204,1
M206,2
M208,1
M209,1
M21,3
M210,2
M22,4
M23,5
M24,3
M27,1
M29,1
M3,20
M30,1
M31A,1
M33,1
M4,21
M42,1
M5,8
M6,11
M7,10
M8,16
M825,1
M836,1
M841,1
M9,2
MAGC,1
MAIN,1
MANAGER,1
MAR-101A,1
MH,1
MH1,1
MH7,1
MH9,1
MHC5,1
MICHIGIAN,1
MM2,1
MM5,1
MN,2
N,53
N-1,2
N-10,1
N-111,1
N-4,1
N001,2
N002,2
N003,1
N01,1
N03,1
N1,17
N10,5
N10-104,2
N10104,1
N103,1
N104,1
N107,1
N11,3
N110,1
N12,2
N13,2
N14,2
N15,1
N19,1
N2,18
N2-205,1
N203,1
N204,1
N205,1
N206,1
N209,2
N21,1
N210,1
N24,3
N3,14
N326,1
N4,24
N43,1
N5,9
N6,15
N6-105,1
N7,15
N7204,1
N8,9
N9,2
NATION,1
NATION417,1
NH1,1
NN5,1
NN8,2
NORTH,5
NT25,1
O,45
O-01,1
O-107,1
O-20A,1
O-3,2
O-4,1
O-6,1
O0002,1
O1,6
O102,1
O104,1
O105,1
O108,1
O15,1
O16,1
O2,2
O202,1
O203,1
O204,2
O209,3
O21,1
O210,1
O257,1
O3,4
O302,1
O304,1
O305,1
O307,1
O309,1
O4,7
O5,6
O50,1
O6,2
O7,3
O8,2
OFC,19
OFC 41,1
OFFICE,6
OLI1031,1
OO3,1
OO6,2
OSW 401,1
OSW106,1
OSW157,1
OSW209S,1
OSW513,1
OSWALD 516,1
P,36
P-1,1
P-22,1
P-26,1
P-7,1
P001,1
P1,8
P10,1
P106,1
P107,1
P109,1
P11,4
P110,1
P13,1
P14,2
P16,7
P19,2
P2,16
P20,1
P20 B,1
P201,1
P202,1
P204,2
P21,1
P210,2
P22,1
P26,3
P27,3
P3,11
P32,1
P4,7
P5,4
P6,6
P7,2
P8,3
P9,1
PP-2,1
PP1,1
PP2,2
PP4,2
PP5,1
PP6,1
PP7,1
PV 23,1
Q,21
Q002,1
Q004,2
Q1,10
Q101,2
Q102,2
Q103,1
Q104,1
Q105,1
Q108,1
Q11,1
Q167,1
Q2,6
Q203,1
Q204,2
Q206,2
Q209,1
Q210,1
Q3,15
Q4,13
Q5,3
Q6,2
Q7,5
Q8,6
R,30
R-01,1
R-4,1
R 004,1
R 12,1
R 8-B,1
R003-B,1
R008-A,1
R009-A,1
R08,1
R1,9
R10,3
R101,2
R102,1
R103,3
R106,2
R108,1
R11,6
R110,1
R112,1
R114,1
R12,3
R15,1
R171,1
R2,12
R201,1
R202,1
R203,1
R206,1
R207,1
R209,1
R21,1
R210,1
R22,1
R3,9
R301,1
R304,1
R305,1
R306,3
R307,1
R308,1
R309,1
R372,1
R4,10
R5,6
R516,1
R5D,1
R6,6
R7,4
R8,4
R9,2
RD1,1
REAR,7
RM 1,1
RM 101,1
RM 102,1
RM 108,2
RM 110,1
RM 20,1
RW 557,1
RW 558,1
RW305,2
S,20
S-12,1
S-3,1
S-5,3
S - 101B,1
S 452,1
S#11,1
S02B,1
S04,1
S1,7
S10,2
S102,3
S102 A,1
S102 B,1
S103,3
S103-B,1
S103 A,1
S1041,1
S1042,1
S105 A,1
S106,1
S107 A,1
S107 B,1
S108,1
S108-B,1
S109,1
S1092,1
S11,2
S110,1
S1111,1
S1121,1
S113 B,1
S1162,1
S12,2
S1212,1
S1251,1
S1281,1
S1282,2
S1341,1
S1352,2
S1381,2
S1391,1
S1392,1
S14,2
S1411,1
S1492,2
S15,2
S1512,1
S17,1
S19,1
S2,8
S203,1
S205,2
S21,3
S22,1
S24,1
S26,1
S276,1
S3,9
S302,1
S304,1
S310,1
S4,15
S5,9
S6,8
S7,9
S8,5
S9,4
SEL-311,1
SELF 148,1
SELF 154N,1
SELF150N,1
SH-D5090,1
SHOP ONLY,1
SLC145,1
SLC245,1
SLC246,1
SLF-57N,1
SLF 355N,1
SOUTH,7
SS6,1
ST12,1
STO-206,1
STO-564,1
"SUITE,FLOO",3
"SUITE,UN",1
T,7
T-10-1,1
T-14,1
T-19,2
T-3,1
T1,7
T1-1,1
T10,1
T101,3
T102,1
T104,2
T11,5
T12,4
T14,1
T16,1
T17,1
T18,3
T2,9
T20,1
T201,3
T203,1
T204,1
T205,2
T207,2
T208,1
T21,2
T22,4
T23,2
T25,1
T26,1
T27,3
T28,1
T3,11
T30,3
T301,1
T303,1
T307,1
T310,2
T380,1
T4,6
T5,4
T6,8
T7,4
T8,5
T9,2
TC204,1
TEM-204C,1
TROUT,1
U,9
U-27,1
U-7,1
U1,4
U101,1
U105,2
U106,1
U108,1
U109,1
U11,1
U13,1
U2,8
U201,1
U202,2
U204,1
U206,1
U207,2
U209,1
U21,2
U3,5
U303,3
U304,1
U307,1
U4,4
U5,4
U6,3
U7,1
U8,3
UNIT 1,1
UNIT 10 RM,1
UNIT B,2
UP,3
UPPER,6
UPPR,2
UPSTAIRS,5
V,6
V-201,1
V02,1
V03,1
V1,5
V101,2
V103,3
V104,2
V105,2
V107,1
V108,1
V11,1
V110,2
V112,1
V113,2
V114,1
V115,1
V117,2
V121,1
V2,2
V202,2
V204,2
V206,1
V207,2
V208,2
V21,2
V2111-1,2
V24,2
V3,1
V5,2
V6,1
V7,1
V8,1
VV,1
VVB207A,1
VVB207B,1
VVB423A,1
VVC114,1
W,19
W-102,1
W-109,1
W-18,1
W-19C,1
W-2,2
W-20,1
W-209,1
W-216,1
W-222,1
W-505-B,1
W-51,1
W-78,1
W 218,1
W 228,1
W 39,1
W0,2
W004,1
W009,1
W0101,7
W0102,4
W0103,7
W0104,9
W0105,4
W0106,9
W0107,10
W0108,6
W0109,6
W0110,9
W0112,12
W0113,4
W0114,6
W0115,8
W0116,5
W0117,7
W0118,8
W0119,8
W0120,4
W0121,9
W1,6
W10,3
W101,1
W102,3
W103,3
W103A,1
W103B,1
W104,1
W105,1
W106,3
W107,3
W108,1
W109,5
W11,7
W1101,3
W1102,4
W1103,6
W1104,4
W1105,2
W1106,6
W1108,2
W1109,2
W111,5
W1112,2
W1113,3
W1114,5
W1115,1
W1116,7
W1117,5
W1118,7
W1119,2
W112,2
W1120,2
W113,2
W114,3
W115,5
W116,3
W117,2
W118,2
W119,1
W12,7
W121,1
W122,2
W123,1
W124,2
W125,1
W126,3
W127,1
W128,2
W129,2
W13,3
W130,1
W131,1
W132,1
W14,4
W15,2
W16,2
W17,2
W171,1
W18,3
W19,5
W1A,1
W1B,1
W1C,1
W1G,1
W2,12
W20,4
W201A,1
W202,3
W203B,1
W204,5
W206,5
W206A,1
W207,3
W208,1
W208A,1
W209,1
W209A,1
W21,7
W210,3
W2100,6
W2101,5
W2102,8
W2103,5
W2104,7
W2105,11
W2106,9
W2107,10
W2108,10
W2109,10
W210A,1
W211,3
W2110,6
W2112,2
W2113,9
W2114,5
W2115,4
W2116,5
W2117,8
W2118,7
W2119,5
W212,3
W2120,4
W2121,5
W2122,4
W212A,1
W213,1
W213A,1
W214,1
W215A,1
W216,2
W217,3
W218A,1
W219,3
W219A,1
W22,2
W220A,1
W221,1
W222,1
W2227,1
W223,2
W225,3
W226,1
W228,1
W229,1
W23,2
W230,1
W231,2
W232,2
W24,3
W25,2
W26,1
W2A,1
W2C,1
W2F,1
W3,12
W301,4
W302,1
W304,1
W305,2
W306,3
W307,1
W308,3
W309,1
W310,4
W311,5
W312,3
W313,3
W316,2
W317,1
W318,1
W32,2
W321,1
W322,1
W324,1
W326,1
W328,1
W329,1
W330,1
W331,3
W332,1
W35,2
W38,2
W39,1
W3B,1
W3C,1
W3F,1
W3G,1
W3H,1
W4,12
W402,3
W404,2
W405,3
W406,3
W407,1
W408,3
W409,3
W41,1
W410,4
W411,6
W412,3
W413,2
W415,1
W416,1
W417,1
W419,1
W42,3
W420,1
W421,1
W423,1
W43,2
W45,1
W46,1
W47,1
W48,3
W49,1
W4A,1
W4E,1
W4H,1
W5,3
W51,1
W52,1
W53,2
W54,3
W56,2
W57,1
W59,2
W5D,3
W5E,1
W6,4
W60,1
W62,1
W63,1
W64,1
W68,2
W69,2
W6A,1
W6C,1
W6D,1
W6E,1
W6F,1
W6H,1
W7,8
W74,1
W75,2
W77,1
W78,2
W79,3
W8,10
W82,1
W84,1
W86,1
W89,1
W9,2
W91,1
W92,2
W93,1
W94,1
W95,2
W96,1
W97,1
W99,1
WEST,2
WF5,1
WHAL01,1
WV 128,1
X,8
X-10,1
X1,4
X10,1
X11,2
X12,1
X2,1
X22,1
X3,3
X4,3
X5,1
X6,1
X7,3
X8,1
X9,1
Y,5
Y1,2
Y11,1
Y12,1
Y2,1
Y22,1
Y23,1
Y27,1
Y3,1
Y4,3
Y5,1
Y6,1
Y7,1
Y8,1
Y9,4
Z,7
Z 12,1
Z10,2
Z11,3
Z12,3
Z13,1
Z21,1
Z22,1
Z3,2
Z4,2
Z6,2
Z7,1
ZSO,1
