text_res_zip4,Count
,1616470
-571,1
0,1
0000,8707
0001,14
0002,9
0003,8
0004,9
0005,16
0006,16
0007,11
0008,4
0009,2
0010,1
0011,9
0012,14
0013,14
0014,10
0015,9
0016,5
0017,5
0018,2
0019,3
0020,3
0021,8
0022,9
0023,10
0024,15
0025,14
0026,2
0027,9
0028,3
0029,7
0030,5
0031,8
0032,4
0033,9
0034,13
0035,9
0036,6
0037,6
0038,8
0039,4
0040,4
0041,11
0042,13
0043,10
0044,6
0045,8
0046,7
0047,11
0048,3
0049,3
0051,11
0052,10
0053,6
0054,4
0055,10
0056,12
0057,6
0058,5
0059,4
0060,3
0061,6
0062,11
0063,13
0064,4
0065,7
0066,10
0067,5
0068,6
0069,7
0071,10
0072,7
0073,10
0074,8
0075,6
0076,2
0077,3
0078,2
0080,1
0081,8
0082,20
0083,6
0084,16
0085,12
0086,14
0087,12
0088,5
0089,2
0090,1
0091,5
0092,11
0093,10
0094,9
0095,1
0096,5
0097,5
0098,5
0099,4
0100,7
0101,3
0102,15
0103,17
0104,23
0105,6
0106,7
0107,2
0108,2
0109,2
0110,6
0111,11
0112,14
0113,2
0114,15
0115,8
0116,8
0117,8
0118,6
0119,5
0120,1
0121,5
0122,11
0123,20
0124,8
0125,4
0126,1
0127,11
0128,4
0129,2
0130,1
0131,6
0132,9
0133,13
0134,12
0135,10
0136,2
0137,4
0138,3
0139,6
0140,1
0141,3
0142,11
0143,14
0144,7
0145,8
0146,6
0147,5
0149,1
0151,10
0152,10
0153,11
0154,10
0155,6
0156,12
0157,3
0158,7
0159,1
0160,1
0161,8
0162,15
0163,13
0164,17
0165,3
0166,4
0167,2
0168,3
0169,4
0171,7
0172,5
0173,4
0174,14
0175,3
0176,4
0177,4
0179,2
0181,7
0182,8
0183,4
0184,10
0185,5
0186,2
0187,5
0188,7
0189,2
0191,13
0192,7
0193,7
0194,6
0195,10
0197,1
0198,4
0200,5
0201,11
0202,7
0203,7
0204,10
0205,21
0206,10
0207,4
0208,3
0209,2
0211,10
0212,10
0213,11
0214,9
0215,6
0216,10
0217,4
0218,1
0220,1
0221,5
0222,5
0223,3
0224,12
0225,12
0226,6
0227,6
0228,2
0231,3
0232,13
0233,5
0234,5
0235,7
0236,5
0237,3
0238,3
0239,5
0241,5
0242,7
0243,10
0244,8
0245,9
0246,10
0247,8
0248,7
0249,2
0251,6
0252,7
0253,6
0254,6
0255,3
0256,4
0257,2
0258,4
0261,6
0262,7
0263,3
0264,4
0265,9
0266,8
0267,5
0268,2
0269,3
0271,6
0272,4
0273,5
0274,8
0275,9
0276,7
0277,6
0278,1
0279,1
0280,1
0281,2
0282,3
0283,5
0284,7
0285,3
0286,9
0287,1
0288,4
0290,1
0291,4
0292,7
0293,4
0294,10
0295,10
0296,5
0297,2
0298,3
0299,3
0301,2
0302,7
0303,4
0304,7
0305,4
0306,5
0307,4
0308,2
0309,6
0310,10
0311,6
0312,4
0313,3
0314,7
0315,3
0316,3
0317,3
0318,3
0321,5
0322,1
0323,18
0324,6
0325,5
0326,7
0327,2
0328,3
0329,2
0330,3
0331,11
0332,9
0333,3
0334,4
0335,4
0336,7
0337,12
0338,5
0340,1
0342,6
0343,16
0344,5
0345,7
0346,4
0347,7
0348,5
0351,8
0352,5
0353,10
0354,4
0355,4
0356,2
0357,4
0358,1
0360,1
0362,7
0363,4
0364,11
0365,2
0366,14
0367,9
0368,3
0369,4
0370,1
0372,4
0373,5
0374,4
0375,1
0376,5
0377,4
0378,2
0379,3
0380,1
0381,3
0382,4
0383,8
0384,2
0385,8
0386,1
0387,4
0388,5
0389,8
0391,8
0392,7
0393,5
0394,8
0395,3
0396,1
0397,7
0398,4
0399,1
0400,11
0401,10
0402,13
0403,8
0404,5
0405,4
0406,4
0407,2
0408,10
0409,8
0410,2
0411,10
0412,4
0413,9
0414,2
0415,5
0416,6
0417,6
0418,2
0419,4
0420,3
0421,11
0422,6
0423,10
0424,9
0425,5
0426,2
0427,9
0428,1
0429,4
0430,3
0431,3
0432,7
0433,5
0434,8
0435,1
0436,5
0437,2
0438,3
0439,1
0440,1
0441,2
0442,5
0443,2
0444,7
0445,3
0446,1
0447,6
0449,3
0451,7
0452,4
0453,12
0454,1
0455,5
0456,3
0457,2
0458,2
0460,1
0461,8
0462,4
0464,4
0465,2
0466,4
0467,3
0468,1
0469,1
0471,3
0472,2
0474,7
0475,2
0477,3
0478,3
0479,4
0480,4
0481,3
0482,4
0483,3
0484,5
0485,8
0486,3
0488,4
0489,1
0491,4
0493,4
0494,1
0495,2
0496,1
0497,2
0499,2
0501,7
0502,1
0504,7
0505,5
0507,5
0508,5
0509,1
0510,3
0511,2
0512,16
0513,6
0514,3
0515,2
0516,7
0517,2
0518,5
0519,1
0520,2
0522,4
0523,6
0525,2
0526,1
0527,3
0528,5
0529,1
0530,6
0532,1
0533,2
0534,4
0536,1
0537,2
0538,2
0539,1
0540,3
0542,1
0543,1
0544,8
0545,2
0546,3
0547,1
0548,1
0552,3
0553,3
0555,1
0556,4
0558,3
0559,2
0560,2
0561,1
0562,1
0563,4
0565,2
0568,1
0571,1
0572,2
0573,4
0574,2
0575,3
0580,1
0581,1
0582,3
0583,5
0584,2
0585,2
0586,5
0587,4
0589,1
0591,1
0592,2
0593,1
0594,3
0598,2
0599,1
0600,8
0601,7
0602,2
0603,1
0604,2
0605,5
0606,5
0607,4
0608,5
0609,2
0610,1
0612,3
0613,4
0614,2
0615,8
0616,3
0617,2
0619,1
0620,1
0621,2
0622,3
0623,3
0624,2
0625,1
0628,1
0629,2
0630,1
0632,1
0633,4
0634,2
0635,6
0636,2
0638,2
0639,3
0640,1
0641,3
0642,4
0643,1
0646,3
0647,2
0648,2
0649,1
0651,5
0653,4
0654,4
0655,1
0661,4
0662,2
0663,2
0664,3
0665,2
0668,1
0670,1
0671,2
0673,1
0674,4
0676,1
0681,1
0683,2
0684,1
0685,1
0686,1
0687,2
0688,2
0689,16
0692,2
0693,1
0696,2
0701,8
0702,2
0703,1
0704,6
0705,3
0706,1
0708,2
0709,1
0710,1
0711,2
0712,1
0713,1
0714,1
0715,1
0716,4
0718,1
0721,1
0723,1
0724,3
0726,2
0727,4
0728,2
0729,2
0731,3
0732,3
0733,1
0735,4
0736,1
0741,1
0743,3
0744,1
0745,2
0747,2
0748,1
0749,2
0751,1
0752,1
0753,1
0754,2
0755,2
0756,2
0761,2
0764,1
0765,1
0767,1
0768,3
0769,1
0770,2
0772,3
0774,2
0777,2
0780,2
0781,2
0782,1
0784,3
0785,1
0787,2
0790,3
0791,2
0792,2
0793,1
0794,2
0798,1
0799,1
0800,1
0801,4
0802,1
0804,2
0805,2
0813,2
0814,1
0815,4
0816,1
0817,1
0819,2
0822,1
0823,2
0825,1
0826,1
0827,2
0828,2
0829,1
0831,1
0832,4
0833,2
0834,4
0835,2
0836,1
0839,1
0841,1
0843,2
0844,4
0845,2
0846,2
0850,2
0851,3
0852,1
0853,2
0854,1
0855,1
0859,3
0861,2
0862,4
0865,2
0871,1
0873,1
0874,2
0875,3
0876,2
0877,4
0880,2
0892,2
0900,3
0901,3
0905,1
0907,3
0908,2
0910,1
0911,2
0912,2
0913,7
0915,2
0918,1
0922,1
0923,1
0924,2
0925,2
0929,2
0931,1
0932,1
0933,4
0935,2
0936,1
0938,3
0939,1
0940,1
0941,3
0942,1
0943,3
0946,1
0950,1
0952,2
0953,1
0954,1
0955,2
0956,1
0960,2
0961,2
0962,1
0964,3
0966,3
0967,1
0968,5
0969,1
0972,3
0974,1
0981,1
0982,1
0983,2
0990,1
0991,4
0992,2
0993,4
0995,2
0998,1
1000,58
1001,37
1002,39
1003,50
1004,27
1005,22
1006,37
1007,29
1008,41
1009,38
1010,21
1011,26
1012,24
1013,34
1014,37
1015,19
1016,28
1017,20
1018,21
1019,38
1020,38
1021,33
1022,37
1023,49
1024,46
1025,30
1026,36
1027,28
1028,34
1029,35
1030,30
1031,42
1032,34
1033,25
1034,37
1035,42
1036,38
1037,31
1038,30
1039,39
1040,30
1041,29
1042,33
1043,34
1044,39
1045,32
1046,27
1047,21
1048,26
1049,28
1050,22
1051,29
1052,29
1053,29
1054,16
1055,21
1056,31
1057,15
1058,19
1059,15
1060,20
1061,18
1062,15
1063,18
1064,27
1065,26
1066,34
1067,21
1068,19
1069,17
1070,23
1071,22
1072,12
1073,9
1074,10
1075,20
1076,10
1077,7
1078,5
1079,10
1080,9
1081,11
1082,3
1083,3
1084,7
1085,7
1086,10
1087,8
1088,13
1089,11
1090,4
1091,9
1092,4
1093,10
1094,2
1095,5
1096,4
1097,1
1098,1
1099,6
1100,68
1101,84
1102,67
1103,77
1104,69
1105,81
1106,94
1107,84
1108,105
1109,92
1110,132
1111,98
1112,95
1113,96
1114,70
1115,76
1116,79
1117,80
1118,101
1119,97
1120,93
1121,68
1122,85
1123,92
1124,98
1125,102
1126,94
1127,75
1128,78
1129,67
1130,94
1131,84
1132,78
1133,95
1134,66
1135,87
1136,98
1137,70
1138,95
1139,111
1140,71
1141,65
1142,62
1143,86
1144,78
1145,84
1146,93
1147,77
1148,104
1149,94
1150,107
1151,87
1152,82
1153,75
1154,72
1155,60
1156,59
1157,64
1158,67
1159,98
1160,64
1161,62
1162,57
1163,54
1164,59
1165,34
1166,57
1167,51
1168,52
1169,42
1170,35
1171,41
1172,52
1173,56
1174,48
1175,55
1176,45
1177,39
1178,43
1179,34
1180,21
1181,64
1182,20
1183,33
1184,30
1185,41
1186,55
1187,32
1188,34
1189,21
1190,18
1191,21
1192,8
1193,12
1194,21
1195,10
1196,12
1197,14
1198,19
1199,2
1200,51
1201,64
1202,80
1203,78
1204,83
1205,84
1206,83
1207,79
1208,74
1209,84
1210,84
1211,70
1212,64
1213,66
1214,81
1215,79
1216,76
1217,70
1218,97
1219,82
1220,79
1221,80
1222,86
1223,90
1224,97
1225,95
1226,90
1227,88
1228,117
1229,91
1230,100
1231,86
1232,67
1233,83
1234,105
1235,111
1236,100
1237,104
1238,102
1239,85
1240,114
1241,105
1242,56
1243,57
1244,44
1245,77
1246,91
1247,61
1248,69
1249,66
1250,66
1251,75
1252,66
1253,82
1254,78
1255,54
1256,72
1257,55
1258,51
1259,43
1260,59
1261,63
1262,60
1263,47
1264,51
1265,39
1266,55
1267,41
1268,49
1269,53
1270,45
1271,41
1272,48
1273,31
1274,37
1275,56
1276,50
1277,57
1278,57
1279,34
1280,46
1281,46
1282,28
1283,31
1284,29
1285,22
1286,22
1287,22
1288,9
1289,50
1290,28
1291,35
1292,20
1293,24
1294,19
1295,27
1296,27
1297,16
1298,14
1299,11
1300,52
1301,83
1302,76
1303,80
1304,88
1305,91
1306,101
1307,83
1308,90
1309,73
1310,75
1311,98
1312,77
1313,69
1314,86
1315,80
1316,95
1317,108
1318,93
1319,84
1320,82
1321,98
1322,78
1323,64
1324,84
1325,78
1326,87
1327,98
1328,101
1329,87
1330,83
1331,85
1332,101
1333,107
1334,99
1335,71
1336,92
1337,88
1338,73
1339,88
1340,93
1341,94
1342,81
1343,61
1344,89
1345,92
1346,85
1347,65
1348,84
1349,62
1350,67
1351,80
1352,83
1353,65
1354,66
1355,61
1356,65
1357,61
1358,61
1359,62
1360,62
1361,59
1362,63
1363,74
1364,33
1365,42
1366,41
1367,40
1368,37
1369,34
1370,41
1371,21
1372,36
1373,39
1374,32
1375,29
1376,29
1377,45
1378,31
1379,30
1380,23
1381,31
1382,32
1383,24
1384,23
1385,30
1386,17
1387,39
1388,15
1389,21
1390,25
1391,32
1392,21
1393,39
1394,25
1395,16
1396,22
1397,21
1398,12
1399,19
1400,38
1401,90
1402,94
1403,114
1404,78
1405,99
1406,92
1407,85
1408,67
1409,97
1410,107
1411,92
1412,73
1413,108
1414,97
1415,101
1416,96
1417,92
1418,95
1419,97
1420,100
1421,100
1422,94
1423,96
1424,102
1425,107
1426,99
1427,81
1428,97
1429,106
1430,77
1431,83
1432,101
1433,117
1434,110
1435,108
1436,119
1437,120
1438,95
1439,107
1440,78
1441,128
1442,127
1443,61
1444,114
1445,90
1446,98
1447,106
1448,94
1449,75
1450,73
1451,73
1452,87
1453,71
1454,98
1455,101
1456,72
1457,88
1458,73
1459,59
1460,84
1461,75
1462,82
1463,77
1464,73
1465,59
1466,54
1467,54
1468,54
1469,60
1470,38
1471,53
1472,43
1473,45
1474,47
1475,39
1476,34
1477,31
1478,30
1479,45
1480,29
1481,34
1482,34
1483,43
1484,37
1485,23
1486,40
1487,19
1488,34
1489,22
1490,37
1491,19
1492,40
1493,28
1494,15
1495,27
1496,29
1497,33
1498,18
1499,24
1500,82
1501,95
1502,103
1503,101
1504,138
1505,91
1506,115
1507,120
1508,101
1509,117
1510,125
1511,112
1512,116
1513,105
1514,103
1515,139
1516,114
1517,102
1518,117
1519,125
1520,115
1521,116
1522,107
1523,111
1524,121
1525,123
1526,99
1527,121
1528,114
1529,106
1530,109
1531,168
1532,109
1533,132
1534,138
1535,106
1536,98
1537,126
1538,116
1539,130
1540,136
1541,129
1542,109
1543,99
1544,87
1545,108
1546,103
1547,101
1548,105
1549,87
1550,86
1551,90
1552,110
1553,99
1554,69
1555,71
1556,74
1557,68
1558,58
1559,89
1560,73
1561,46
1562,50
1563,67
1564,35
1565,64
1566,45
1567,40
1568,41
1569,45
1570,34
1571,48
1572,32
1573,47
1574,40
1575,49
1576,43
1577,51
1578,40
1579,31
1580,42
1581,44
1582,28
1583,37
1584,35
1585,24
1586,35
1587,30
1588,33
1589,35
1590,32
1591,23
1592,21
1593,14
1594,11
1595,43
1596,9
1597,14
1598,7
1599,7
1600,74
1601,122
1602,141
1603,111
1604,123
1605,159
1606,139
1607,114
1608,105
1609,127
1610,97
1611,127
1612,107
1613,141
1614,105
1615,133
1616,129
1617,134
1618,97
1619,111
1620,146
1621,160
1622,140
1623,124
1624,141
1625,139
1626,155
1627,106
1628,148
1629,109
1630,126
1631,132
1632,114
1633,117
1634,140
1635,120
1636,119
1637,124
1638,130
1639,142
1640,104
1641,109
1642,120
1643,106
1644,75
1645,106
1646,112
1647,112
1648,111
1649,106
1650,98
1651,95
1652,93
1653,82
1654,92
1655,76
1656,99
1657,70
1658,70
1659,79
1660,51
1661,72
1662,67
1663,70
1664,60
1665,52
1666,61
1667,51
1668,57
1669,48
1670,49
1671,35
1672,54
1673,27
1674,54
1675,48
1676,45
1677,52
1678,32
1679,43
1680,32
1681,21
1682,30
1683,17
1684,15
1685,27
1686,10
1687,20
1688,22
1689,15
1690,23
1691,19
1692,35
1693,20
1694,46
1695,18
1696,26
1697,6
1698,13
1699,6
1700,65
1701,88
1702,106
1703,117
1704,94
1705,84
1706,82
1707,99
1708,107
1709,122
171,1
1710,138
1711,137
1712,143
1713,117
1714,137
1715,158
1716,135
1717,130
1718,134
1719,156
1720,143
1721,112
1722,140
1723,137
1724,124
1725,105
1726,116
1727,108
1728,120
1729,123
1730,114
1731,145
1732,125
1733,112
1734,136
1735,96
1736,105
1737,107
1738,82
1739,104
1740,96
1741,98
1742,107
1743,78
1744,91
1745,77
1746,64
1747,82
1748,87
1749,98
1750,100
1751,93
1752,63
1753,98
1754,100
1755,99
1756,62
1757,106
1758,69
1759,67
1760,51
1761,52
1762,50
1763,73
1764,38
1765,55
1766,55
1767,56
1768,56
1769,50
1770,46
1771,37
1772,37
1773,56
1774,46
1775,36
1776,24
1777,31
1778,38
1779,43
1780,36
1781,33
1782,24
1783,43
1784,23
1785,32
1786,32
1787,28
1788,39
1789,24
1790,13
1791,25
1792,30
1793,20
1794,20
1795,25
1796,20
1797,13
1798,21
1799,10
1800,57
1801,113
1802,133
1803,100
1804,134
1805,110
1806,120
1807,133
1808,130
1809,144
1810,116
1811,124
1812,111
1813,107
1814,100
1815,104
1816,123
1817,111
1818,136
1819,121
1820,110
1821,121
1822,105
1823,150
1824,97
1825,114
1826,125
1827,129
1828,117
1829,112
1830,112
1831,99
1832,101
1833,119
1834,95
1835,90
1836,117
1837,102
1838,78
1839,91
1840,111
1841,79
1842,84
1843,87
1844,87
1845,88
1846,87
1847,70
1848,76
1849,70
1850,72
1851,80
1852,74
1853,79
1854,89
1855,53
1856,62
1857,71
1858,65
1859,49
1860,61
1861,56
1862,28
1863,36
1864,51
1865,51
1866,59
1867,39
1868,39
1869,35
1870,46
1871,31
1872,40
1873,39
1874,35
1875,45
1876,27
1877,26
1878,31
1879,26
1880,56
1881,28
1882,41
1883,24
1884,21
1885,34
1886,29
1887,18
1888,28
1889,36
1890,43
1891,27
1892,15
1893,29
1894,28
1895,15
1896,16
1897,20
1898,12
1899,21
19,1
1900,55
1901,95
1902,118
1903,121
1904,92
1905,120
1906,128
1907,94
1908,88
1909,108
1910,96
1911,107
1912,87
1913,108
1914,114
1915,98
1916,132
1917,141
1918,110
1919,125
1920,127
1921,104
1922,129
1923,92
1924,126
1925,116
1926,98
1927,91
1928,113
1929,96
1930,83
1931,103
1932,95
1933,106
1934,72
1935,84
1936,99
1937,132
1938,101
1939,74
1940,100
1941,86
1942,89
1943,86
1944,71
1945,122
1946,92
1947,73
1948,75
1949,52
1950,83
1951,80
1952,64
1953,53
1954,59
1955,48
1956,65
1957,64
1958,47
1959,56
1960,62
1961,45
1962,48
1963,60
1964,49
1965,40
1966,38
1967,47
1968,53
1969,44
1970,34
1971,22
1972,56
1973,42
1974,33
1975,30
1976,32
1977,19
1978,35
1979,32
1980,40
1981,18
1982,17
1983,27
1984,20
1985,34
1986,21
1987,29
1988,10
1989,16
1990,18
1991,30
1992,11
1993,16
1994,9
1995,16
1996,13
1997,13
1998,13
1999,20
2000,60
2001,91
2002,84
2003,72
2004,101
2005,101
2006,87
2007,87
2008,108
2009,99
2010,99
2011,107
2012,135
2013,109
2014,96
2015,112
2016,101
2017,88
2018,119
2019,103
2020,124
2021,105
2022,92
2023,81
2024,87
2025,122
2026,108
2027,84
2028,83
2029,92
2030,82
2031,92
2032,97
2033,98
2034,90
2035,108
2036,68
2037,71
2038,89
2039,75
2040,87
2041,60
2042,77
2043,98
2044,76
2045,103
2046,94
2047,75
2048,92
2049,90
2050,57
2051,58
2052,74
2053,79
2054,57
2055,47
2056,39
2057,55
2058,45
2059,62
2060,41
2061,43
2062,26
2063,45
2064,32
2065,35
2066,37
2067,38
2068,37
2069,50
2070,19
2071,30
2072,37
2073,42
2074,25
2075,38
2076,31
2077,36
2078,29
2079,27
2080,25
2081,22
2082,19
2083,15
2084,34
2085,22
2086,26
2087,22
2088,35
2089,25
2090,28
2091,16
2092,17
2093,17
2094,23
2095,23
2096,23
2097,16
2098,7
2099,10
2100,57
2101,122
2102,138
2103,145
2104,122
2105,115
2106,137
2107,105
2108,140
2109,107
2110,135
2111,124
2112,113
2113,85
2114,99
2115,147
2116,128
2117,108
2118,118
2119,87
2120,100
2121,114
2122,131
2123,136
2124,113
2125,90
2126,90
2127,106
2128,137
2129,125
2130,129
2131,103
2132,126
2133,124
2134,125
2135,97
2136,129
2137,97
2138,108
2139,101
2140,90
2141,81
2142,107
2143,100
2144,109
2145,68
2146,91
2147,87
2148,87
2149,94
2150,83
2151,92
2152,102
2153,83
2154,81
2155,92
2156,77
2157,72
2158,83
2159,58
2160,63
2161,62
2162,84
2163,70
2164,81
2165,63
2166,95
2167,54
2168,51
2169,45
2170,47
2171,54
2172,52
2173,40
2174,26
2175,58
2176,75
2177,50
2178,46
2179,30
2180,26
2181,41
2182,31
2183,18
2184,25
2185,25
2186,18
2187,23
2188,41
2189,31
2190,18
2191,26
2192,26
2193,25
2194,45
2195,44
2196,12
2197,16
2198,19
2199,12
2200,79
2201,103
2202,111
2203,96
2204,95
2205,128
2206,106
2207,133
2208,156
2209,153
2210,152
2211,127
2212,117
2213,141
2214,147
2215,94
2216,118
2217,84
2218,114
2219,98
2220,103
2221,93
2222,103
2223,72
2224,86
2225,106
2226,109
2227,112
2228,120
2229,107
2230,109
2231,115
2232,110
2233,115
2234,100
2235,91
2236,119
2237,111
2238,92
2239,109
2240,93
2241,102
2242,99
2243,91
2244,95
2245,69
2246,97
2247,89
2248,72
2249,66
2250,106
2251,101
2252,90
2253,58
2254,67
2255,73
2256,72
2257,65
2258,71
2259,62
2260,57
2261,58
2262,39
2263,42
2264,58
2265,57
2266,45
2267,34
2268,41
2269,36
2270,32
2271,39
2272,56
2273,44
2274,46
2275,29
2276,46
2277,48
2278,28
2279,25
228,1
2280,22
2281,31
2282,29
2283,33
2284,29
2285,25
2286,34
2287,19
2288,33
2289,17
2290,24
2291,27
2292,21
2293,22
2294,28
2295,21
2296,11
2297,11
2298,4
2299,15
2300,62
2301,106
2302,93
2303,125
2304,107
2305,125
2306,107
2307,105
2308,109
2309,124
2310,112
2311,104
2312,107
2313,145
2314,134
2315,123
2316,126
2317,116
2318,120
2319,135
2320,103
2321,89
2322,102
2323,118
2324,96
2325,108
2326,112
2327,125
2328,80
2329,106
2330,108
2331,64
2332,110
2333,89
2334,95
2335,89
2336,114
2337,96
2338,108
2339,92
2340,114
2341,94
2342,114
2343,70
2344,84
2345,70
2346,95
2347,92
2348,101
2349,110
2350,58
2351,102
2352,71
2353,69
2354,64
2355,83
2356,78
2357,83
2358,69
2359,48
2360,38
2361,62
2362,46
2363,40
2364,38
2365,23
2366,36
2367,42
2368,21
2369,34
2370,49
2371,40
2372,16
2373,24
2374,32
2375,33
2376,35
2377,48
2378,27
2379,29
2380,24
2381,21
2382,23
2383,45
2384,13
2385,16
2386,20
2387,21
2388,14
2389,10
2390,22
2391,11
2392,12
2393,3
2394,16
2395,17
2396,15
2397,15
2398,16
2399,12
2400,72
2401,94
2402,84
2403,140
2404,120
2405,88
2406,109
2407,130
2408,100
2409,127
2410,86
2411,125
2412,94
2413,99
2414,136
2415,104
2416,96
2417,113
2418,100
2419,101
2420,116
2421,108
2422,101
2423,107
2424,89
2425,117
2426,116
2427,81
2428,126
2429,107
2430,74
2431,94
2432,80
2433,89
2434,89
2435,91
2436,101
2437,128
2438,102
2439,97
2440,93
2441,88
2442,85
2443,78
2444,102
2445,96
2446,80
2447,84
2448,68
2449,79
2450,62
2451,81
2452,82
2453,77
2454,81
2455,80
2456,71
2457,70
2458,64
2459,63
2460,76
2461,49
2462,49
2463,46
2464,37
2465,31
2466,25
2467,30
2468,43
2469,32
2470,37
2471,47
2472,21
2473,45
2474,31
2475,21
2476,26
2477,10
2478,7
2479,19
2480,8
2481,19
2482,18
2483,10
2484,17
2485,12
2486,12
2487,4
2488,6
2489,3
2490,5
2491,5
2492,6
2493,6
2494,13
2495,10
2496,23
2497,12
2498,16
2499,12
2500,80
2501,83
2502,100
2503,89
2504,136
2505,130
2506,106
2507,81
2508,106
2509,136
2510,117
2511,82
2512,106
2513,84
2514,106
2515,119
2516,103
2517,120
2518,111
2519,100
2520,122
2521,114
2522,102
2523,93
2524,99
2525,122
2526,111
2527,75
2528,118
2529,87
2530,100
2531,95
2532,88
2533,85
2534,91
2535,81
2536,91
2537,102
2538,105
2539,88
2540,97
2541,90
2542,88
2543,97
2544,102
2545,93
2546,63
2547,86
2548,71
2549,101
2550,70
2551,86
2552,61
2553,74
2554,71
2555,71
2556,97
2557,61
2558,83
2559,84
2560,73
2561,63
2562,73
2563,76
2564,67
2565,40
2566,43
2567,45
2568,45
2569,37
2570,35
2571,46
2572,44
2573,42
2574,39
2575,49
2576,28
2577,22
2578,26
2579,32
2580,19
2581,19
2582,24
2583,21
2584,24
2585,16
2586,26
2587,33
2588,23
2589,19
2590,13
2591,17
2592,15
2593,17
2594,23
2595,20
2596,26
2597,35
2598,22
2599,10
2600,36
2601,73
2602,96
2603,103
2604,103
2605,95
2606,90
2607,110
2608,110
2609,104
2610,124
2611,89
2612,101
2613,127
2614,95
2615,134
2616,104
2617,95
2618,116
2619,93
2620,90
2621,123
2622,93
2623,98
2624,128
2625,115
2626,118
2627,111
2628,123
2629,91
2630,88
2631,115
2632,120
2633,98
2634,104
2635,113
2636,112
2637,117
2638,122
2639,99
2640,100
2641,106
2642,70
2643,98
2644,75
2645,87
2646,83
2647,100
2648,72
2649,82
2650,101
2651,81
2652,86
2653,78
2654,78
2655,90
2656,64
2657,56
2658,58
2659,59
266,1
2660,68
2661,48
2662,51
2663,35
2664,43
2665,25
2666,24
2667,46
2668,58
2669,25
2670,29
2671,45
2672,26
2673,26
2674,37
2675,23
2676,17
2677,20
2678,17
2679,21
2680,17
2681,34
2682,20
2683,23
2684,22
2685,18
2686,34
2687,21
2688,18
2689,27
2690,26
2691,10
2692,27
2693,20
2694,22
2695,11
2696,37
2697,16
2698,16
2699,8
2700,67
2701,95
2702,75
2703,86
2704,82
2705,93
2706,94
2707,140
2708,94
2709,94
2710,112
2711,80
2712,97
2713,108
2714,115
2715,114
2716,100
2717,167
2718,100
2719,130
2720,93
2721,106
2722,106
2723,123
2724,115
2725,73
2726,84
2727,109
2728,134
2729,105
2730,101
2731,88
2732,98
2733,88
2734,97
2735,73
2736,93
2737,83
2738,94
2739,80
2740,91
2741,101
2742,89
2743,80
2744,81
2745,56
2746,51
2747,66
2748,72
2749,61
2750,76
2751,44
2752,95
2753,72
2754,52
2755,30
2756,56
2757,58
2758,50
2759,53
2760,50
2761,61
2762,35
2763,43
2764,76
2765,55
2766,44
2767,40
2768,33
2769,22
2770,17
2771,23
2772,42
2773,32
2774,50
2775,36
2776,49
2777,35
2778,54
2779,46
2780,24
2781,39
2782,41
2783,27
2784,26
2785,29
2786,29
2787,14
2788,16
2789,19
2790,29
2791,25
2792,17
2793,26
2794,7
2795,24
2796,20
2797,23
2798,10
2799,8
2800,35
2801,68
2802,85
2803,90
2804,81
2805,90
2806,82
2807,83
2808,126
2809,104
2810,108
2811,105
2812,68
2813,70
2814,80
2815,97
2816,98
2817,98
2818,91
2819,81
2820,80
2821,113
2822,111
2823,71
2824,86
2825,88
2826,85
2827,88
2828,96
2829,72
2830,117
2831,103
2832,112
2833,117
2834,73
2835,75
2836,99
2837,87
2838,78
2839,97
2840,73
2841,58
2842,66
2843,83
2844,66
2845,75
2846,54
2847,62
2848,63
2849,69
2850,53
2851,64
2852,87
2853,61
2854,50
2855,57
2856,65
2857,62
2858,72
2859,45
2860,29
2861,40
2862,43
2863,35
2864,33
2865,42
2866,27
2867,42
2868,39
2869,40
2870,45
2871,39
2872,30
2873,34
2874,31
2875,26
2876,34
2877,22
2878,10
2879,18
2880,19
2881,19
2882,22
2883,31
2884,14
2885,13
2886,12
2887,17
2888,22
2889,19
2890,20
2891,15
2892,13
2893,16
2894,12
2895,15
2896,13
2897,19
2898,8
2899,12
2900,45
2901,78
2902,68
2903,71
2904,82
2905,70
2906,63
2907,87
2908,79
2909,74
2910,79
2911,61
2912,72
2913,115
2914,95
2915,69
2916,75
2917,81
2918,86
2919,83
2920,66
2921,68
2922,84
2923,105
2924,85
2925,90
2926,62
2927,91
2928,94
2929,68
2930,79
2931,90
2932,84
2933,83
2934,76
2935,69
2936,90
2937,78
2938,80
2939,83
2940,82
2941,56
2942,72
2943,55
2944,49
2945,53
2946,76
2947,85
2948,84
2949,54
2950,57
2951,47
2952,62
2953,54
2954,58
2955,37
2956,57
2957,28
2958,37
2959,60
2960,41
2961,44
2962,52
2963,33
2964,49
2965,31
2966,39
2967,32
2968,38
2969,20
2970,41
2971,32
2972,34
2973,26
2974,24
2975,18
2976,22
2977,39
2978,22
2979,17
2980,19
2981,14
2982,22
2983,18
2984,18
2985,12
2986,15
2987,7
2988,8
2989,15
2990,17
2991,11
2992,7
2993,13
2994,10
2995,6
2996,6
2997,12
2998,4
2999,17
3000,75
3001,82
3002,105
3003,86
3004,96
3005,75
3006,91
3007,102
3008,109
3009,106
3010,94
3011,95
3012,109
3013,103
3014,98
3015,88
3016,106
3017,111
3018,101
3019,126
3020,106
3021,77
3022,77
3023,90
3024,76
3025,86
3026,91
3027,73
3028,86
3029,113
3030,92
3031,89
3032,89
3033,62
3034,105
3035,83
3036,94
3037,92
3038,76
3039,95
3040,99
3041,72
3042,111
3043,87
3044,87
3045,88
3046,87
3047,94
3048,79
3049,83
3050,97
3051,80
3052,59
3053,75
3054,52
3055,74
3056,101
3057,75
3058,75
3059,87
3060,67
3061,52
3062,58
3063,62
3064,42
3065,43
3066,40
3067,42
3068,59
3069,35
3070,37
3071,29
3072,38
3073,44
3074,39
3075,37
3076,39
3077,25
3078,18
3079,44
3080,42
3081,25
3082,46
3083,27
3084,50
3085,30
3086,36
3087,24
3088,15
3089,28
3090,19
3091,22
3092,22
3093,17
3094,21
3095,25
3096,17
3097,13
3098,12
3099,33
3100,44
3101,83
3102,75
3103,70
3104,80
3105,73
3106,94
3107,71
3108,70
3109,69
3110,71
3111,102
3112,74
3113,79
3114,87
3115,86
3116,86
3117,86
3118,106
3119,108
3120,83
3121,68
3122,104
3123,75
3124,60
3125,94
3126,70
3127,102
3128,96
3129,99
3130,86
3131,75
3132,73
3133,83
3134,67
3135,62
3136,82
3137,59
3138,68
3139,54
3140,64
3141,74
3142,68
3143,73
3144,78
3145,76
3146,46
3147,75
3148,53
3149,56
3150,64
3151,65
3152,63
3153,64
3154,52
3155,67
3156,61
3157,71
3158,57
3159,47
3160,55
3161,56
3162,36
3163,45
3164,35
3165,55
3166,33
3167,51
3168,39
3169,36
3170,44
3171,43
3172,44
3173,47
3174,46
3175,51
3176,24
3177,29
3178,24
3179,36
3180,16
3181,18
3182,20
3183,37
3184,32
3185,23
3186,18
3187,17
3188,17
3189,25
3190,15
3191,21
3192,18
3193,16
3194,20
3195,22
3196,25
3197,23
3198,18
3199,8
3200,56
3201,81
3202,66
3203,72
3204,58
3205,88
3206,62
3207,84
3208,95
3209,76
3210,82
3211,108
3212,91
3213,69
3214,51
3215,84
3216,83
3217,88
3218,71
3219,89
3220,97
3221,73
3222,118
3223,101
3224,87
3225,71
3226,79
3227,70
3228,86
3229,123
3230,97
3231,82
3232,99
3233,83
3234,91
3235,82
3236,53
3237,93
3238,78
3239,62
3240,58
3241,63
3242,63
3243,57
3244,55
3245,80
3246,63
3247,65
3248,51
3249,44
3250,38
3251,48
3252,48
3253,42
3254,38
3255,33
3256,45
3257,32
3258,29
3259,37
3260,41
3261,36
3262,32
3263,46
3264,44
3265,43
3266,41
3267,43
3268,47
3269,41
3270,27
3271,38
3272,30
3273,22
3274,20
3275,27
3276,15
3277,28
3278,27
3279,16
3280,17
3281,11
3282,22
3283,25
3284,31
3285,16
3286,15
3287,27
3288,21
3289,14
3290,14
3291,14
3292,3
3293,13
3294,14
3295,15
3296,12
3297,4
3298,8
3299,6
3300,39
3301,77
3302,64
3303,74
3304,90
3305,75
3306,73
3307,65
3308,78
3309,104
3310,76
3311,86
3312,106
3313,58
3314,94
3315,71
3316,50
3317,80
3318,55
3319,83
3320,85
3321,64
3322,66
3323,91
3324,85
3325,74
3326,80
3327,59
3328,60
3329,84
3330,79
3331,73
3332,68
3333,69
3334,72
3335,60
3336,73
3337,53
3338,68
3339,60
3340,54
3341,72
3342,66
3343,41
3344,49
3345,55
3346,52
3347,56
3348,49
3349,43
3350,49
3351,73
3352,45
3353,52
3354,44
3355,35
3356,44
3357,52
3358,41
3359,40
3360,41
3361,47
3362,27
3363,27
3364,40
3365,27
3366,39
3367,42
3368,43
3369,35
3370,35
3371,55
3372,48
3373,31
3374,28
3375,13
3376,27
3377,15
3378,15
3379,19
3380,22
3381,8
3382,20
3383,30
3384,27
3385,7
3386,10
3387,15
3388,15
3389,9
3390,14
3391,11
3392,14
3393,8
3394,5
3395,8
3396,10
3397,8
3398,4
3399,4
3400,71
3401,63
3402,66
3403,71
3404,53
3405,81
3406,71
3407,62
3408,73
3409,83
3410,78
3411,67
3412,71
3413,62
3414,58
3415,65
3416,86
3417,73
3418,56
3419,85
3420,90
3421,79
3422,76
3423,69
3424,83
3425,103
3426,108
3427,81
3428,94
3429,75
3430,74
3431,69
3432,66
3433,80
3434,93
3435,106
3436,91
3437,93
3438,65
3439,71
3440,73
3441,80
3442,67
3443,78
3444,69
3445,98
3446,60
3447,67
3448,53
3449,73
3450,62
3451,44
3452,60
3453,35
3454,65
3455,55
3456,48
3457,41
3458,50
3459,48
3460,49
3461,42
3462,35
3463,32
3464,47
3465,37
3466,43
3467,35
3468,32
3469,31
3470,17
3471,36
3472,32
3473,33
3474,25
3475,31
3476,45
3477,24
3478,32
3479,26
3480,16
3481,28
3482,25
3483,19
3484,17
3485,20
3486,21
3487,15
3488,30
3489,24
3490,16
3491,17
3492,21
3493,18
3494,17
3495,23
3496,17
3497,11
3498,26
3499,13
3500,29
3501,80
3502,75
3503,98
3504,87
3505,88
3506,79
3507,86
3508,81
3509,84
351,1
3510,101
3511,67
3512,82
3513,89
3514,77
3515,49
3516,57
3517,68
3518,79
3519,75
3520,83
3521,68
3522,75
3523,99
3524,100
3525,78
3526,101
3527,77
3528,63
3529,68
3530,74
3531,76
3532,82
3533,73
3534,71
3535,89
3536,69
3537,69
3538,89
3539,67
3540,59
3541,72
3542,66
3543,56
3544,65
3545,85
3546,75
3547,60
3548,59
3549,49
3550,76
3551,67
3552,51
3553,67
3554,69
3555,45
3556,52
3557,50
3558,54
3559,46
3560,41
3561,35
3562,24
3563,43
3564,48
3565,57
3566,27
3567,41
3568,28
3569,47
3570,39
3571,35
3572,30
3573,29
3574,27
3575,29
3576,27
3577,22
3578,25
3579,31
3580,14
3581,26
3582,16
3583,24
3584,25
3585,15
3586,16
3587,16
3588,21
3589,33
3590,19
3591,15
3592,15
3593,16
3594,14
3595,15
3596,12
3597,5
3598,8
3599,10
3600,50
3601,64
3602,54
3603,83
3604,79
3605,77
3606,85
3607,81
3608,79
3609,87
3610,108
3611,102
3612,62
3613,78
3614,86
3615,70
3616,61
3617,86
3618,89
3619,64
3620,56
3621,62
3622,78
3623,72
3624,79
3625,94
3626,48
3627,76
3628,63
3629,49
3630,58
3631,72
3632,49
3633,67
3634,66
3635,73
3636,64
3637,66
3638,86
3639,56
3640,36
3641,45
3642,61
3643,56
3644,45
3645,52
3646,45
3647,37
3648,41
3649,46
3650,47
3651,57
3652,36
3653,64
3654,35
3655,36
3656,52
3657,59
3658,48
3659,52
3660,67
3661,31
3662,36
3663,34
3664,41
3665,41
3666,41
3667,32
3668,34
3669,44
3670,18
3671,30
3672,39
3673,32
3674,38
3675,15
3676,33
3677,37
3678,52
3679,30
3680,42
3681,31
3682,28
3683,37
3684,17
3685,10
3686,19
3687,20
3688,20
3689,18
3690,10
3691,25
3692,25
3693,23
3694,21
3695,26
3696,26
3697,22
3698,9
3699,18
3700,39
3701,63
3702,61
3703,69
3704,77
3705,59
3706,51
3707,66
3708,100
3709,73
3710,73
3711,85
3712,100
3713,95
3714,78
3715,79
3716,66
3717,60
3718,62
3719,84
3720,71
3721,77
3722,62
3723,81
3724,59
3725,74
3726,84
3727,78
3728,69
3729,98
3730,66
3731,72
3732,67
3733,70
3734,62
3735,48
3736,82
3737,53
3738,61
3739,70
3740,42
3741,52
3742,46
3743,64
3744,44
3745,41
3746,36
3747,46
3748,31
3749,63
3750,58
3751,60
3752,67
3753,64
3754,58
3755,57
3756,54
3757,44
3758,38
3759,47
3760,26
3761,47
3762,28
3763,44
3764,15
3765,41
3766,36
3767,32
3768,15
3769,28
3770,26
3771,30
3772,26
3773,39
3774,36
3775,30
3776,31
3777,28
3778,38
3779,35
3780,26
3781,21
3782,20
3783,13
3784,12
3785,22
3786,18
3787,12
3788,21
3789,17
3790,6
3791,18
3792,12
3793,7
3794,8
3795,7
3796,12
3797,14
3798,12
3799,8
3800,47
3801,68
3802,67
3803,54
3804,87
3805,52
3806,64
3807,65
3808,60
3809,48
3810,71
3811,83
3812,68
3813,53
3814,67
3815,75
3816,67
3817,61
3818,64
3819,49
3820,52
3821,74
3822,51
3823,55
3824,66
3825,61
3826,70
3827,61
3828,53
3829,53
3830,56
3831,51
3832,52
3833,59
3834,53
3835,60
3836,64
3837,52
3838,62
3839,71
3840,45
3841,60
3842,63
3843,87
3844,62
3845,60
3846,39
3847,57
3848,52
3849,50
3850,65
3851,46
3852,61
3853,53
3854,66
3855,43
3856,37
3857,32
3858,38
3859,36
3860,38
3861,45
3862,35
3863,43
3864,45
3865,44
3866,33
3867,34
3868,28
3869,25
3870,11
3871,24
3872,20
3873,16
3874,17
3875,24
3876,22
3877,34
3878,57
3879,22
3880,16
3881,13
3882,13
3883,23
3884,21
3885,16
3886,17
3887,22
3888,13
3889,29
3890,13
3891,17
3892,11
3893,17
3894,13
3895,10
3896,11
3897,16
3898,30
3899,17
3900,63
3901,90
3902,91
3903,54
3904,57
3905,73
3906,99
3907,66
3908,77
3909,70
3910,56
3911,50
3912,75
3913,79
3914,73
3915,51
3916,79
3917,70
3918,54
3919,52
3920,55
3921,69
3922,76
3923,54
3924,63
3925,70
3926,84
3927,41
3928,56
3929,48
3930,53
3931,84
3932,50
3933,55
3934,54
3935,49
3936,65
3937,47
3938,58
3939,44
3940,61
3941,62
3942,65
3943,39
3944,45
3945,41
3946,33
3947,47
3948,70
3949,57
3950,54
3951,64
3952,39
3953,59
3954,43
3955,49
3956,44
3957,32
3958,45
3959,37
3960,43
3961,38
3962,26
3963,42
3964,40
3965,46
3966,36
3967,47
3968,29
3969,34
3970,43
3971,16
3972,16
3973,22
3974,19
3975,17
3976,45
3977,23
3978,17
3979,10
3980,15
3981,25
3982,15
3983,24
3984,20
3985,16
3986,14
3987,15
3988,7
3989,8
3990,13
3991,7
3992,20
3993,10
3994,10
3995,12
3996,8
3997,8
3998,14
3999,8
4000,90
4001,99
4002,89
4003,124
4004,106
4005,101
4006,101
4007,80
4008,84
4009,96
4010,90
4011,82
4012,85
4013,90
4014,77
4015,74
4016,80
4017,92
4018,89
4019,54
4020,86
4021,110
4022,90
4023,80
4024,75
4025,63
4026,83
4027,53
4028,88
4029,58
4030,82
4031,54
4032,61
4033,71
4034,73
4035,65
4036,83
4037,70
4038,52
4039,63
4040,68
4041,76
4042,77
4043,96
4044,63
4045,51
4046,79
4047,53
4048,92
4049,56
4050,48
4051,70
4052,64
4053,50
4054,59
4055,40
4056,69
4057,51
4058,54
4059,60
4060,43
4061,31
4062,40
4063,56
4064,57
4065,37
4066,40
4067,42
4068,35
4069,36
4070,51
4071,32
4072,51
4073,45
4074,37
4075,45
4076,25
4077,26
4078,42
4079,58
4080,42
4081,42
4082,35
4083,37
4084,46
4085,27
4086,23
4087,44
4088,36
4089,23
4090,20
4091,29
4092,25
4093,28
4094,28
4095,17
4096,25
4097,20
4098,12
4099,27
4100,97
4101,93
4102,106
4103,108
4104,91
4105,88
4106,90
4107,94
4108,60
4109,79
4110,76
4111,69
4112,69
4113,87
4114,97
4115,68
4116,74
4117,49
4118,60
4119,63
4120,85
4121,89
4122,83
4123,80
4124,79
4125,93
4126,63
4127,67
4128,66
4129,51
4130,77
4131,66
4132,67
4133,90
4134,56
4135,54
4136,66
4137,69
4138,67
4139,56
4140,59
4141,57
4142,52
4143,60
4144,46
4145,42
4146,48
4147,45
4148,39
4149,39
4150,37
4151,54
4152,69
4153,49
4154,85
4155,52
4156,54
4157,48
4158,51
4159,42
4160,27
4161,38
4162,47
4163,30
4164,42
4165,52
4166,29
4167,21
4168,36
4169,19
4170,25
4171,27
4172,27
4173,22
4174,28
4175,34
4176,22
4177,18
4178,33
4179,21
4180,33
4181,23
4182,33
4183,16
4184,25
4185,10
4186,31
4187,28
4188,33
4189,23
4190,18
4191,16
4192,20
4193,13
4194,22
4195,24
4196,18
4197,15
4198,30
4199,11
4200,51
4201,85
4202,63
4203,71
4204,95
4205,68
4206,85
4207,71
4208,57
4209,57
4210,78
4211,72
4212,94
4213,74
4214,72
4215,58
4216,56
4217,70
4218,55
4219,66
4220,63
4221,49
4222,55
4223,59
4224,53
4225,62
4226,62
4227,82
4228,65
4229,71
4230,45
4231,41
4232,46
4233,52
4234,60
4235,70
4236,57
4237,53
4238,54
4239,56
4240,53
4241,28
4242,42
4243,61
4244,61
4245,64
4246,51
4247,66
4248,56
4249,50
4250,43
4251,32
4252,53
4253,29
4254,48
4255,40
4256,48
4257,44
4258,64
4259,50
4260,48
4261,48
4262,36
4263,17
4264,26
4265,25
4266,34
4267,23
4268,16
4269,29
4270,30
4271,24
4272,11
4273,27
4274,24
4275,29
4276,31
4277,31
4278,18
4279,26
4280,34
4281,36
4282,37
4283,22
4284,18
4285,10
4286,13
4287,5
4288,10
4289,17
4290,7
4291,13
4292,8
4293,6
4294,5
4295,4
4296,6
4297,11
4298,3
4299,14
4300,43
4301,53
4302,73
4303,60
4304,61
4305,44
4306,50
4307,55
4308,53
4309,65
4310,55
4311,37
4312,54
4313,72
4314,56
4315,46
4316,56
4317,52
4318,57
4319,66
4320,68
4321,47
4322,63
4323,61
4324,58
4325,48
4326,59
4327,57
4328,50
4329,28
4330,33
4331,47
4332,30
4333,28
4334,28
4335,50
4336,66
4337,47
4338,57
4339,35
4340,22
4341,25
4342,29
4343,38
4344,21
4345,28
4346,34
4347,32
4348,24
4349,33
4350,20
4351,52
4352,34
4353,31
4354,22
4355,46
4356,19
4357,22
4358,28
4359,30
4360,25
4361,52
4362,32
4363,28
4364,41
4365,17
4366,28
4367,17
4368,25
4369,18
4370,21
4371,22
4372,20
4373,12
4374,9
4375,11
4376,13
4377,8
4378,10
4379,9
4380,16
4381,6
4382,7
4383,4
4384,8
4385,4
4386,6
4387,12
4388,8
4389,8
4390,21
4391,18
4392,16
4393,4
4394,10
4395,11
4396,6
4397,4
4398,3
4399,1
4400,64
4401,96
4402,79
4403,73
4404,60
4405,56
4406,66
4407,67
4408,59
4409,70
4410,52
4411,63
4412,69
4413,53
4414,71
4415,61
4416,58
4417,66
4418,65
4419,32
4420,49
4421,47
4422,47
4423,47
4424,38
4425,51
4426,43
4427,42
4428,64
4429,45
4430,61
4431,53
4432,46
4433,39
4434,21
4435,35
4436,33
4437,35
4438,26
4439,47
4440,33
4441,42
4442,48
4443,32
4444,33
4445,29
4446,45
4447,33
4448,20
4449,36
4450,43
4451,29
4452,24
4453,40
4454,29
4455,39
4456,31
4457,23
4458,31
4459,20
4460,19
4461,35
4462,30
4463,29
4464,27
4465,16
4466,12
4467,17
4468,21
4469,32
4470,37
4471,14
4472,26
4473,18
4474,20
4475,22
4476,20
4477,15
4478,20
4479,4
4480,11
4481,13
4482,18
4483,14
4484,11
4485,8
4486,1
4487,5
4488,9
4489,12
4490,12
4491,10
4492,9
4493,10
4494,4
4495,13
4496,8
4497,11
4498,16
4499,20
4500,112
4501,95
4502,84
4503,111
4504,84
4505,81
4506,53
4507,54
4508,73
4509,65
4510,63
4511,66
4512,57
4513,82
4514,79
4515,54
4516,70
4517,53
4518,67
4519,59
4520,56
4521,51
4522,62
4523,50
4524,51
4525,61
4526,56
4527,60
4528,35
4529,29
4530,47
4531,41
4532,54
4533,53
4534,48
4535,59
4536,40
4537,49
4538,38
4539,37
4540,37
4541,49
4542,41
4543,46
4544,38
4545,38
4546,40
4547,41
4548,41
4549,35
4550,52
4551,28
4552,33
4553,50
4554,42
4555,43
4556,45
4557,34
4558,34
4559,31
4560,41
4561,32
4562,62
4563,42
4564,18
4565,26
4566,19
4567,46
4568,31
4569,19
4570,25
4571,19
4572,18
4573,21
4574,18
4575,6
4576,14
4577,12
4578,19
4579,7
4580,27
4581,29
4582,16
4583,12
4584,15
4585,16
4586,9
4587,16
4588,14
4589,14
4590,20
4591,18
4592,14
4593,18
4594,10
4595,14
4596,7
4597,14
4598,15
4599,17
4600,63
4601,70
4602,68
4603,70
4604,58
4605,61
4606,65
4607,46
4608,66
4609,75
4610,51
4611,69
4612,69
4613,58
4614,85
4615,68
4616,56
4617,64
4618,54
4619,48
4620,48
4621,43
4622,42
4623,53
4624,58
4625,52
4626,46
4627,51
4628,51
4629,44
4630,65
4631,50
4632,76
4633,52
4634,55
4635,56
4636,64
4637,52
4638,50
4639,54
4640,46
4641,44
4642,36
4643,42
4644,34
4645,57
4646,35
4647,39
4648,23
4649,31
4650,33
4651,41
4652,23
4653,20
4654,39
4655,41
4656,21
4657,33
4658,23
4659,27
4660,21
4661,35
4662,25
4663,21
4664,17
4665,22
4666,24
4667,23
4668,14
4669,11
4670,26
4671,21
4672,16
4673,16
4674,28
4675,20
4676,38
4677,19
4678,15
4679,17
4680,9
4681,22
4682,12
4683,23
4684,13
4685,17
4686,15
4687,8
4688,9
4689,10
4690,21
4691,11
4692,12
4693,9
4694,20
4695,8
4696,13
4697,5
4698,9
4699,10
4700,42
4701,47
4702,67
4703,47
4704,49
4705,48
4706,34
4707,48
4708,39
4709,58
4710,37
4711,33
4712,28
4713,51
4714,53
4715,51
4716,64
4717,51
4718,51
4719,49
4720,44
4721,35
4722,38
4723,51
4724,33
4725,54
4726,51
4727,41
4728,54
4729,51
4730,49
4731,39
4732,49
4733,33
4734,53
4735,39
4736,47
4737,40
4738,36
4739,61
4740,31
4741,35
4742,42
4743,43
4744,37
4745,40
4746,46
4747,41
4748,32
4749,48
4750,28
4751,40
4752,40
4753,16
4754,22
4755,30
4756,34
4757,27
4758,22
4759,18
4760,35
4761,28
4762,18
4763,22
4764,26
4765,17
4766,23
4767,23
4768,15
4769,15
4770,9
4771,19
4772,19
4773,21
4774,18
4775,14
4776,6
4777,18
4778,11
4779,11
4780,18
4781,8
4782,12
4783,5
4784,10
4785,14
4786,11
4787,9
4788,24
4789,14
4790,17
4791,16
4792,10
4793,23
4794,11
4795,24
4796,15
4797,1
4798,14
4799,14
4800,34
4801,51
4802,48
4803,38
4804,54
4805,40
4806,45
4807,41
4808,40
4809,48
4810,27
4811,48
4812,35
4813,51
4814,35
4815,41
4816,27
4817,32
4818,52
4819,35
4820,40
4821,28
4822,42
4823,44
4824,38
4825,34
4826,48
4827,36
4828,58
4829,28
4830,41
4831,47
4832,46
4833,36
4834,44
4835,24
4836,23
4837,26
4838,28
4839,34
4840,27
4841,28
4842,37
4843,33
4844,35
4845,32
4846,41
4847,22
4848,35
4849,28
4850,29
4851,34
4852,34
4853,40
4854,38
4855,41
4856,21
4857,17
4858,20
4859,15
4860,10
4861,15
4862,20
4863,21
4864,28
4865,20
4866,24
4867,24
4868,23
4869,17
4870,17
4871,14
4872,16
4873,12
4874,6
4875,10
4876,23
4877,23
4878,22
4879,13
4880,11
4881,6
4882,17
4883,8
4884,15
4885,11
4886,8
4887,11
4888,7
4889,12
4890,21
4891,5
4892,17
4893,6
4894,11
4895,11
4896,17
4897,19
4898,11
4899,10
4900,37
4901,52
4902,39
4903,52
4904,42
4905,50
4906,50
4907,35
4908,40
4909,56
4910,48
4911,32
4912,26
4913,46
4914,50
4915,26
4916,45
4917,37
4918,45
4919,41
4920,32
4921,50
4922,31
4923,31
4924,40
4925,49
4926,33
4927,25
4928,34
4929,31
4930,27
4931,31
4932,25
4933,28
4934,28
4935,27
4936,45
4937,30
4938,27
4939,32
4940,36
4941,31
4942,34
4943,34
4944,28
4945,39
4946,42
4947,37
4948,27
4949,34
4950,34
4951,24
4952,24
4953,27
4954,20
4955,19
4956,21
4957,31
4958,24
4959,22
4960,34
4961,20
4962,18
4963,19
4964,15
4965,30
4966,15
4967,22
4968,32
4969,13
4970,12
4971,20
4972,22
4973,11
4974,18
4975,9
4976,9
4977,12
4978,8
4979,6
4980,10
4981,11
4982,15
4983,20
4984,11
4985,8
4986,11
4987,8
4988,2
4989,7
4990,5
4991,4
4992,7
4994,1
4995,1
4996,5
4997,1
4999,1
5000,66
5001,50
5002,66
5003,59
5004,64
5005,48
5006,65
5007,60
5008,47
5009,38
5010,40
5011,52
5012,52
5013,47
5014,75
5015,43
5016,60
5017,81
5018,53
5019,71
5020,50
5021,57
5022,44
5023,54
5024,69
5025,64
5026,55
5027,51
5028,61
5029,71
5030,69
5031,73
5032,41
5033,44
5034,54
5035,54
5036,50
5037,54
5038,37
5039,30
5040,38
5041,55
5042,62
5043,53
5044,40
5045,43
5046,50
5047,52
5048,28
5049,54
5050,37
5051,39
5052,29
5053,33
5054,48
5055,30
5056,27
5057,18
5058,31
5059,28
5060,16
5061,26
5062,34
5063,35
5064,35
5065,36
5066,19
5067,21
5068,21
5069,34
5070,24
5071,13
5072,23
5073,30
5074,39
5075,24
5076,22
5077,13
5078,22
5079,19
5080,20
5081,13
5082,8
5083,10
5084,12
5085,16
5086,29
5087,19
5088,27
5089,18
5090,20
5091,19
5092,14
5093,10
5094,18
5095,13
5096,15
5097,15
5098,23
5099,9
5100,39
5101,47
5102,55
5103,49
5104,59
5105,58
5106,47
5107,61
5108,56
5109,39
5110,45
5111,52
5112,58
5113,45
5114,35
5115,57
5116,51
5117,27
5118,43
5119,36
5120,37
5121,50
5122,54
5123,56
5124,38
5125,42
5126,38
5127,23
5128,43
5129,36
5130,35
5131,36
5132,40
5133,54
5134,43
5135,41
5136,46
5137,44
5138,36
5139,32
5140,52
5141,50
5142,38
5143,46
5144,34
5145,34
5146,38
5147,38
5148,39
5149,34
5150,60
5151,39
5152,56
5153,34
5154,21
5155,22
5156,22
5157,26
5158,38
5159,22
5160,42
5161,24
5162,41
5163,45
5164,27
5165,28
5166,21
5167,20
5168,28
5169,38
5170,28
5171,14
5172,22
5173,9
5174,32
5175,25
5176,26
5177,23
5178,35
5179,15
5180,12
5181,21
5182,18
5183,10
5184,22
5185,9
5186,10
5187,23
5188,12
5189,9
5190,9
5191,18
5192,15
5193,14
5194,13
5195,20
5196,11
5197,9
5198,14
5199,6
5200,60
5201,68
5202,67
5203,59
5204,52
5205,68
5206,65
5207,68
5208,61
5209,48
5210,51
5211,37
5212,53
5213,59
5214,37
5215,39
5216,40
5217,37
5218,36
5219,30
5220,50
5221,33
5222,46
5223,39
5224,40
5225,34
5226,23
5227,49
5228,28
5229,34
5230,21
5231,21
5232,38
5233,38
5234,41
5235,48
5236,29
5237,25
5238,26
5239,22
5240,25
5241,35
5242,36
5243,31
5244,37
5245,34
5246,46
5247,51
5248,46
5249,27
5250,20
5251,31
5252,29
5253,28
5254,31
5255,15
5256,24
5257,20
5258,30
5259,23
5260,12
5261,36
5262,24
5263,20
5264,8
5265,17
5266,15
5267,12
5268,30
5269,13
5270,30
5271,25
5272,17
5273,20
5274,14
5275,23
5276,19
5277,10
5278,25
5279,16
5280,13
5281,10
5282,13
5283,11
5284,16
5285,19
5286,11
5287,8
5288,13
5289,12
5290,13
5291,21
5292,10
5293,13
5294,17
5295,11
5296,10
5297,8
5298,14
5299,13
5300,51
5301,50
5302,63
5303,41
5304,36
5305,23
5306,41
5307,26
5308,31
5309,42
5310,31
5311,50
5312,43
5313,51
5314,33
5315,53
5316,34
5317,32
5318,31
5319,32
5320,38
5321,41
5322,38
5323,13
5324,41
5325,34
5326,21
5327,32
5328,27
5329,17
5330,27
5331,31
5332,14
5333,10
5334,22
5335,21
5336,24
5337,24
5338,33
5339,13
5340,32
5341,28
5342,31
5343,23
5344,27
5345,28
5346,22
5347,27
5348,17
5349,19
5350,20
5351,8
5352,12
5353,9
5354,17
5355,23
5356,10
5357,21
5358,19
5359,16
5360,22
5361,19
5362,22
5363,16
5364,30
5365,13
5366,21
5367,19
5368,11
5369,18
5370,13
5371,19
5372,21
5373,23
5374,9
5375,10
5376,14
5377,15
5378,25
5379,12
5380,8
5381,16
5382,5
5383,10
5384,12
5385,27
5386,10
5387,9
5388,7
5389,7
5390,7
5391,5
5392,5
5393,13
5394,5
5395,4
5397,4
5398,8
5399,5
5400,69
5401,31
5402,39
5403,39
5404,36
5405,36
5406,29
5407,34
5408,28
5409,27
5410,25
5411,49
5412,35
5413,30
5414,65
5415,55
5416,40
5417,24
5418,32
5419,25
5420,23
5421,31
5422,23
5423,30
5424,30
5425,18
5426,48
5427,34
5428,48
5429,24
5430,31
5431,32
5432,31
5433,17
5434,22
5435,21
5436,32
5437,44
5438,20
5439,22
5440,21
5441,18
5442,30
5443,22
5444,42
5445,16
5446,34
5447,35
5448,39
5449,36
5450,35
5451,26
5452,28
5453,16
5454,13
5455,14
5456,13
5457,29
5458,29
5459,17
5460,10
5461,12
5462,20
5463,24
5464,11
5465,10
5466,10
5467,3
5468,9
5469,3
5470,11
5471,10
5472,14
5473,13
5474,14
5475,8
5476,12
5477,13
5478,6
5479,14
5480,8
5481,8
5482,1
5483,7
5484,6
5485,9
5486,18
5487,6
5488,5
5489,9
5490,11
5491,9
5492,8
5493,4
5494,3
5495,6
5496,10
5497,6
5498,9
5499,11
5500,46
5501,56
5502,51
5503,61
5504,56
5505,57
5506,61
5507,61
5508,36
5509,57
5510,54
5511,49
5512,51
5513,40
5514,63
5515,43
5516,54
5517,39
5518,35
5519,52
5520,45
5521,60
5522,29
5523,44
5524,40
5525,47
5526,30
5527,28
5528,40
5529,26
5530,55
5531,42
5532,37
5533,29
5534,48
5535,48
5536,42
5537,37
5538,26
5539,28
5540,25
5541,27
5542,44
5543,23
5544,44
5545,21
5546,25
5547,17
5548,33
5549,20
5550,38
5551,17
5552,23
5553,31
5554,38
5555,20
5556,24
5557,20
5558,18
5559,23
5560,27
5561,20
5562,17
5563,17
5564,20
5565,18
5566,13
5567,15
5568,12
5569,2
5570,14
5571,20
5572,14
5573,19
5574,11
5575,6
5576,13
5577,7
5578,15
5579,13
5580,9
5581,3
5582,1
5583,9
5584,9
5585,5
5586,5
5587,2
5588,2
5589,5
5590,3
5591,9
5592,6
5593,2
5594,6
5595,12
5596,1
5597,1
5599,2
5600,45
5601,51
5602,49
5603,37
5604,46
5605,38
5606,44
5607,32
5608,37
5609,43
5610,27
5611,38
5612,26
5613,36
5614,26
5615,27
5616,36
5617,14
5618,35
5619,35
562,1
5620,30
5621,37
5622,39
5623,39
5624,54
5625,24
5626,28
5627,30
5628,34
5629,26
5630,22
5631,36
5632,29
5633,26
5634,37
5635,13
5636,23
5637,26
5638,34
5639,25
5640,25
5641,37
5642,38
5643,7
5644,15
5645,20
5646,19
5647,9
5648,15
5649,9
5650,5
5651,15
5652,14
5653,19
5654,12
5655,13
5656,10
5657,19
5658,9
5659,8
5660,16
5661,7
5662,12
5663,15
5664,8
5665,6
5666,9
5667,7
5668,14
5669,13
5670,11
5671,16
5672,8
5673,10
5674,14
5675,11
5676,11
5677,20
5678,9
5679,19
5680,7
5681,6
5682,12
5683,6
5684,6
5685,5
5686,6
5687,2
5688,2
5689,3
5690,9
5691,13
5692,7
5693,6
5694,6
5695,11
5696,9
5697,3
5698,4
5699,2
5700,19
5701,25
5702,22
5703,10
5704,27
5705,23
5706,26
5707,30
5708,30
5709,28
5710,40
5711,19
5712,26
5713,33
5714,22
5715,15
5716,28
5717,36
5718,26
5719,28
5720,25
5721,38
5722,29
5723,35
5724,17
5725,32
5726,19
5727,23
5728,17
5729,11
5730,36
5731,27
5732,25
5733,37
5734,17
5735,25
5736,22
5737,28
5738,16
5739,18
5740,25
5741,12
5742,21
5743,19
5744,9
5745,14
5746,10
5747,27
5748,14
5749,20
5750,17
5751,7
5752,27
5753,9
5754,9
5755,17
5756,15
5757,8
5758,12
5759,7
5760,10
5761,14
5762,13
5763,6
5764,10
5765,14
5766,12
5767,8
5768,12
5769,13
5770,8
5771,19
5772,16
5773,9
5774,14
5775,12
5776,6
5777,11
5778,12
5779,4
5780,10
5781,18
5782,6
5783,10
5784,12
5785,2
5786,9
5787,2
5788,6
5789,5
5790,3
5791,1
5792,12
5793,5
5794,9
5795,6
5796,5
5797,4
5798,13
5799,9
5800,46
5801,42
5802,42
5803,34
5804,38
5805,41
5806,26
5807,24
5808,26
5809,14
5810,16
5811,21
5812,19
5813,43
5814,29
5815,43
5816,14
5817,27
5818,23
5819,22
5820,26
5821,31
5822,14
5823,8
5824,20
5825,14
5826,9
5827,14
5828,19
5829,14
5830,16
5831,17
5832,18
5833,12
5834,29
5835,20
5836,16
5837,9
5838,7
5839,17
5840,10
5841,21
5842,7
5843,9
5844,16
5845,21
5846,14
5847,12
5848,18
5849,10
5850,13
5851,24
5852,14
5853,4
5854,12
5855,8
5856,4
5857,5
5858,13
5859,8
5860,12
5861,5
5862,1
5863,16
5865,15
5866,10
5867,3
5868,8
5869,4
5870,6
5871,5
5872,14
5873,10
5874,16
5875,8
5876,4
5877,2
5878,10
5879,4
5880,1
5881,2
5882,2
5883,2
5884,2
5885,4
5887,6
5888,18
5889,6
5890,4
5891,5
5892,3
5894,1
5895,6
5896,2
5897,3
5898,3
5899,5
5900,22
5901,23
5902,28
5903,15
5904,36
5905,19
5906,14
5907,19
5908,24
5909,39
5910,27
5911,33
5912,28
5913,21
5914,37
5915,25
5916,31
5917,39
5918,28
5919,13
5920,12
5921,20
5922,12
5923,13
5924,21
5925,20
5926,17
5927,19
5928,27
5929,10
5930,9
5931,17
5932,17
5933,22
5934,19
5935,13
5936,22
5937,13
5938,24
5939,23
5940,18
5941,18
5942,24
5943,15
5944,19
5945,21
5946,14
5947,21
5948,8
5949,10
5950,18
5951,13
5952,9
5953,10
5954,19
5955,14
5956,8
5957,5
5958,11
5959,10
5960,13
5961,6
5962,10
5963,6
5964,5
5965,13
5966,10
5967,11
5968,4
5969,13
5970,11
5971,17
5972,11
5973,10
5974,4
5975,7
5976,8
5977,4
5978,3
5980,6
5981,6
5982,4
5983,11
5984,4
5985,10
5986,3
5987,12
5988,12
5989,7
5990,8
5991,2
5992,16
5993,2
5994,8
5995,2
5996,11
5997,3
5998,16
5999,9
6000,68
6001,47
6002,49
6003,39
6004,32
6005,46
6006,23
6007,41
6008,45
6009,48
6010,30
6011,39
6012,35
6013,39
6014,38
6015,27
6016,33
6017,27
6018,42
6019,25
6020,38
6021,29
6022,35
6023,39
6024,25
6025,18
6026,55
6027,46
6028,39
6029,28
6030,42
6031,30
6032,41
6033,34
6034,34
6035,35
6036,38
6037,43
6038,31
6039,31
6040,34
6041,31
6042,26
6043,15
6044,22
6045,23
6046,24
6047,24
6048,15
6049,26
6050,23
6051,13
6052,18
6053,21
6054,17
6055,23
6056,12
6057,14
6058,20
6059,10
6060,21
6061,20
6062,25
6063,29
6064,31
6065,29
6066,27
6067,25
6068,12
6069,21
6070,24
6071,22
6072,22
6073,10
6074,18
6075,18
6076,16
6077,8
6078,13
6079,18
6080,16
6081,9
6082,8
6083,5
6084,29
6085,12
6086,13
6087,21
6088,17
6089,21
6090,12
6091,15
6092,14
6093,11
6094,5
6095,16
6096,6
6097,13
6098,8
6099,1
6100,38
6101,43
6102,35
6103,28
6104,46
6105,27
6106,14
6107,27
6108,23
6109,40
6110,17
6111,30
6112,20
6113,17
6114,25
6115,20
6116,39
6117,33
6118,20
6119,22
6120,20
6121,31
6122,30
6123,20
6124,22
6125,13
6126,21
6127,24
6128,10
6129,19
6130,24
6131,18
6132,15
6133,14
6134,8
6135,15
6136,17
6137,24
6138,10
6139,15
6140,17
6141,21
6142,15
6143,19
6144,17
6145,12
6146,13
6147,16
6148,9
6149,9
6150,10
6151,11
6152,5
6153,13
6154,5
6155,5
6156,7
6157,1
6158,17
6159,11
6160,3
6161,4
6162,6
6163,12
6164,11
6165,6
6166,13
6167,2
6168,8
6169,7
6170,2
6172,3
6173,6
6174,15
6175,7
6176,7
6177,2
6178,4
6179,7
6180,10
6181,8
6182,5
6183,2
6184,3
6185,6
6186,7
6187,10
6188,5
6189,3
6190,5
6191,8
6192,2
6193,5
6194,4
6195,5
6196,5
6197,4
6200,32
6201,32
6202,43
6203,28
6204,17
6205,34
6206,32
6207,36
6208,24
6209,20
6210,13
6211,31
6212,34
6213,16
6214,16
6215,17
6216,15
6217,20
6218,21
6219,11
6220,21
6221,12
6222,12
6223,16
6224,16
6225,9
6226,14
6227,18
6228,25
6229,9
6230,13
6231,21
6232,11
6233,14
6234,25
6235,19
6236,22
6237,9
6238,9
6239,14
6240,4
6241,20
6242,21
6243,9
6244,13
6245,9
6246,11
6247,9
6248,13
6249,12
6250,19
6251,27
6252,2
6253,11
6254,14
6255,11
6256,8
6257,24
6258,10
6259,10
6260,32
6261,10
6262,9
6263,3
6264,11
6265,5
6266,9
6267,4
6268,8
6269,8
6270,14
6271,28
6272,8
6274,11
6275,18
6276,16
6277,5
6278,8
6279,6
6280,2
6281,5
6282,5
6283,12
6284,4
6285,4
6286,7
6287,6
6288,5
6289,5
6290,6
6291,4
6292,9
6293,7
6294,2
6295,8
6296,3
6297,4
6298,5
6299,4
6300,12
6301,25
6302,30
6303,23
6304,27
6305,18
6306,26
6307,19
6308,16
6309,16
6310,19
6311,9
6312,12
6313,13
6314,24
6315,18
6316,25
6317,21
6318,28
6319,16
6320,23
6321,28
6322,19
6323,9
6324,20
6325,22
6326,20
6327,24
6328,25
6329,16
6330,18
6331,20
6332,20
6333,6
6334,8
6335,10
6336,19
6337,19
6338,5
6339,27
6340,15
6341,19
6342,17
6343,16
6344,22
6345,11
6346,25
6347,14
6348,32
6349,6
6350,14
6351,21
6352,25
6353,5
6354,13
6355,17
6356,14
6357,10
6358,9
6359,18
6360,10
6361,22
6362,18
6363,15
6364,7
6365,11
6366,16
6367,13
6368,26
6369,11
6370,16
6371,14
6372,10
6373,5
6374,7
6375,6
6376,8
6377,8
6378,13
6379,19
6380,9
6381,6
6382,9
6383,3
6384,8
6385,15
6386,10
6387,11
6388,2
6389,7
6390,9
6391,10
6392,2
6393,6
6394,3
6395,9
6396,5
6397,10
6398,9
6400,36
6401,51
6402,25
6403,62
6404,41
6405,33
6406,37
6407,37
6408,55
6409,23
6410,21
6411,31
6412,13
6413,13
6414,35
6415,27
6416,17
6417,15
6418,29
6419,13
6420,7
6421,21
6422,16
6423,11
6424,19
6425,14
6426,18
6427,10
6428,22
6429,17
6430,13
6431,22
6432,17
6433,11
6434,14
6435,6
6436,13
6437,11
6438,12
6439,12
6440,10
6441,8
6442,2
6443,12
6444,15
6445,10
6446,8
6447,6
6448,7
6449,7
6450,6
6451,11
6452,12
6453,16
6454,8
6455,11
6456,5
6457,8
6458,2
6459,10
6460,15
6461,11
6462,10
6463,5
6464,9
6465,11
6466,7
6467,4
6468,5
6469,6
6470,5
6471,5
6472,7
6473,12
6474,2
6475,4
6476,8
6477,14
6478,6
6479,17
6480,2
6481,14
6482,12
6483,7
6484,5
6485,9
6486,6
6487,6
6488,6
6489,2
6490,9
6491,10
6492,6
6493,9
6494,8
6495,6
6496,14
6497,5
6498,3
6499,6
6500,32
6501,36
6502,17
6503,19
6504,26
6505,37
6506,33
6507,20
6508,9
6509,14
6510,17
6511,22
6512,14
6513,19
6514,16
6515,11
6516,18
6517,15
6518,18
6519,16
6520,15
6521,17
6522,13
6523,12
6524,11
6525,6
6526,20
6527,22
6528,9
6529,13
6530,20
6531,5
6532,16
6533,30
6534,10
6535,24
6536,7
6537,8
6538,11
6539,10
6540,12
6541,14
6542,15
6543,12
6544,18
6545,17
6546,16
6547,10
6548,16
6549,11
6550,12
6551,6
6552,7
6553,22
6554,11
6555,11
6556,7
6557,10
6558,8
6559,11
6560,15
6561,7
6562,2
6563,10
6564,4
6565,3
6566,1
6567,8
6568,6
6569,10
6570,4
6571,6
6572,9
6573,3
6574,3
6575,3
6576,18
6577,4
6578,10
6579,7
6580,10
6581,19
6582,16
6583,10
6584,14
6585,8
6586,7
6587,8
6588,3
6589,5
6590,6
6591,4
6592,2
6593,6
6594,14
6595,11
6596,20
6597,4
6598,10
6599,5
6600,33
6601,18
6602,24
6603,28
6604,44
6605,24
6606,22
6607,17
6608,26
6609,18
6610,16
6611,34
6612,23
6613,27
6614,25
6615,18
6616,28
6617,21
6618,16
6619,10
6620,11
6621,22
6622,33
6623,19
6624,17
6625,20
6626,36
6627,17
6628,20
6629,23
6630,19
6631,27
6632,12
6633,17
6634,15
6635,15
6636,6
6637,14
6638,6
6639,14
6640,25
6641,11
6642,28
6643,14
6644,8
6645,15
6646,14
6647,16
6648,13
6649,16
6650,16
6651,13
6652,16
6653,17
6654,9
6655,3
6656,11
6657,16
6658,11
6659,7
6660,17
6661,13
6662,14
6663,9
6664,19
6665,11
6666,10
6667,13
6668,13
6669,10
6670,6
6671,15
6672,6
6673,7
6674,13
6675,6
6676,14
6677,9
6678,3
6679,13
6680,8
6681,6
6682,8
6683,5
6684,7
6685,9
6686,10
6687,17
6688,13
6689,6
6690,7
6691,21
6692,2
6693,7
6694,10
6695,7
6696,9
6697,7
6699,5
6700,13
6701,15
6702,24
6703,13
6704,10
6705,15
6706,23
6707,10
6708,11
6709,14
6710,12
6711,6
6712,10
6713,30
6714,13
6715,26
6716,13
6717,9
6718,21
6719,20
6720,15
6721,17
6722,11
6723,21
6724,10
6725,12
6726,10
6727,22
6728,16
6729,10
6730,15
6731,20
6732,13
6733,22
6734,11
6735,18
6736,24
6737,14
6738,15
6739,20
6740,9
6741,17
6742,15
6743,4
6744,13
6745,17
6746,15
6747,12
6748,6
6749,14
6750,4
6751,6
6752,7
6753,4
6754,5
6755,5
6756,7
6757,4
6758,11
6759,6
6760,4
6761,10
6762,8
6763,11
6764,6
6765,4
6766,8
6767,1
6768,2
6769,7
6770,8
6771,10
6772,6
6773,4
6774,9
6775,5
6776,5
6777,7
6778,13
6779,13
6780,7
6782,2
6783,8
6784,1
6785,9
6786,6
6787,4
6788,1
6789,2
6790,5
6791,5
6792,7
6793,7
6794,6
6795,6
6796,3
6797,6
6798,4
6799,2
6800,36
6801,27
6802,30
6803,19
6804,25
6805,17
6806,16
6807,12
6808,11
6809,7
6810,10
6811,18
6812,16
6813,18
6814,7
6815,8
6816,4
6817,12
6818,7
6819,19
6820,5
6821,13
6822,8
6823,9
6824,15
6825,13
6826,7
6827,9
6828,12
6829,4
6830,13
6831,19
6832,11
6833,1
6834,6
6835,6
6836,12
6837,7
6838,26
6839,13
6840,12
6841,11
6842,18
6843,3
6844,15
6845,12
6846,12
6847,18
6848,9
6849,9
685,1
6850,20
6851,23
6852,4
6853,8
6854,7
6855,6
6856,7
6857,6
6858,4
6859,3
6860,4
6861,5
6862,4
6863,10
6864,19
6865,7
6866,1
6867,3
6868,8
6869,1
6870,5
6871,4
6872,5
6873,2
6874,4
6875,2
6876,1
6878,1
6879,8
6880,6
6881,6
6882,4
6883,2
6884,1
6886,1
6887,2
6889,2
6891,2
6897,3
6900,10
6901,19
6902,14
6903,9
6904,9
6905,25
6906,17
6907,11
6908,30
6909,14
6910,17
6911,26
6912,17
6913,23
6914,13
6915,20
6916,17
6917,22
6918,7
6919,10
6920,11
6921,9
6922,10
6923,5
6924,7
6925,6
6926,6
6927,4
6928,8
6929,3
6930,3
6931,4
6932,11
6933,9
6934,15
6935,12
6936,9
6937,5
6938,7
6939,9
6940,9
6941,9
6942,10
6943,5
6944,5
6945,2
6946,5
6947,6
6948,5
6949,23
6950,6
6951,6
6952,3
6953,9
6954,9
6955,3
6956,6
6958,15
6959,10
6960,3
6961,5
6962,5
6963,3
6964,1
6965,5
6967,1
6968,7
6970,7
6972,1
6973,4
6975,1
6976,3
6978,4
6979,3
6980,4
6982,1
6983,1
6984,2
6985,2
6986,5
6987,7
6988,6
6989,3
6990,4
6991,1
6992,12
6993,2
6996,3
6997,2
7000,55
7001,56
7002,40
7003,51
7004,46
7005,42
7006,42
7007,39
7008,27
7009,27
7010,42
7011,31
7012,28
7013,31
7014,22
7015,28
7016,41
7017,34
7018,23
7019,42
7020,25
7021,17
7022,20
7023,21
7024,22
7025,27
7026,20
7027,14
7028,27
7029,22
7030,11
7031,25
7032,19
7033,15
7034,15
7035,25
7036,14
7037,9
7038,17
7039,12
7040,10
7041,21
7042,27
7043,21
7044,14
7045,33
7046,20
7047,7
7048,23
7049,13
7050,14
7051,14
7052,11
7053,10
7054,20
7055,20
7056,6
7057,13
7058,10
7059,15
7060,16
7061,20
7062,7
7063,19
7064,7
7065,6
7066,27
7067,10
7068,14
7069,9
7070,8
7071,9
7072,2
7073,5
7074,6
7075,2
7076,9
7077,12
7078,2
7079,3
7080,3
7081,11
7082,2
7083,3
7084,5
7085,4
7086,8
7088,4
7089,7
7090,3
7091,4
7092,2
7093,4
7095,3
7096,3
7097,4
7098,1
7099,5
7100,42
7101,52
7102,41
7103,31
7104,45
7105,48
7106,58
7107,47
7108,44
7109,50
7110,62
7111,17
7112,30
7113,31
7114,51
7115,56
7116,35
7117,31
7118,32
7119,44
7120,14
7121,39
7122,34
7123,38
7124,20
7125,30
7126,37
7127,28
7128,17
7129,22
7130,20
7131,19
7132,15
7133,19
7134,19
7135,18
7136,25
7137,28
7138,24
7139,13
7140,26
7141,20
7142,11
7143,19
7144,25
7145,12
7146,21
7147,19
7148,20
7149,17
7150,23
7151,15
7152,21
7153,17
7154,13
7155,9
7156,16
7157,16
7158,17
7159,11
7160,13
7161,17
7162,23
7163,17
7164,14
7165,9
7166,17
7167,16
7168,18
7169,10
7170,9
7171,9
7172,17
7173,8
7174,15
7175,9
7176,15
7177,14
7178,3
7179,9
7180,5
7181,3
7182,3
7183,13
7184,7
7185,12
7186,9
7187,6
7188,6
7189,8
7190,10
7191,5
7192,13
7193,10
7194,7
7195,4
7196,7
7197,10
7198,2
7199,2
7200,58
7201,44
7202,53
7203,42
7204,43
7205,25
7206,19
7207,39
7208,19
7209,37
7210,27
7211,32
7212,19
7213,45
7214,26
7215,35
7216,23
7217,16
7218,15
7219,19
7220,24
7221,17
7222,16
7223,18
7224,17
7225,21
7226,19
7227,16
7228,23
7229,21
7230,22
7231,25
7232,29
7233,21
7234,25
7235,14
7236,25
7237,19
7238,16
7239,16
7240,20
7241,23
7242,19
7243,18
7244,25
7245,24
7246,30
7247,22
7248,8
7249,12
7250,7
7251,18
7252,19
7253,13
7254,14
7255,14
7256,17
7257,20
7258,14
7259,10
7260,16
7261,8
7262,31
7263,17
7264,7
7265,23
7266,5
7267,14
7268,13
7269,11
7270,7
7271,15
7272,8
7273,12
7274,16
7275,10
7276,6
7277,13
7278,20
7279,13
7280,20
7281,2
7282,12
7283,19
7284,21
7285,10
7286,5
7287,22
7288,11
7289,11
7290,6
7291,5
7292,19
7293,8
7294,3
7295,10
7296,16
7297,6
7298,2
7299,5
7300,38
7301,33
7302,22
7303,21
7304,31
7305,19
7306,18
7307,13
7308,19
7309,21
7310,26
7311,25
7312,18
7313,15
7314,27
7315,16
7316,22
7317,31
7318,26
7319,19
7320,20
7321,13
7322,22
7323,29
7324,15
7325,14
7326,28
7327,8
7328,33
7329,13
7330,12
7331,25
7332,14
7333,21
7334,14
7335,25
7336,19
7337,20
7338,15
7339,23
7340,17
7341,22
7342,14
7343,23
7344,17
7345,13
7346,15
7347,19
7348,15
7349,11
7350,11
7351,15
7352,12
7353,18
7354,19
7355,2
7356,11
7357,14
7358,10
7359,3
7360,24
7361,4
7362,16
7363,14
7364,37
7365,10
7366,6
7367,10
7368,10
7369,15
7370,10
7371,7
7372,11
7373,22
7374,19
7375,22
7376,25
7377,30
7378,19
7379,14
7380,10
7381,17
7382,16
7383,18
7384,23
7385,9
7386,13
7387,11
7388,4
7389,8
7390,12
7391,10
7392,11
7393,4
7394,10
7395,7
7396,9
7397,9
7398,19
7399,24
7400,60
7401,38
7402,44
7403,35
7404,56
7405,16
7406,22
7407,16
7408,21
7409,26
7410,21
7411,25
7412,15
7413,6
7414,16
7415,18
7416,13
7417,7
7418,12
7419,15
7420,13
7421,11
7422,10
7423,16
7424,8
7425,16
7426,8
7427,6
7428,19
7429,14
7430,12
7431,10
7432,10
7433,11
7434,2
7435,6
7436,13
7437,5
7438,14
7439,7
7440,9
7441,6
7442,5
7443,9
7444,7
7445,13
7446,7
7447,9
7448,10
7449,8
7450,8
7451,4
7452,9
7453,2
7454,4
7455,4
7456,5
7457,3
7458,4
7459,1
7460,8
7461,12
7462,5
7463,5
7464,11
7465,6
7466,6
7467,10
7468,4
7469,3
7470,2
7471,2
7473,13
7474,3
7475,6
7476,4
7477,14
7478,3
7479,2
7481,5
7482,3
7483,7
7484,6
7485,3
7486,3
7487,5
7488,3
7489,2
7490,2
7491,6
7492,5
7493,3
7494,2
7495,3
7496,7
7497,5
7498,4
7499,13
7500,119
7501,65
7502,88
7503,50
7504,55
7505,52
7506,49
7507,41
7508,46
7509,42
7510,49
7511,33
7512,23
7513,25
7514,42
7515,26
7516,27
7517,28
7518,31
7519,27
7520,33
7521,27
7522,21
7523,20
7524,24
7525,29
7526,15
7527,21
7528,18
7529,20
7530,25
7531,23
7532,22
7533,26
7534,25
7535,23
7536,29
7537,33
7538,19
7539,17
7540,25
7541,23
7542,38
7543,20
7544,25
7545,23
7546,23
7547,27
7548,23
7549,7
7550,21
7551,30
7552,27
7553,21
7554,26
7555,12
7556,18
7557,26
7558,25
7559,13
7560,26
7561,32
7562,8
7563,6
7564,20
7565,31
7566,12
7567,27
7568,14
7569,12
7570,27
7571,22
7572,7
7573,17
7574,15
7575,23
7576,13
7577,6
7578,20
7579,25
7580,26
7581,22
7582,24
7583,12
7584,4
7585,20
7586,17
7587,17
7588,27
7589,21
7590,12
7591,8
7592,23
7593,20
7594,24
7595,10
7596,14
7597,14
7598,14
7599,14
7600,53
7601,51
7602,24
7603,34
7604,25
7605,22
7606,39
7607,25
7608,19
7609,30
7610,20
7611,19
7612,14
7613,17
7614,14
7615,14
7616,10
7617,8
7618,16
7619,14
7620,20
7621,18
7622,12
7623,12
7624,12
7625,15
7626,11
7627,11
7628,15
7629,33
7630,17
7631,8
7632,20
7633,16
7634,13
7635,8
7636,14
7637,10
7638,10
7639,11
7640,15
7641,12
7642,14
7643,11
7644,12
7645,10
7646,12
7647,20
7648,17
7649,20
7650,13
7651,15
7652,13
7653,14
7654,10
7655,20
7656,25
7657,9
7658,12
7659,17
7660,17
7661,20
7662,15
7663,9
7664,17
7665,10
7666,13
7667,17
7668,6
7669,10
7670,12
7671,17
7672,9
7673,13
7674,19
7675,7
7676,5
7677,13
7678,18
7679,15
7680,7
7681,11
7682,14
7683,5
7684,15
7685,12
7686,11
7687,12
7688,9
7689,7
7690,2
7691,3
7692,6
7693,8
7694,6
7695,4
7696,9
7697,4
7698,7
7699,4
7700,75
7701,58
7702,34
7703,43
7704,30
7705,34
7706,38
7707,39
7708,17
7709,12
7710,23
7711,24
7712,21
7713,10
7714,14
7715,16
7716,15
7717,14
7718,10
7719,15
7720,15
7721,9
7722,9
7723,15
7724,13
7725,25
7726,9
7727,8
7728,19
7729,9
7730,10
7731,10
7732,9
7733,19
7734,14
7735,12
7736,17
7737,7
7738,15
7739,8
7740,8
7741,16
7742,6
7743,4
7744,5
7745,11
7746,8
7747,2
7748,5
7749,7
7750,10
7751,3
7752,4
7753,4
7754,4
7755,12
7756,10
7757,4
7758,6
7759,2
7760,10
7761,13
7762,4
7763,8
7764,8
7765,7
7766,7
7767,8
7768,17
7769,4
7770,10
7771,4
7772,3
7773,8
7774,6
7775,2
7776,11
7777,8
7778,1
7779,11
7780,5
7781,6
7782,7
7783,6
7784,11
7785,7
7786,20
7787,6
7788,5
7789,6
7790,13
7791,7
7792,3
7793,2
7794,10
7795,12
7796,15
7797,2
7798,6
7799,7
7800,91
7801,75
7802,65
7803,53
7804,80
7805,55
7806,56
7807,65
7808,53
7809,49
7810,79
7811,61
7812,54
7813,43
7814,48
7815,36
7816,28
7817,32
7818,57
7819,43
7820,20
7821,19
7822,20
7823,25
7824,35
7825,47
7826,23
7827,16
7828,24
7829,29
7830,25
7831,18
7832,33
7833,30
7834,23
7835,18
7836,33
7837,46
7838,36
7839,20
7840,26
7841,33
7842,40
7843,44
7844,17
7845,23
7846,31
7847,29
7848,30
7849,26
7850,25
7851,30
7852,20
7853,16
7854,20
7855,14
7856,23
7857,27
7858,36
7859,17
7860,21
7861,23
7862,21
7863,15
7864,16
7865,19
7866,13
7867,20
7868,14
7869,14
7870,53
7871,17
7872,32
7873,10
7874,20
7875,17
7876,9
7877,20
7878,20
7879,28
7880,20
7881,17
7882,19
7883,22
7884,39
7885,15
7886,22
7887,16
7888,9
7889,11
7890,8
7891,14
7892,7
7893,11
7894,5
7895,3
7896,7
7897,9
7898,5
7899,6
7900,64
7901,50
7902,37
7903,15
7904,16
7905,32
7906,44
7907,29
7908,35
7909,31
7910,31
7911,39
7912,32
7913,30
7914,34
7915,36
7916,28
7917,34
7918,29
7919,14
7920,7
7921,18
7922,18
7923,20
7924,18
7925,29
7926,12
7927,22
7928,22
7929,14
7930,24
7931,13
7932,18
7933,14
7934,15
7935,11
7936,17
7937,27
7938,12
7939,19
7940,26
7941,15
7942,13
7943,8
7944,15
7945,9
7946,25
7947,20
7948,14
7949,10
7950,9
7951,12
7952,17
7953,9
7954,18
7955,12
7956,9
7957,6
7958,15
7959,9
7960,9
7961,7
7962,14
7963,7
7964,6
7965,14
7966,13
7967,10
7968,5
7969,17
7970,7
7971,8
7972,14
7973,9
7974,6
7975,7
7976,10
7977,6
7978,8
7979,10
7980,10
7981,6
7982,9
7983,7
7984,6
7985,14
7986,11
7987,4
7988,7
7989,6
7990,10
7991,10
7992,11
7993,4
7994,8
7995,18
7996,8
7997,4
7998,4
7999,1
8000,89
8001,63
8002,63
8003,67
8004,46
8005,56
8006,45
8007,57
8008,59
8009,38
8010,64
8011,33
8012,57
8013,56
8014,45
8015,52
8016,46
8017,46
8018,47
8019,44
8020,46
8021,44
8022,47
8023,42
8024,42
8025,30
8026,32
8027,41
8028,44
8029,45
8030,31
8031,36
8032,36
8033,32
8034,21
8035,27
8036,42
8037,30
8038,45
8039,48
8040,31
8041,27
8042,41
8043,35
8044,27
8045,39
8046,39
8047,35
8048,27
8049,26
8050,56
8051,30
8052,37
8053,30
8054,23
8055,31
8056,25
8057,20
8058,34
8059,31
8060,35
8061,16
8062,31
8063,13
8064,38
8065,39
8066,19
8067,27
8068,26
8069,23
8070,21
8071,25
8072,23
8073,12
8074,27
8075,15
8076,22
8077,11
8078,17
8079,22
8080,24
8081,21
8082,32
8083,30
8084,43
8085,25
8086,17
8087,26
8088,15
8089,30
8090,26
8091,10
8092,16
8093,21
8094,16
8095,26
8096,17
8097,19
8098,15
8099,10
8100,108
8101,72
8102,95
8103,77
8104,65
8105,54
8106,43
8107,46
8108,54
8109,61
8110,59
8111,43
8112,54
8113,49
8114,23
8115,39
8116,35
8117,48
8118,70
8119,70
8120,42
8121,93
8122,37
8123,42
8124,37
8125,33
8126,34
8127,44
8128,36
8129,44
8130,58
8131,46
8132,44
8133,38
8134,32
8135,20
8136,21
8137,26
8138,22
8139,30
8140,23
8141,20
8142,25
8143,14
8144,32
8145,22
8146,19
8147,22
8148,20
8149,19
8150,18
8151,20
8152,8
8153,16
8154,10
8155,23
8156,12
8157,16
8158,24
8159,20
8160,11
8161,13
8162,29
8163,19
8164,20
8165,8
8166,18
8167,18
8168,10
8169,18
8170,26
8171,13
8172,18
8173,9
8174,7
8175,31
8176,14
8177,15
8178,18
8179,11
8180,20
8181,13
8182,4
8183,8
8184,15
8185,17
8186,11
8187,7
8188,11
8189,11
8190,20
8191,12
8192,9
8193,15
8194,5
8195,10
8196,10
8197,10
8198,6
8199,6
8200,86
8201,45
8202,73
8203,61
8204,43
8205,50
8206,54
8207,41
8208,51
8209,53
8210,34
8211,32
8212,35
8213,48
8214,34
8215,22
8216,41
8217,25
8218,37
8219,52
8220,27
8221,54
8222,29
8223,28
8224,52
8225,55
8226,41
8227,22
8228,36
8229,38
8230,31
8231,24
8232,32
8233,18
8234,17
8235,44
8236,33
8237,32
8238,22
8239,32
8240,23
8241,17
8242,21
8243,28
8244,22
8245,28
8246,34
8247,11
8248,11
8249,25
8250,19
8251,24
8252,19
8253,20
8254,11
8255,16
8256,19
8257,20
8258,23
8259,19
8260,18
8261,22
8262,18
8263,15
8264,16
8265,23
8266,7
8267,18
8268,11
8269,5
8270,8
8271,18
8272,17
8273,17
8274,13
8275,17
8276,11
8277,13
8278,11
8279,9
8280,16
8281,13
8282,12
8283,12
8284,12
8285,13
8286,7
8287,11
8288,4
8289,14
8290,16
8291,9
8292,13
8293,15
8294,8
8295,12
8296,17
8297,8
8298,6
8299,8
8300,49
8301,51
8302,34
8303,66
8304,78
8305,55
8306,35
8307,59
8308,56
8309,38
8310,34
8311,48
8312,31
8313,26
8314,33
8315,39
8316,30
8317,21
8318,33
8319,17
8320,21
8321,40
8322,17
8323,27
8324,27
8325,35
8326,27
8327,26
8328,37
8329,12
833,1
8330,20
8331,29
8332,24
8333,13
8334,12
8335,20
8336,19
8337,22
8338,21
8339,14
8340,10
8341,20
8342,20
8343,20
8344,26
8345,33
8346,26
8347,18
8348,13
8349,20
8350,13
8351,15
8352,7
8353,23
8354,21
8355,16
8356,17
8357,21
8358,22
8359,17
8360,15
8361,14
8362,11
8363,18
8364,11
8365,13
8366,18
8367,17
8368,19
8369,12
8370,17
8371,20
8372,15
8373,17
8374,12
8375,7
8376,17
8377,12
8378,12
8379,9
8380,8
8381,14
8382,19
8383,24
8384,12
8385,15
8386,10
8387,6
8388,23
8389,12
8390,10
8391,13
8392,12
8393,7
8394,18
8395,9
8396,12
8397,14
8398,21
8399,20
8400,67
8401,60
8402,40
8403,48
8404,53
8405,39
8406,58
8407,64
8408,66
8409,36
8410,32
8411,76
8412,47
8413,41
8414,34
8415,41
8416,57
8417,44
8418,46
8419,41
8420,20
8421,32
8422,29
8423,31
8424,26
8425,27
8426,28
8427,20
8428,16
8429,21
8430,26
8431,21
8432,22
8433,32
8434,27
8435,47
8436,18
8437,37
8438,25
8439,17
8440,17
8441,25
8442,18
8443,12
8444,15
8445,20
8446,22
8447,10
8448,18
8449,18
8450,28
8451,32
8452,9
8453,18
8454,25
8455,23
8456,21
8457,29
8458,11
8459,24
8460,27
8461,28
8462,33
8463,13
8464,17
8465,21
8466,17
8467,12
8468,18
8469,24
8470,22
8471,22
8472,25
8473,23
8474,21
8475,26
8476,12
8477,19
8478,20
8479,17
8480,21
8481,22
8482,22
8483,12
8484,16
8485,25
8486,19
8487,25
8488,38
8489,16
8490,16
8491,13
8492,7
8493,10
8494,20
8495,16
8496,17
8497,20
8498,14
8499,17
8500,72
8501,68
8502,85
8503,66
8504,74
8505,36
8506,38
8507,69
8508,70
8509,54
8510,46
8511,64
8512,67
8513,49
8514,60
8515,54
8516,57
8517,50
8518,50
8519,48
8520,57
8521,43
8522,46
8523,23
8524,32
8525,38
8526,31
8527,33
8528,34
8529,37
8530,47
8531,45
8532,33
8533,48
8534,24
8535,31
8536,29
8537,38
8538,39
8539,43
8540,51
8541,42
8542,33
8543,29
8544,21
8545,40
8546,25
8547,34
8548,23
8549,24
8550,36
8551,24
8552,25
8553,13
8554,27
8555,26
8556,31
8557,24
8558,18
8559,31
8560,13
8561,37
8562,18
8563,20
8564,17
8565,17
8566,24
8567,12
8568,17
8569,21
8570,10
8571,12
8572,21
8573,23
8574,15
8575,18
8576,14
8577,14
8578,17
8579,7
8580,9
8581,9
8582,7
8583,17
8584,14
8585,18
8586,9
8587,8
8588,13
8589,12
8590,12
8591,5
8592,6
8593,16
8594,16
8595,9
8596,2
8597,7
8598,22
8599,14
8600,52
8601,51
8602,36
8603,49
8604,44
8605,60
8606,53
8607,37
8608,30
8609,29
8610,52
8611,27
8612,45
8613,31
8614,39
8615,44
8616,27
8617,30
8618,24
8619,35
8620,38
8621,26
8622,27
8623,33
8624,25
8625,32
8626,22
8627,40
8628,18
8629,29
8630,40
8631,22
8632,30
8633,27
8634,31
8635,19
8636,36
8637,34
8638,19
8639,21
8640,19
8641,25
8642,32
8643,24
8644,20
8645,15
8646,13
8647,21
8648,14
8649,23
8650,32
8651,16
8652,27
8653,14
8654,21
8655,12
8656,11
8657,22
8658,32
8659,28
8660,21
8661,15
8662,26
8663,20
8664,9
8665,18
8666,29
8667,23
8668,15
8669,21
8670,26
8671,20
8672,14
8673,18
8674,18
8675,15
8676,11
8677,17
8678,14
8679,15
8680,12
8681,12
8682,13
8683,9
8684,10
8685,18
8686,6
8687,12
8688,15
8689,12
8690,9
8691,4
8692,6
8693,10
8694,9
8695,18
8696,10
8697,19
8698,4
8699,3
8700,94
8701,80
8702,83
8703,70
8704,63
8705,50
8706,62
8707,49
8708,46
8709,38
8710,50
8711,32
8712,37
8713,36
8714,58
8715,48
8716,51
8717,28
8718,37
8719,23
8720,40
8721,37
8722,43
8723,46
8724,24
8725,34
8726,37
8727,26
8728,68
8729,39
8730,35
8731,30
8732,24
8733,29
8734,32
8735,27
8736,42
8737,37
8738,27
8739,24
8740,30
8741,33
8742,31
8743,41
8744,24
8745,23
8746,20
8747,37
8748,21
8749,30
8750,36
8751,24
8752,31
8753,28
8754,38
8755,29
8756,25
8757,19
8758,22
8759,31
8760,12
8761,14
8762,17
8763,37
8764,21
8765,28
8766,21
8767,28
8768,18
8769,21
8770,24
8771,28
8772,31
8773,43
8774,14
8775,21
8776,32
8777,24
8778,18
8779,15
8780,26
8781,32
8782,22
8783,21
8784,18
8785,28
8786,25
8787,38
8788,31
8789,27
8790,24
8791,21
8792,13
8793,15
8794,20
8795,14
8796,22
8797,13
8798,19
8799,8
8800,72
8801,102
8802,67
8803,71
8804,81
8805,76
8806,51
8807,57
8808,39
8809,69
8810,73
8811,67
8812,48
8813,58
8814,74
8815,79
8816,94
8817,62
8818,41
8819,61
8820,55
8821,50
8822,37
8823,43
8824,50
8825,49
8826,43
8827,39
8828,44
8829,34
8830,51
8831,47
8832,44
8833,44
8834,27
8835,41
8836,25
8837,45
8838,48
8839,41
8840,37
8841,23
8842,35
8843,25
8844,31
8845,41
8846,42
8847,49
8848,24
8849,42
8850,25
8851,39
8852,34
8853,23
8854,31
8855,35
8856,20
8857,20
8858,22
8859,39
8860,37
8861,42
8862,30
8863,28
8864,22
8865,23
8866,6
8867,35
8868,19
8869,43
8870,19
8871,34
8872,24
8873,25
8874,22
8875,17
8876,14
8877,23
8878,19
8879,17
8880,25
8881,24
8882,21
8883,14
8884,23
8885,19
8886,21
8887,20
8888,18
8889,16
8890,9
8891,14
8892,23
8893,5
8894,11
8895,22
8896,15
8897,16
8898,31
8899,12
8900,78
8901,84
8902,59
8903,62
8904,52
8905,58
8906,53
8907,42
8908,58
8909,73
8910,62
8911,76
8912,46
8913,50
8914,42
8915,47
8916,45
8917,47
8918,67
8919,39
8920,52
8921,52
8922,38
8923,38
8924,46
8925,36
8926,42
8927,23
8928,42
8929,33
8930,42
8931,47
8932,55
8933,39
8934,39
8935,30
8936,25
8937,30
8938,22
8939,39
8940,32
8941,27
8942,35
8943,27
8944,24
8945,19
8946,21
8947,44
8948,36
8949,33
8950,35
8951,24
8952,25
8953,29
8954,21
8955,10
8956,23
8957,12
8958,17
8959,13
8960,17
8961,23
8962,15
8963,25
8964,24
8965,21
8966,27
8967,17
8968,36
8969,36
8970,25
8971,33
8972,19
8973,26
8974,21
8975,26
8976,34
8977,21
8978,22
8979,40
8980,14
8981,19
8982,26
8983,28
8984,23
8985,18
8986,15
8987,25
8988,12
8989,23
8990,13
8991,10
8992,15
8993,9
8994,20
8995,34
8996,29
8997,20
8998,14
8999,6
9000,96
9001,80
9002,99
9003,68
9004,80
9005,90
9006,51
9007,81
9008,80
9009,70
9010,93
9011,63
9012,67
9013,53
9014,48
9015,53
9016,67
9017,58
9018,71
9019,62
9020,60
9021,75
9022,76
9023,58
9024,61
9025,54
9026,80
9027,53
9028,76
9029,45
9030,52
9031,51
9032,59
9033,80
9034,59
9035,46
9036,57
9037,55
9038,67
9039,55
9040,61
9041,49
9042,61
9043,49
9044,50
9045,51
9046,54
9047,55
9048,37
9049,59
9050,50
9051,42
9052,51
9053,36
9054,36
9055,36
9056,51
9057,41
9058,33
9059,39
9060,28
9061,47
9062,39
9063,61
9064,43
9065,35
9066,36
9067,34
9068,35
9069,38
9070,49
9071,18
9072,48
9073,31
9074,38
9075,70
9076,25
9077,31
9078,44
9079,40
9080,44
9081,45
9082,26
9083,21
9084,37
9085,42
9086,37
9087,29
9088,40
9089,19
9090,25
9091,30
9092,24
9093,25
9094,25
9095,27
9096,40
9097,33
9098,25
9099,28
9100,90
9101,90
9102,65
9103,56
9104,75
9105,68
9106,63
9107,73
9108,57
9109,63
9110,60
9111,51
9112,54
9113,72
9114,74
9115,51
9116,54
9117,75
9118,65
9119,43
9120,58
9121,57
9122,54
9123,47
9124,60
9125,48
9126,43
9127,56
9128,50
9129,36
9130,46
9131,28
9132,52
9133,54
9134,29
9135,37
9136,40
9137,55
9138,43
9139,33
9140,34
9141,64
9142,34
9143,52
9144,43
9145,31
9146,57
9147,48
9148,30
9149,45
9150,43
9151,44
9152,47
9153,59
9154,37
9155,43
9156,41
9157,32
9158,58
9159,37
9160,39
9161,49
9162,38
9163,47
9164,32
9165,40
9166,27
9167,32
9168,47
9169,24
9170,34
9171,27
9172,22
9173,23
9174,18
9175,25
9176,22
9177,34
9178,15
9179,31
9180,38
9181,28
9182,31
9183,21
9184,33
9185,28
9186,29
9187,40
9188,43
9189,40
9190,24
9191,30
9192,44
9193,26
9194,32
9195,36
9196,19
9197,24
9198,31
9199,30
9200,93
9201,105
9202,85
9203,79
9204,67
9205,62
9206,74
9207,42
9208,59
9209,62
9210,80
9211,65
9212,70
9213,57
9214,95
9215,72
9216,51
9217,60
9218,67
9219,82
9220,56
9221,69
9222,45
9223,81
9224,57
9225,62
9226,56
9227,80
9228,61
9229,63
9230,65
9231,56
9232,65
9233,60
9234,53
9235,62
9236,57
9237,41
9238,62
9239,39
9240,41
9241,38
9242,58
9243,55
9244,54
9245,50
9246,60
9247,47
9248,50
9249,48
9250,57
9251,57
9252,42
9253,60
9254,54
9255,44
9256,36
9257,58
9258,55
9259,47
9260,41
9261,42
9262,46
9263,52
9264,38
9265,65
9266,35
9267,39
9268,71
9269,40
9270,50
9271,53
9272,43
9273,39
9274,63
9275,53
9276,48
9277,69
9278,32
9279,41
9280,25
9281,27
9282,23
9283,20
9284,29
9285,42
9286,38
9287,35
9288,23
9289,23
9290,31
9291,24
9292,31
9293,31
9294,23
9295,30
9296,30
9297,21
9298,21
9299,12
9300,102
9301,65
9302,77
9303,68
9304,77
9305,81
9306,73
9307,60
9308,85
9309,67
9310,73
9311,61
9312,72
9313,76
9314,72
9315,50
9316,76
9317,74
9318,63
9319,54
9320,55
9321,56
9322,62
9323,41
9324,48
9325,55
9326,72
9327,57
9328,42
9329,52
9330,55
9331,51
9332,35
9333,72
9334,43
9335,35
9336,55
9337,47
9338,53
9339,38
9340,36
9341,42
9342,40
9343,64
9344,28
9345,29
9346,24
9347,27
9348,39
9349,46
9350,34
9351,50
9352,54
9353,26
9354,23
9355,34
9356,18
9357,30
9358,38
9359,24
9360,25
9361,40
9362,26
9363,34
9364,30
9365,18
9366,30
9367,31
9368,27
9369,22
9370,35
9371,33
9372,19
9373,31
9374,32
9375,32
9376,17
9377,22
9378,18
9379,12
9380,18
9381,27
9382,27
9383,12
9384,19
9385,26
9386,23
9387,20
9388,16
9389,31
9390,27
9391,9
9392,27
9393,27
9394,30
9395,20
9396,29
9397,34
9398,24
9399,37
9400,120
9401,89
9402,81
9403,84
9404,56
9405,85
9406,82
9407,65
9408,62
9409,64
9410,61
9411,71
9412,59
9413,63
9414,62
9415,55
9416,60
9417,68
9418,68
9419,55
942,1
9420,57
9421,54
9422,51
9423,47
9424,48
9425,58
9426,48
9427,44
9428,41
9429,65
9430,56
9431,50
9432,66
9433,63
9434,37
9435,44
9436,73
9437,45
9438,68
9439,62
9440,42
9441,43
9442,60
9443,58
9444,61
9445,52
9446,20
9447,50
9448,39
9449,50
9450,42
9451,60
9452,54
9453,24
9454,38
9455,43
9456,38
9457,49
9458,43
9459,34
9460,59
9461,66
9462,37
9463,39
9464,43
9465,33
9466,26
9467,42
9468,39
9469,34
9470,43
9471,33
9472,28
9473,46
9474,47
9475,42
9476,34
9477,31
9478,43
9479,38
9480,31
9481,32
9482,57
9483,29
9484,24
9485,46
9486,39
9487,50
9488,32
9489,20
9490,23
9491,25
9492,53
9493,29
9494,33
9495,11
9496,37
9497,35
9498,21
9499,20
9500,87
9501,83
9502,95
9503,77
9504,85
9505,96
9506,77
9507,101
9508,86
9509,82
9510,71
9511,88
9512,62
9513,50
9514,63
9515,48
9516,52
9517,39
9518,48
9519,70
9520,42
9521,45
9522,58
9523,62
9524,79
9525,59
9526,70
9527,41
9528,53
9529,38
9530,43
9531,34
9532,44
9533,25
9534,51
9535,49
9536,57
9537,42
9538,54
9539,46
9540,52
9541,52
9542,39
9543,56
9544,58
9545,45
9546,43
9547,57
9548,71
9549,44
9550,38
9551,55
9552,40
9553,32
9554,30
9555,56
9556,43
9557,32
9558,39
9559,51
9560,48
9561,31
9562,32
9563,35
9564,30
9565,29
9566,37
9567,39
9568,34
9569,44
9570,37
9571,43
9572,24
9573,31
9574,35
9575,28
9576,35
9577,30
9578,32
9579,33
9580,31
9581,38
9582,30
9583,27
9584,26
9585,26
9586,37
9587,28
9588,32
9589,24
9590,23
9591,21
9592,25
9593,19
9594,21
9595,32
9596,19
9597,28
9598,31
9599,13
9600,68
9601,88
9602,63
9603,72
9604,76
9605,71
9606,66
9607,80
9608,65
9609,51
9610,55
9611,60
9612,58
9613,57
9614,44
9615,45
9616,42
9617,55
9618,46
9619,46
9620,41
9621,45
9622,54
9623,51
9624,31
9625,45
9626,58
9627,50
9628,48
9629,48
9630,54
9631,55
9632,31
9633,45
9634,53
9635,46
9636,37
9637,32
9638,54
9639,60
9640,39
9641,63
9642,30
9643,46
9644,46
9645,50
9646,39
9647,39
9648,40
9649,37
9650,44
9651,35
9652,30
9653,45
9654,50
9655,50
9656,49
9657,48
9658,29
9659,35
9660,48
9661,66
9662,58
9663,70
9664,63
9665,62
9666,50
9667,47
9668,59
9669,47
9670,53
9671,39
9672,49
9673,45
9674,38
9675,26
9676,31
9677,38
9678,25
9679,29
9680,33
9681,37
9682,39
9683,22
9684,36
9685,34
9686,39
9687,21
9688,38
9689,32
9690,14
9691,43
9692,23
9693,41
9694,35
9695,22
9696,30
9697,43
9698,28
9699,41
9700,94
9701,108
9702,83
9703,77
9704,74
9705,80
9706,45
9707,35
9708,67
9709,73
9710,81
9711,52
9712,52
9713,62
9714,46
9715,55
9716,50
9717,41
9718,42
9719,38
9720,34
9721,49
9722,66
9723,39
9724,31
9725,37
9726,36
9727,35
9728,33
9729,37
9730,40
9731,49
9732,34
9733,30
9734,38
9735,42
9736,43
9737,67
9738,42
9739,57
9740,40
9741,50
9742,42
9743,35
9744,32
9745,37
9746,44
9747,27
9748,32
9749,47
9750,45
9751,49
9752,39
9753,61
9754,50
9755,52
9756,59
9757,40
9758,49
9759,38
9760,52
9761,46
9762,54
9763,63
9764,57
9765,50
9766,63
9767,40
9768,51
9769,39
9770,42
9771,44
9772,25
9773,41
9774,55
9775,43
9776,44
9777,50
9778,32
9779,31
9780,29
9781,47
9782,43
9783,47
9784,36
9785,50
9786,36
9787,38
9788,37
9789,34
9790,50
9791,42
9792,40
9793,41
9794,37
9795,33
9796,34
9797,33
9798,33
9799,39
9800,30
9801,49
9802,45
9803,19
9804,23
9805,24
9806,13
9807,23
9808,37
9809,9
9810,22
9811,12
9812,5
9813,10
9814,8
9815,10
9816,12
9817,13
9818,7
9819,17
9820,17
9821,5
9822,6
9823,3
9824,8
9825,9
9826,15
9827,6
9828,8
9829,2
9830,6
9831,3
9832,6
9833,4
9834,4
9835,9
9836,6
9837,6
9838,8
9839,6
9840,5
9841,1
9842,8
9843,7
9844,4
9845,3
9846,2
9847,3
9848,7
9849,4
9850,3
9851,7
9853,4
9854,1
9855,4
9856,1
9857,1
9858,2
9859,1
9861,3
9862,4
9863,4
9864,6
9865,2
9866,1
9868,2
9869,2
9873,1
9878,1
9879,1
9880,1
9881,3
9883,1
9884,3
9885,1
9887,3
9889,2
9890,1
9892,2
9894,2
9897,1
9901,1
9905,3
9906,1
9916,1
9917,1
9921,2
9940,1
9942,3
9948,3
9949,4
9998,5
9999,6
Q,1
