text_mail_zip4,Count
,1948212
-571,1
0,1
0000,436
0001,53
0002,57
0003,76
0004,82
0005,56
0006,67
0007,60
0008,57
0009,15
0010,13
0011,66
0012,77
0013,85
0014,68
0015,49
0016,33
0017,22
0018,17
0019,9
0020,14
0021,64
0022,70
0023,69
0024,72
0025,63
0026,60
0027,45
0028,30
0029,26
003,1
0030,11
0031,60
0032,70
0033,71
0034,72
0035,77
0036,58
0037,57
0038,29
0039,29
0040,17
0041,81
0042,57
0043,73
0044,73
0045,48
0046,37
0047,22
0048,22
0049,18
0050,10
0051,64
0052,57
0053,81
0054,57
0055,67
0056,66
0057,37
0058,31
0059,16
0060,10
0061,57
0062,75
0063,77
0064,82
0065,65
0066,59
0067,41
0068,52
0069,26
0070,8
0071,75
0072,68
0073,75
0074,75
0075,55
0076,26
0077,28
0078,11
0079,6
0080,10
0081,56
0082,54
0083,67
0084,75
0085,50
0086,50
0087,45
0088,27
0089,8
009,1
0090,9
0091,44
0092,67
0093,80
0094,71
0095,63
0096,55
0097,47
0098,30
0099,14
0100,13
0101,41
0102,65
0103,84
0104,73
0105,52
0106,22
0107,23
0108,11
0109,24
0110,24
0111,56
0112,77
0113,63
0114,72
0115,60
0116,40
0117,44
0118,26
0119,13
0120,9
0121,49
0122,59
0123,82
0124,69
0125,69
0126,46
0127,47
0128,35
0129,11
0130,16
0131,56
0132,63
0133,71
0134,64
0135,41
0136,25
0137,13
0138,17
0139,14
0140,2
0141,40
0142,64
0143,72
0144,53
0145,59
0146,47
0147,38
0148,22
0149,15
0150,5
0151,48
0152,55
0153,71
0154,53
0155,52
0156,48
0157,31
0158,29
0159,19
0160,17
0161,44
0162,70
0163,58
0164,74
0165,28
0166,28
0167,19
0168,14
0169,10
0170,3
0171,54
0172,53
0173,48
0174,49
0175,49
0176,39
0177,18
0178,13
0179,10
0180,9
0181,48
0182,56
0183,41
0184,62
0185,48
0186,36
0187,43
0188,37
0189,11
0190,10
0191,45
0192,54
0193,49
0194,42
0195,31
0196,13
0197,9
0198,13
0199,3
0200,2
0201,40
0202,47
0203,44
0204,51
0205,52
0206,36
0207,20
0208,25
0209,12
0210,12
0211,46
0212,47
0213,59
0214,38
0215,38
0216,46
0217,26
0218,30
0219,11
0220,13
0221,46
0222,50
0223,43
0224,50
0225,36
0226,23
0227,14
0228,13
0229,4
0230,1
0231,20
0232,57
0233,44
0234,52
0235,41
0236,32
0237,27
0238,8
0239,13
0240,7
0241,37
0242,44
0243,56
0244,40
0245,32
0246,45
0247,27
0248,21
0249,12
0250,6
0251,28
0252,49
0253,30
0254,40
0255,21
0256,21
0257,9
0258,15
0259,1
0260,1
0261,42
0262,41
0263,43
0264,39
0265,40
0266,28
0267,20
0268,14
0269,8
0270,1
0271,27
0272,33
0273,39
0274,48
0275,28
0276,29
0277,23
0278,17
0279,9
0280,7
0281,30
0282,53
0283,46
0284,36
0285,25
0286,20
0287,11
0288,7
0289,3
0290,5
0291,29
0292,40
0293,40
0294,37
0295,30
0296,32
0297,20
0298,12
0299,8
0300,5
0301,18
0302,29
0303,28
0304,41
0305,27
0306,24
0307,24
0308,14
0309,8
0310,16
0311,28
0312,35
0313,26
0314,30
0315,10
0316,8
0317,9
0318,5
0319,3
0320,1
0321,25
0322,28
0323,34
0324,40
0325,19
0326,26
0327,7
0328,13
0329,4
0330,1
0331,33
0332,31
0333,30
0334,32
0335,24
0336,27
0337,22
0338,23
0339,6
0340,9
0341,31
0342,38
0343,31
0344,37
0345,19
0346,6
0347,18
0348,8
0351,26
0352,21
0353,31
0354,32
0355,17
0356,11
0357,9
0358,10
0359,4
0360,2
0361,26
0362,29
0363,28
0364,39
0365,21
0366,24
0367,24
0368,14
0369,4
0370,2
0371,22
0372,26
0373,34
0374,33
0375,19
0376,11
0377,7
0378,7
0379,5
0380,2
0381,18
0382,29
0383,28
0384,23
0385,19
0386,13
0387,16
0388,16
0389,10
0390,1
0391,25
0392,21
0393,25
0394,23
0395,28
0396,16
0397,12
0398,10
0399,7
0400,3
0401,41
0402,31
0403,36
0404,26
0405,21
0406,13
0407,9
0408,7
0409,2
0410,4
0411,25
0412,27
0413,34
0414,25
0415,28
0416,27
0417,11
0418,9
0419,12
0420,3
0421,32
0422,27
0423,45
0424,14
0425,25
0426,18
0427,30
0428,7
0429,8
0430,13
0431,28
0432,24
0433,21
0434,26
0435,11
0436,11
0437,6
0438,9
0439,3
0440,3
0441,26
0442,29
0443,28
0444,26
0445,18
0446,20
0447,18
0448,11
0449,9
0450,2
0451,19
0452,27
0453,28
0454,31
0455,21
0456,22
0457,13
0458,1
0459,8
046,1
0460,9
0461,33
0462,24
0463,25
0464,21
0465,18
0466,17
0467,8
0468,8
0469,5
0470,6
0471,24
0472,15
0473,15
0474,17
0475,16
0476,18
0477,13
0478,8
0479,10
0480,5
0481,16
0482,19
0483,21
0484,17
0485,16
0486,18
0487,8
0488,6
0489,7
0490,4
0491,21
0492,24
0493,24
0494,13
0495,12
0496,7
0497,4
0498,6
0499,3
0500,5
0501,31
0502,23
0503,25
0504,23
0505,21
0506,19
0507,13
0508,10
0509,8
0510,2
0511,11
0512,20
0513,20
0514,21
0515,9
0516,15
0517,10
0518,14
0519,8
0520,5
0521,20
0522,17
0523,20
0524,17
0525,15
0526,8
0527,13
0528,12
0529,7
0530,5
0531,11
0532,17
0533,21
0534,27
0535,20
0536,11
0537,9
0538,3
0539,8
0540,8
0541,9
0542,21
0543,11
0544,13
0545,14
0546,17
0547,11
0548,11
0549,9
0550,10
0551,22
0552,20
0553,12
0554,17
0555,6
0556,17
0557,5
0558,8
0559,6
0560,6
0561,12
0562,10
0563,15
0564,18
0565,10
0566,10
0567,12
0568,5
0569,3
0570,1
0571,13
0572,12
0573,26
0574,21
0575,11
0576,12
0577,6
0578,11
0579,2
0580,6
0581,15
0582,26
0583,17
0584,13
0585,13
0586,13
0587,6
0588,6
0589,6
0590,5
0591,9
0592,12
0593,10
0594,13
0595,16
0596,5
0597,5
0598,5
0599,2
0600,3
0601,23
0602,16
0603,6
0604,15
0605,17
0606,7
0607,11
0608,9
0609,4
0610,6
0611,17
0612,12
0613,16
0614,11
0615,18
0616,15
0617,5
0618,7
0619,9
0620,4
0621,14
0622,14
0623,10
0624,9
0625,7
0626,5
0627,7
0628,8
0629,3
0630,2
0631,12
0632,10
0633,14
0634,20
0635,14
0636,8
0637,6
0638,4
0639,3
0640,6
0641,14
0642,10
0643,18
0644,6
0645,10
0646,11
0647,10
0648,9
0649,6
0650,2
0651,9
0652,5
0653,19
0654,12
0655,7
0656,6
0657,3
0658,5
0660,1
0661,15
0662,19
0663,11
0664,14
0665,12
0666,3
0667,7
0668,1
0669,3
0670,9
0671,7
0672,5
0673,4
0674,16
0675,4
0676,5
0677,4
0678,2
0679,3
0681,14
0682,16
0683,10
0684,6
0685,5
0686,8
0687,7
0688,7
0689,20
0690,3
0691,8
0692,13
0693,6
0694,11
0695,8
0696,8
0697,1
0698,2
0699,1
0700,3
0701,13
0702,8
0703,10
0704,14
0705,11
0706,12
0707,6
0708,9
0709,3
0710,3
0711,14
0712,11
0713,12
0714,15
0715,7
0716,9
0717,3
0718,1
0719,2
0720,2
0721,8
0722,3
0723,9
0724,13
0725,7
0726,5
0727,9
0728,2
0729,3
0731,11
0732,12
0733,11
0734,8
0735,13
0736,7
0737,2
0738,4
0739,2
0740,2
0741,11
0742,10
0743,10
0744,11
0745,10
0746,5
0747,14
0748,5
0749,4
0750,1
0751,5
0752,9
0753,10
0754,11
0755,9
0756,7
0757,5
0758,3
0759,1
0761,6
0762,5
0763,6
0764,6
0765,6
0766,6
0767,6
0768,5
0769,5
0770,4
0771,7
0772,4
0773,11
0774,14
0775,5
0776,4
0777,10
0778,2
0779,5
0780,5
0781,9
0782,4
0783,6
0784,15
0785,5
0786,5
0787,6
0788,3
0789,3
0790,4
0791,5
0792,10
0793,7
0794,7
0795,9
0796,6
0797,6
0798,8
0799,2
0800,3
0801,16
0802,11
0803,8
0804,8
0805,10
0806,6
0807,4
0808,5
0809,2
0810,2
0811,7
0812,5
0813,13
0814,12
0815,11
0816,6
0817,1
0819,5
0820,3
0821,5
0822,11
0823,8
0824,14
0825,13
0826,6
0827,6
0828,6
0829,1
0830,2
0831,5
0832,15
0833,11
0834,11
0835,13
0836,5
0837,3
0838,1
0839,3
0840,3
0841,4
0842,4
0843,4
0844,21
0845,6
0846,6
0847,5
0848,6
0849,3
0850,3
0851,8
0852,4
0853,10
0854,5
0855,8
0856,5
0857,2
0858,4
0859,7
0861,11
0862,6
0863,7
0864,5
0865,6
0866,6
0867,3
0868,4
0869,2
0870,2
0871,5
0872,10
0873,6
0874,12
0875,4
0876,11
0877,3
0878,3
0879,2
0880,3
0881,4
0882,5
0883,2
0884,5
0885,6
0886,2
0887,3
0888,5
0891,3
0892,5
0893,3
0894,6
0895,1
0896,2
0897,2
0898,1
0899,2
0900,2
0901,11
0902,6
0903,8
0904,7
0905,4
0906,7
0907,1
0908,4
0909,5
0910,3
0911,7
0912,6
0913,19
0914,10
0915,5
0917,3
0918,5
0919,2
0920,2
0921,6
0922,4
0923,4
0924,9
0925,10
0926,2
0927,2
0928,5
0929,4
0930,4
0931,10
0932,6
0933,10
0934,2
0935,6
0936,9
0937,4
0938,5
0939,5
0940,3
0941,7
0942,5
0943,13
0944,7
0945,3
0946,3
0947,5
0948,1
0949,1
0950,4
0951,2
0952,5
0953,6
0954,6
0955,11
0958,2
0959,2
0960,2
0961,4
0962,4
0963,5
0964,6
0965,1
0966,3
0967,1
0968,6
0969,1
0970,2
0971,1
0972,5
0974,5
0975,4
0976,1
0978,2
0979,3
0980,1
0981,5
0982,3
0983,4
0985,4
0987,1
0988,1
0989,2
0990,2
0991,6
0992,11
0993,8
0994,5
0995,5
0996,1
0997,3
0998,1
1,40
10,1
1000,10
1001,4
1002,11
1003,8
1004,10
1005,6
1006,3
1007,4
1008,3
1009,3
101,3
1010,2
1011,8
1012,3
1013,7
1014,7
1015,2
1017,4
1018,7
1019,2
102,1
1020,3
1021,7
1022,9
1023,6
1024,2
1025,4
1026,4
1027,1
1028,5
1029,5
103,3
1030,3
1031,2
1032,8
1033,6
1034,2
1035,5
1036,4
1037,1
1038,4
1039,4
104,2
1040,5
1041,6
1042,10
1043,8
1044,6
1045,2
1046,4
1047,2
1048,1
105,2
1050,4
1051,4
1052,4
1053,3
1054,4
1055,4
1056,4
1057,2
1058,5
1059,1
1061,7
1062,3
1063,5
1064,4
1065,2
1066,3
1067,1
1068,2
1069,1
107,3
1070,1
1072,5
1073,5
1074,5
1075,2
1076,2
1079,3
1080,2
1081,3
1082,5
1083,4
1084,4
1085,3
1086,6
1087,2
1088,5
1089,1
1090,1
1091,3
1092,3
1093,1
1094,4
1095,3
1096,2
1098,4
1099,2
11,2
1100,2
1101,5
1102,8
1103,6
1104,8
1105,12
1106,2
1107,2
1108,4
1109,4
111,1
1110,7
1111,5
1112,7
1113,4
1114,3
1116,6
1117,4
1118,4
1119,3
112,2
1120,1
1121,2
1122,5
1123,2
1124,3
1125,4
1126,1
1127,4
1128,3
1129,5
1131,7
1132,8
1133,2
1134,4
1135,2
1136,4
1137,3
1138,6
1139,3
114,5
1140,4
1141,2
1142,7
1143,5
1144,3
1145,4
1146,4
1147,3
1148,4
1150,1
1151,7
1152,5
1153,4
1154,2
1156,5
1157,4
1158,4
1159,2
116,1
1160,4
1161,14
1162,7
1163,2
1164,8
1165,1
1166,5
1167,2
1168,1
1169,2
117,2
1170,2
1171,1
1172,3
1173,3
1174,1
1175,2
1176,1
1177,2
1178,10
1179,2
1180,1
1181,4
1182,3
1183,6
1184,2
1185,3
1188,1
1189,1
1190,2
1192,4
1193,1
1194,2
1195,2
1196,3
1197,2
1198,1
120,1
1200,4
1201,3
1202,3
1203,6
1204,5
1205,4
1206,4
1207,3
1208,2
1209,3
121,1
1210,2
1211,5
1212,6
1213,5
1214,5
1215,2
1216,7
1217,6
1218,3
1219,3
122,2
1220,1
1221,5
1222,8
1223,14
1224,4
1225,3
1226,4
1227,3
1228,2
1229,1
123,2
1231,5
1232,4
1233,8
1234,5
1235,5
1236,4
1237,4
1238,1
1239,9
124,1
1240,6
1241,9
1242,5
1243,3
1244,7
1245,7
1246,1
1247,2
1248,1
1249,4
125,3
1250,2
1251,6
1252,4
1253,1
1254,5
1255,1
1256,3
1257,6
1258,4
1259,2
126,3
1260,1
1261,4
1262,3
1263,2
1264,3
1265,1
1267,4
1268,2
1269,4
1271,2
1272,4
1273,1
1274,5
1275,2
1276,2
1277,3
1278,2
128,2
1280,1
1281,3
1282,4
1283,1
1284,7
1285,5
1287,2
1288,1
1289,1
1291,5
1292,3
1293,4
1294,2
1295,2
1296,1
1297,1
1298,1
13,3
130,1
1300,4
1301,2
1302,10
1303,7
1304,5
1306,6
1307,5
1308,1
1309,5
131,2
1310,2
1311,5
1312,6
1313,6
1314,5
1316,3
1317,5
1318,3
1319,5
132,3
1320,6
1321,9
1322,3
1323,1
1324,3
1325,6
1326,2
1327,5
1328,3
1329,4
133,1
1330,4
1331,2
1332,1
1333,3
1334,3
1335,5
1336,1
1337,4
1338,1
1339,2
134,1
1340,3
1341,1
1342,3
1343,5
1344,1
1345,5
1346,11
1347,1
1349,4
1350,1
1351,5
1352,2
1353,1
1354,3
1355,1
1357,7
1358,2
1359,2
1360,2
1361,2
1362,3
1363,3
1364,3
1365,6
1366,1
1367,1
1368,3
1371,3
1372,1
1373,2
1374,6
1375,6
1376,2
1377,2
1378,1
1379,2
1380,2
1381,1
1382,5
1383,8
1386,1
1387,3
1388,2
1390,1
1391,2
1392,1
1393,1
1395,1
1396,6
1397,4
1398,1
1399,3
14,3
1400,2
1401,5
1402,5
1403,4
1404,3
1405,1
1406,1
1407,5
1408,3
1409,4
1410,3
1412,5
1413,4
1414,3
1415,4
1416,4
1418,8
1419,1
142,3
1420,1
1421,7
1422,5
1423,3
1424,3
1425,2
1426,3
1428,1
1429,1
143,3
1430,1
1431,1
1432,1
1433,7
1434,3
1435,6
1436,3
1437,2
1438,3
1439,6
1440,2
1441,2
1442,5
1443,1
1444,1
1446,3
1447,2
1448,7
1449,1
145,1
1451,3
1452,2
1453,1
1454,2
1455,2
1456,2
1457,3
1458,2
1459,1
1461,5
1464,5
1465,1
1466,2
1468,1
1469,1
1470,1
1471,2
1472,1
1473,1
1474,1
1475,1
1476,4
1478,2
1480,1
1481,3
1482,2
1484,3
1486,1
1487,1
1488,1
1489,1
1491,1
1492,2
1493,3
1494,2
1496,2
1497,1
1501,9
1502,2
1503,3
1504,5
1505,2
1507,7
1508,5
1509,7
151,1
1510,1
1511,3
1512,2
1514,4
1515,3
1516,3
1517,4
1518,1
1519,4
152,3
1520,3
1521,4
1522,7
1523,1
1524,1
1526,1
1527,4
1528,1
1529,1
1530,2
1531,2
1532,2
1533,6
1534,2
1535,4
1536,1
1537,3
1538,2
1539,4
154,5
1540,2
1541,1
1542,1
1543,1
1544,1
1545,3
1547,1
1548,1
1549,3
155,2
1551,1
1552,1
1553,3
1554,1
1555,1
1556,1
1557,5
156,2
1560,1
1562,1
1563,1
1564,1
1565,2
1566,2
1569,1
1570,2
1574,3
1575,2
1578,1
1579,1
158,1
1581,3
1583,1
1585,2
1586,1
1588,2
159,1
1591,1
1592,2
1593,1
1595,3
1596,1
1597,1
1598,1
16,1
1600,4
1601,4
1602,3
1603,3
1604,8
1605,2
1607,4
1608,8
1609,3
1610,4
1611,4
1612,2
1613,3
1614,1
1615,1
1616,3
1617,2
1618,2
1619,1
162,3
1620,6
1621,1
1622,5
1623,4
1624,2
1625,1
1626,2
1627,4
1628,1
1629,1
163,4
1632,1
1633,2
1634,1
1635,3
1637,2
1638,5
1639,2
164,4
1641,2
1642,5
1643,1
1645,2
1646,2
1647,1
1648,4
1651,1
1652,2
1653,2
1654,1
1655,4
1656,2
1658,2
1659,2
166,2
1662,1
1663,3
1664,1
1665,2
1667,28
1668,2
1669,3
1670,3
1671,5
1672,1
1673,2
1675,1
1677,1
1681,1
1682,2
1683,1
1684,1
1685,1
1686,1
1689,1
1694,1
1695,1
1696,3
1697,1
1698,1
1700,2
1701,5
1702,1
1703,3
1704,4
1705,1
1706,2
1707,1
1708,2
1709,2
171,1
1710,5
1711,3
1712,4
1713,5
1714,4
1715,3
1716,3
1717,1
1718,1
1719,4
172,2
1720,6
1721,1
1722,5
1723,4
1724,7
1725,2
1726,5
1727,3
1728,2
1729,3
173,2
1730,3
1731,3
1732,6
1733,2
1734,8
1735,2
1736,1
1737,2
1738,2
1739,3
174,3
1740,2
1742,2
1743,7
1744,4
1745,3
1746,4
1747,4
1748,1
1749,2
1750,2
1751,4
1752,2
1753,1
1754,1
1756,1
1757,2
1758,1
1759,1
176,5
1761,1
1762,1
1763,4
1764,1
1765,1
1767,2
177,6
1770,1
1771,1
1774,2
1777,1
1778,2
1779,1
1782,1
1784,3
1785,2
1788,1
1791,1
1798,1
1801,1
1802,5
1803,6
1804,2
1805,1
1806,1
1807,7
1808,5
1809,3
181,1
1810,4
1811,5
1812,1
1813,3
1814,3
1815,1
1817,1
1818,2
1819,2
182,2
1820,3
1821,1
1822,2
1824,2
1825,2
1828,6
1829,2
183,1
1831,1
1832,1
1834,2
1835,1
1836,1
1837,2
1838,2
1839,2
1840,1
1841,1
1842,2
1843,3
1844,3
1845,6
1846,1
1847,1
1852,3
1853,1
1854,6
1855,2
1859,2
186,2
1860,2
1861,2
1862,1
1863,1
1864,2
1865,3
1866,2
1868,1
187,3
1871,1
1872,4
1875,1
1876,1
1877,2
1879,2
1880,2
1884,1
1892,1
1894,3
1895,2
1897,1
1899,2
1901,3
1902,1
1903,1
1905,4
1906,1
1907,2
1908,1
1909,2
191,1
1911,2
1912,3
1914,4
1915,2
1916,1
1917,1
1918,1
1919,2
1920,2
1921,3
1922,5
1923,2
1924,5
1925,5
1926,3
1927,1
1928,4
1930,4
1931,2
1932,5
1933,4
1934,3
1935,1
1936,5
1937,6
1940,3
1941,4
1942,6
1943,2
1944,3
1945,2
1946,1
1947,1
195,3
1950,1
1951,6
1952,1
1953,2
1954,1
1955,2
1957,1
1958,4
1960,2
1962,2
1963,2
1964,1
1965,1
1966,1
197,1
1971,2
1973,2
1975,2
1976,1
1977,1
1978,1
1981,1
1982,1
1988,3
1989,3
1991,1
1992,2
1993,3
1994,2
1995,1
1997,2
1998,1
2,3
2000,2
2001,3
2002,3
2003,5
2004,3
2005,1
2007,4
2008,4
2009,4
201,1
2010,2
2011,2
2012,1
2013,4
2014,4
2015,1
2016,7
2017,5
2018,4
2019,4
202,1
2020,6
2021,11
2022,1
2023,1
2024,2
2025,6
2026,4
2027,1
2029,3
203,3
2030,3
2031,5
2032,3
2033,2
2036,4
2037,3
2038,3
2039,2
204,1
2040,3
2041,3
2042,1
2043,2
2046,1
2047,3
2048,2
2049,1
2050,1
2052,4
2053,3
2054,1
2055,1
2056,1
2057,2
2058,1
2059,1
206,1
2062,3
2063,1
2064,1
2067,2
2068,5
2073,1
2074,1
2075,1
2077,2
2078,1
2079,2
208,3
2080,2
2081,1
2083,1
2084,1
2088,1
2089,1
2091,3
2092,2
2093,3
2094,1
2096,1
21,2
2100,3
2101,9
2102,7
2103,6
2104,3
2105,2
2106,4
2107,4
2108,1
211,1
2110,1
2111,2
2112,5
2113,2
2114,2
2115,1
2116,3
2117,1
2119,2
212,5
2120,2
2121,4
2122,3
2124,1
2125,3
2126,3
2129,2
213,3
2130,5
2131,1
2132,1
2133,4
2134,1
2135,2
2136,1
2137,3
2138,1
2139,2
2140,1
2142,2
2143,5
2145,3
2146,1
2147,1
2149,1
2152,3
2153,2
2155,1
2156,1
2157,1
2158,2
216,2
2160,1
2163,2
2164,1
2166,2
2167,2
2168,2
217,3
2170,2
2172,3
2174,1
2175,2
2178,2
218,3
2181,1
2182,2
2183,1
2184,1
2187,2
2188,24
219,3
2194,1
2197,2
2198,1
22,2
2201,3
2202,2
2204,4
2205,1
2206,4
2207,2
2208,3
2209,5
2210,2
2211,3
2212,3
2213,1
2214,6
2216,3
2217,1
2218,1
2220,1
2221,4
2222,3
2223,1
2224,1
2225,2
2226,2
2227,3
2228,1
2229,1
223,5
2230,1
2231,10
2232,1
2233,3
2234,3
2235,2
2236,3
2239,2
224,3
2240,1
2241,1
2242,3
2244,4
2245,2
2247,2
2248,5
2249,2
225,1
2250,1
2251,2
2252,2
2254,1
2255,1
2256,2
2257,2
226,1
2260,3
2261,2
2262,1
2263,2
2264,4
2267,1
2268,1
2269,1
2270,1
2272,1
2274,1
2279,2
2281,2
2282,1
2284,1
2287,1
2288,2
229,1
2291,1
2292,1
2296,2
23,2
2300,1
2301,3
2303,4
2304,2
2305,4
2306,2
2307,1
2308,5
2309,7
231,1
2310,3
2311,3
2312,3
2313,8
2314,2
2315,7
2316,6
2317,2
2318,1
2319,3
2320,3
2321,1
2322,4
2323,4
2324,1
2325,4
2329,1
233,4
2330,1
2331,7
2332,1
2333,3
2334,1
2339,1
234,2
2341,1
2342,1
2344,5
2345,1
2348,2
2349,3
235,5
2350,2
2353,1
2354,1
2355,2
2356,2
2357,1
2358,2
236,2
2362,1
2363,3
2364,1
2365,2
2366,1
2367,2
2368,2
2370,1
2372,3
2373,2
2375,2
2376,1
2377,1
2378,1
2380,1
2383,3
2385,2
2386,1
2388,1
2389,1
239,1
2391,1
2392,3
2393,2
2394,2
2396,1
24,1
2400,1
2401,1
2402,1
2403,1
2404,5
2406,3
2407,2
2408,3
2409,2
241,1
2410,1
2411,1
2412,1
2413,1
2415,1
2416,1
2418,1
2419,1
242,1
2420,1
2423,5
2424,1
2425,2
2426,4
2428,1
2429,2
243,1
2431,1
2433,1
2434,2
2435,3
2437,1
244,3
2440,2
2443,1
2445,2
2446,1
2447,1
2449,4
2451,3
2452,2
2453,4
2454,4
2455,2
2456,2
2458,1
2459,1
246,1
2461,2
2464,2
2465,3
2467,2
2468,2
247,2
2470,2
2472,1
2473,1
2475,2
2476,2
248,3
2481,3
2485,1
2489,1
2494,1
2495,2
2498,1
2499,2
2501,3
2502,2
2503,3
2504,6
2505,1
2506,3
2507,3
2508,5
2509,2
251,2
2510,3
2512,7
2513,4
2515,2
2516,1
2517,4
2519,2
252,2
2520,1
2521,4
2522,3
2523,2
2524,1
2525,4
2526,2
2529,4
253,4
2530,1
2531,1
2533,2
2534,1
2535,4
2537,1
2538,1
2539,1
2540,1
2542,1
2544,2
2547,1
2548,1
2549,1
2550,2
2551,1
2552,3
2553,1
2554,2
2555,2
2557,2
2560,1
2562,2
2564,1
2567,2
2571,1
2573,1
2576,1
2578,2
2581,1
2582,2
2585,1
2586,1
2591,3
2593,3
26,4
2601,1
2603,1
2604,3
2605,3
2606,1
2607,1
2608,2
2609,1
261,1
2610,1
2611,3
2612,3
2614,3
2616,3
2617,2
2618,1
2619,2
262,2
2620,2
2621,2
2622,2
2623,1
2624,1
2625,1
2626,3
2627,2
2628,3
2631,2
2632,1
2635,2
2637,4
2639,1
2642,1
2645,3
2648,2
265,2
2651,2
2652,4
2654,1
2655,2
2656,1
2657,1
266,1
2661,1
2662,1
2663,3
2664,5
2667,3
2668,1
2669,1
267,3
2670,1
2673,1
2675,2
2677,1
2678,1
268,1
2681,1
2682,1
2683,1
2687,1
2688,1
2691,2
2692,1
2693,1
2695,1
2697,1
27,4
2700,1
2702,1
2703,1
2704,4
2707,1
2708,1
2709,1
271,1
2710,1
2711,4
2714,1
2715,2
2716,1
2717,1
2718,3
2719,2
272,1
2721,1
2722,1
2723,2
2724,1
2728,1
273,1
2730,1
2731,1
2732,2
2733,1
2736,1
2738,2
2739,1
274,2
2740,1
2741,1
2742,1
2743,2
2744,4
2745,3
2747,1
2748,1
2749,2
275,2
2750,3
2751,3
2753,2
2755,1
2756,1
2759,2
276,1
2761,3
2762,1
2763,2
2764,2
2768,1
2769,1
277,1
2770,1
2771,1
2772,2
2773,2
2774,3
2775,1
2776,1
2777,1
2778,1
2779,1
278,2
2780,1
2781,1
2782,1
279,2
2794,2
2798,1
280,1
2800,1
2801,2
2802,2
2803,1
2804,2
2805,1
2806,1
2807,2
2808,1
2809,1
281,1
2810,1
2811,3
2814,1
2818,1
282,2
2822,2
2823,2
2824,3
2825,1
2826,2
2827,1
2828,2
2829,2
283,3
2830,1
2831,1
2832,1
2833,1
2834,1
2835,2
2836,2
2839,1
284,2
2840,2
2842,7
2843,1
2845,3
2846,1
2848,3
2850,1
2851,1
2853,1
2855,1
2856,1
2860,1
2862,2
2863,1
2865,1
2866,4
2867,1
2869,1
2870,2
2874,1
2875,1
2883,2
2886,3
2887,1
2890,1
2894,1
2895,1
29,1
2901,2
2902,1
2903,2
2904,1
2906,2
2907,5
2908,2
2910,2
2911,7
2913,2
2914,2
2915,1
2917,2
2918,1
292,1
2920,4
2921,1
2922,1
2923,1
2925,2
2926,1
2928,1
2929,1
2931,2
2934,1
2935,2
2936,1
2939,1
294,4
2941,1
2942,1
2943,1
2945,2
2946,1
2948,1
295,1
2950,1
2951,1
2954,2
2956,1
2962,1
2963,1
2967,1
2968,1
2971,1
2972,1
2973,1
2975,1
2976,2
2980,1
2985,3
2986,1
2991,4
2994,1
3,2
30,2
3000,3
3002,1
3003,1
3006,4
3007,1
3008,1
301,1
3010,1
3011,6
3012,4
3013,1
3014,2
3016,1
3017,3
3019,1
302,1
3020,1
3021,14
3023,2
3024,3
3027,1
3028,2
3029,3
303,1
3030,1
3033,2
3034,3
3036,1
3037,2
3038,1
3039,3
304,2
3040,1
3041,2
3043,1
3044,2
3048,1
3049,1
3052,1
3053,1
3055,1
3056,1
3057,1
306,2
3061,2
3062,1
307,5
3074,2
3075,2
3076,1
3077,1
3079,1
308,2
3082,2
3086,2
3088,2
3091,1
3092,2
3096,2
3098,1
3100,1
3101,2
3103,1
3107,1
3108,2
3109,1
3110,2
3114,1
3116,2
3117,1
3119,2
3120,1
3121,1
3122,2
3123,2
3124,2
3125,1
3127,3
3128,1
3129,1
313,3
3130,3
3131,4
3132,4
3133,1
3135,1
3136,2
3137,2
3138,3
3139,4
314,1
3140,1
3141,2
3145,2
3146,2
3152,3
3153,3
3154,2
3155,2
316,2
3160,1
3161,1
3163,2
3164,1
3166,1
3168,2
3169,1
3171,2
3173,1
3176,1
3177,1
3180,1
3183,1
3185,4
3186,1
3188,2
3193,3
3199,1
32,1
3200,1
3202,1
3203,1
3205,3
3209,1
321,2
3210,1
3214,1
3215,4
3217,2
3218,3
3219,1
322,1
3220,1
3222,1
3223,3
3224,1
3226,1
3228,3
3229,1
3230,2
3232,2
3233,4
3234,1
3235,1
3236,1
3237,1
3239,1
3240,2
3241,1
3242,3
3244,3
325,2
3250,1
3251,4
3252,2
3254,1
3255,1
3258,4
326,2
3263,1
3264,1
3269,1
3270,2
3273,1
3274,1
328,1
3282,1
3284,1
3288,2
3290,1
3291,1
33,3
3300,1
3301,3
3302,2
3303,1
3304,2
3305,1
331,2
3310,1
3313,2
3314,1
3315,1
3316,4
3317,1
332,1
3320,2
3321,1
3322,1
3324,1
3328,1
333,1
3330,2
3331,2
3332,2
3338,2
334,3
3341,1
3342,1
3343,1
3348,4
335,2
3351,2
3360,1
3361,1
3363,3
3364,1
3365,3
3366,1
3368,1
3373,1
3374,2
3375,1
3376,1
3377,2
3379,1
338,2
3394,1
3396,5
34,2
340,2
3400,1
3401,1
3402,2
3404,2
3405,2
3407,2
3408,2
3409,2
341,1
3410,1
3413,2
3414,2
3416,1
3417,2
3418,1
3421,1
3423,1
3424,4
3425,3
3426,1
3427,1
3428,1
3429,1
3433,3
3434,3
344,1
3441,3
3443,1
3445,2
3447,2
345,3
3454,3
3459,1
3470,1
3472,2
3475,1
3478,1
3479,1
3480,1
3481,1
3486,1
3487,1
3491,1
3492,1
3494,1
3498,2
35,4
3500,5
3501,1
3502,1
3503,2
3504,1
3505,2
3506,1
3508,1
3510,3
3511,2
3513,1
3515,1
3516,4
3518,1
3519,1
352,2
3522,4
3523,2
3524,1
3525,2
3526,1
3527,2
3528,3
353,1
3531,1
3532,1
3536,4
3537,1
3538,3
3540,1
3541,2
3542,1
3544,1
3545,1
3549,2
3551,1
3552,2
3554,1
3555,1
3556,2
3557,2
3558,1
3560,1
3561,3
3564,2
357,1
3570,1
3571,1
3581,2
3586,2
3592,2
3593,1
3594,1
3595,1
3596,1
36,3
3601,1
3603,1
3605,4
3606,3
3607,1
3609,3
361,2
3610,1
3612,3
3613,1
3614,2
3617,3
362,1
3623,2
3625,1
3626,1
363,1
3630,3
3632,2
3633,2
3635,1
3636,2
364,1
3643,2
3644,3
3645,1
3646,2
3647,1
365,2
3652,4
3653,3
3654,2
3655,1
3659,1
366,1
3663,3
3671,1
3673,1
3674,1
3676,1
368,2
3680,1
3681,1
3692,1
3695,1
3699,4
37,3
3702,1
3703,1
3704,1
3705,1
3706,1
3707,1
3708,1
3711,1
3713,1
3714,1
3715,1
3716,10
3717,1
3719,1
3721,2
3722,1
3723,3
3724,2
3725,1
3727,2
3729,1
3732,1
3735,1
3737,1
3742,1
3745,3
3746,1
3750,1
3755,2
3759,7
3769,1
3772,1
3778,1
3781,2
3782,1
3787,1
3791,1
3793,1
3794,1
38,2
3800,4
3801,2
3802,3
3803,2
3804,2
3807,1
3809,2
3811,2
3812,1
3813,2
3817,2
3818,1
382,1
3825,1
3828,1
383,1
3831,1
3836,1
3839,2
3841,1
3842,2
3843,1
3844,1
3849,1
3851,3
3853,1
3856,1
3863,1
3864,1
3874,1
3877,1
3878,1
3882,1
3885,1
3891,1
3892,1
3896,1
3897,1
3899,2
39,2
3901,1
3902,1
3903,1
3905,1
3907,1
3908,1
3910,1
3913,1
3917,1
3918,1
392,1
3920,3
3921,2
3924,1
3926,1
3930,1
3935,1
3936,1
3938,1
3939,1
394,1
3941,1
3942,1
3943,1
3945,1
3948,1
395,1
3957,1
3959,4
396,1
3962,1
3963,1
3965,2
3977,1
3980,1
3985,1
3987,1
3994,1
3996,1
4,2
4001,2
4002,4
4005,2
4006,1
4007,1
4008,1
4009,5
401,1
4011,1
4012,2
4013,3
4014,1
4015,1
4016,3
4017,1
4018,4
4019,2
4021,2
4022,2
4025,3
4028,2
4030,1
4031,1
4034,1
4035,1
4037,1
4042,1
4043,3
4044,2
4048,1
4049,1
405,2
4050,1
4052,1
4054,3
4055,1
4056,3
4057,2
4058,1
4059,3
4060,1
4062,1
4066,1
4067,2
4068,1
4069,1
4072,1
4075,1
4079,1
4084,1
4085,1
4092,1
4094,1
41,3
4100,2
4101,4
4102,2
4103,2
4104,1
4106,1
4107,1
4109,2
4112,1
4114,1
4115,3
4117,1
4118,1
4120,1
4122,3
4124,5
4125,2
4127,1
4128,2
4129,1
4130,1
4133,2
4134,1
4136,1
4137,1
4138,4
4139,1
414,1
4140,1
4141,2
4143,2
4145,1
4146,1
4148,1
4152,1
4153,1
4154,1
4157,1
4159,1
4172,3
4177,1
4178,1
4182,2
4189,1
4191,2
4193,1
4198,1
42,4
4200,1
4201,1
4203,1
4205,2
4206,4
4207,1
4208,2
4209,1
4210,3
4212,2
4213,2
4215,1
4216,1
422,1
4222,1
4223,1
4225,2
4227,1
423,1
4230,3
4231,1
4232,1
4235,3
4236,1
4237,1
4239,1
4240,1
4241,1
4243,1
4246,1
4247,4
4248,1
4251,1
4253,1
4256,1
4257,1
4258,1
4259,2
426,2
4265,2
4268,1
4269,2
427,1
4270,1
4271,1
4274,1
4275,1
428,2
4281,1
4285,2
4290,2
43,4
4301,1
4302,1
4304,1
4309,1
4310,1
4311,1
4313,1
4319,3
432,2
4320,1
4322,2
4323,2
4324,2
4326,2
4328,2
4329,1
4330,1
4336,2
4338,2
4340,1
4341,2
4343,2
4344,1
4346,1
4347,2
4348,1
4350,1
4356,1
4357,1
4359,2
4361,1
4362,2
4363,2
4364,1
4371,1
4373,1
4377,2
4379,1
4386,1
4389,1
4392,2
4393,1
4399,1
44,1
4400,2
4401,1
4402,1
4404,1
4407,1
4411,1
4415,2
4416,1
4417,1
4419,1
4425,1
4430,1
4432,1
4437,2
444,1
4443,1
4444,2
4446,1
4447,2
4452,1
4453,1
4459,1
4462,1
4481,1
4491,1
4492,2
45,2
4500,1
4505,3
4506,1
4507,2
4509,1
4511,1
4513,1
4516,1
4519,1
4521,1
4523,1
4524,1
4525,2
4526,1
4529,1
453,4
4530,1
4532,1
4533,1
4534,1
4539,1
4541,2
4546,3
4550,1
4551,1
4553,1
456,3
4560,1
4566,1
4567,1
4568,2
4572,2
4582,1
4592,1
4593,1
4595,1
46,2
4600,1
4604,1
4605,1
4608,2
4613,3
4614,1
4617,1
4622,2
4624,3
4625,2
4628,2
4629,2
4632,1
4636,1
4637,1
4638,1
4642,2
4643,1
4645,1
4648,1
4649,1
465,1
4655,1
4663,1
4673,2
4677,1
4679,1
4698,1
4700,1
4704,1
4706,1
4707,1
4711,1
4714,1
4715,1
4717,3
4718,1
4719,1
4721,1
4725,1
4729,1
4732,3
4735,1
4736,3
4742,2
4743,1
4747,1
4748,1
4751,1
4752,1
4756,1
4757,1
4758,1
4764,1
4765,1
4768,1
4770,1
4780,2
4782,1
4790,1
4799,1
48,1
4801,2
4803,2
4804,1
4810,1
4811,1
4812,4
4814,1
4820,1
4824,1
4825,2
4826,1
4827,1
4830,1
4837,1
4842,1
4843,1
4846,1
4848,1
4853,1
4856,1
4859,1
486,1
4862,1
4864,1
4873,1
4874,1
4888,1
4893,1
4903,1
4908,2
4909,1
4913,2
4916,1
4918,1
4923,1
4925,1
4935,1
4938,1
4942,1
4945,3
4946,3
4949,1
4951,1
4957,1
4964,1
4968,1
4970,1
4972,1
4973,1
4974,1
4975,1
4979,1
4990,1
5,1
5001,5
5004,1
5005,1
5006,1
5007,1
5010,1
5011,2
5014,4
5016,2
5017,1
5018,1
5020,7
5021,1
5022,1
5023,1
5025,1
5028,1
5031,2
5036,1
5038,1
504,3
5041,1
5044,1
5045,1
5048,1
5049,2
5052,1
5057,1
506,1
5062,1
5068,1
5069,1
507,1
5071,1
5073,3
5077,1
5080,2
5082,1
5089,1
5091,1
5092,2
5100,2
5101,2
5108,1
5109,1
5113,1
5115,1
5116,1
5119,1
512,2
5120,1
5121,1
5122,2
5123,1
5125,1
5128,1
5131,1
5133,1
5135,1
5138,1
5140,1
5141,2
5143,1
5147,1
5153,1
5154,2
5164,1
5183,1
5187,1
5188,1
5193,2
5198,1
52,2
5200,1
5204,2
5205,1
5212,1
5214,1
5216,4
522,2
5221,1
5222,1
5225,1
5227,2
5228,2
5229,1
5230,1
5231,1
5234,1
5239,3
5240,1
5244,1
5247,1
5254,1
5257,3
5258,2
5262,1
5265,1
5267,2
5271,1
5273,2
5279,1
5280,1
5284,1
5285,3
5289,1
5293,1
5295,1
5297,1
53,2
5300,1
5301,1
5305,2
5308,1
5309,2
5310,3
5311,1
5320,2
5321,4
5322,1
5324,2
5325,2
5332,1
5333,2
5336,1
5340,1
5341,2
5344,1
5347,1
5348,1
535,2
5353,2
5356,1
5357,1
5364,1
5365,3
537,1
5378,1
5383,1
5387,1
5388,1
5397,1
54,1
5400,2
5401,1
5404,5
5405,1
5406,1
5409,2
5410,1
5412,1
5415,1
5420,1
5422,1
5425,3
5427,1
5428,3
543,2
5431,1
5432,1
5435,1
5436,1
5437,2
5439,1
5444,2
5445,2
5450,1
5452,1
5453,1
5454,2
5455,4
5456,2
5458,2
5460,2
5462,1
5466,2
5467,1
5469,1
5471,3
5472,3
5475,2
5479,1
5480,1
5482,4
5486,2
5488,1
5489,1
5493,1
5500,1
5502,1
5503,2
5504,2
5506,3
5507,1
5510,3
5511,2
5512,4
5513,1
5515,3
5518,1
5519,3
5520,1
5523,1
5525,2
5527,2
5528,2
5529,1
5530,3
5533,2
5534,3
5535,2
5536,1
5539,3
5541,1
5543,3
5544,4
5545,2
5549,1
5550,1
5552,1
5553,1
5555,2
5556,1
5557,2
5558,2
556,1
5561,2
5564,1
5565,2
5566,1
5567,3
5570,3
5571,3
5573,1
5574,1
5577,1
5578,1
558,1
5580,1
5581,2
5589,2
5592,1
5595,3
5599,2
56,3
5600,3
5601,1
5602,4
5603,2
5604,2
5605,2
5607,2
5608,1
5614,1
5616,1
5618,1
5619,1
5624,3
5625,3
5627,1
5628,3
5631,4
5632,3
5636,1
5637,2
5640,1
5642,1
5643,1
5645,2
5648,1
5649,3
5651,1
5652,2
5653,3
5655,1
5657,3
5658,1
5659,2
5660,2
5661,2
5662,2
5664,1
5671,1
5675,1
5680,1
5681,1
5685,1
5690,1
5693,1
5694,1
5695,2
57,2
5701,2
5704,1
5705,1
5709,1
5710,1
5711,1
5717,1
5721,2
5722,2
5727,1
5732,2
5737,2
5739,2
5741,1
5743,1
5745,1
5746,2
576,1
5761,1
5775,1
5786,1
5800,1
5805,1
5809,2
5813,1
5815,1
5818,1
5819,1
5821,1
5822,1
5828,1
5831,1
5832,1
5833,1
5834,1
5837,1
5857,1
5859,2
5860,1
5872,1
5878,1
5884,1
5887,1
59,1
5903,1
5910,1
5911,1
5916,2
5917,1
5918,2
592,1
5923,1
5927,1
5929,1
5931,1
5932,1
5934,1
5938,1
5939,1
5940,1
5943,1
5947,1
5955,1
5958,1
5962,1
5966,1
5967,1
5968,1
5979,1
5984,1
5993,1
5995,1
6,2
6000,1
6001,1
6002,1
6010,1
6012,2
6013,3
6015,1
6018,1
6021,1
6024,2
6026,2
6028,1
6035,2
6037,2
6041,2
6046,1
6060,1
6063,2
6067,1
607,2
6087,1
61,3
6110,2
6116,2
6117,1
6121,1
6124,1
6126,1
6128,1
6132,1
6133,1
6135,2
6138,1
6140,1
6141,1
6143,1
6146,1
6150,1
6155,1
6158,1
6161,1
6167,1
6172,1
6177,1
6184,1
6195,1
6196,10
62,3
6201,2
6203,1
6204,2
6205,1
6209,1
6212,1
6214,2
6219,1
6220,1
6228,1
6232,1
6234,1
6238,1
6242,1
6248,1
6251,3
626,2
6263,1
6266,1
6287,1
6289,1
6296,2
63,3
6300,1
6303,1
6304,1
6305,3
6306,1
6308,1
6310,2
6316,1
6318,1
632,1
6322,1
6329,2
6332,1
6334,1
634,1
6342,1
6343,1
6357,1
6360,2
6361,1
6362,1
64,1
6408,1
6409,1
6411,1
6413,2
6414,1
6420,1
6423,1
6424,1
6426,1
6431,1
6435,2
6454,1
6461,1
6464,1
6480,1
6482,1
6496,1
6500,2
6501,2
6502,1
6503,1
6505,2
6507,1
6517,1
6521,1
6523,1
6524,1
6525,1
6531,1
6535,1
6545,1
6550,1
6554,1
6564,1
6590,1
6596,1
6598,1
66,3
6602,5
6604,1
6606,1
6608,1
6613,1
6615,1
6625,1
6637,1
6639,1
6640,1
6641,1
6643,2
6644,2
6646,1
6650,1
6652,1
6653,1
6657,1
6660,1
6661,1
6668,1
6672,1
6684,1
6688,3
6691,1
6694,1
6695,1
6698,1
67,3
6702,1
6713,1
6721,1
6722,1
6727,2
6735,2
6749,1
6755,1
6757,1
6766,1
6772,1
6792,1
68,1
680,1
6805,1
6811,1
6813,2
6814,1
682,1
6822,2
6829,2
6834,1
6843,1
685,1
6854,2
6859,1
6861,2
6864,1
6867,1
6881,1
6889,1
6890,1
6910,1
6914,1
6916,1
6918,1
6920,1
6929,1
6941,1
6954,1
6956,1
6964,1
6969,1
6973,1
6974,1
6976,1
6977,1
6983,1
6987,1
6991,1
7,1
7000,1
7002,2
7003,1
7005,1
7009,1
7013,1
7014,1
7015,1
7019,1
7022,1
7028,1
703,1
7032,1
7045,2
7046,1
7048,1
7058,1
7060,1
7062,1
7070,1
7071,1
7073,1
7076,1
7086,2
7095,1
7100,1
7101,1
7102,1
7105,3
7110,1
7112,2
7114,1
7117,1
7119,1
7120,1
7121,1
7124,1
7125,1
7140,1
7147,1
7151,1
7155,1
7175,1
7178,1
7194,1
72,1
7200,2
7206,1
7214,1
7219,2
7224,1
7225,1
7227,1
7231,1
7233,1
7234,1
7236,1
7242,1
7244,1
7245,1
7248,1
7251,1
7253,1
7257,1
7260,1
7261,2
7263,1
7271,1
73,3
7301,2
7302,1
7313,1
7315,1
7319,1
7329,2
7331,1
7339,1
7342,1
7343,1
7362,1
7363,1
7365,1
7369,1
7378,1
7383,2
7391,1
7396,2
74,3
7402,2
7403,2
7404,1
7405,1
7406,1
7410,1
7412,1
7415,1
7425,2
7430,1
7431,1
7433,2
7442,2
7445,1
7450,1
7452,1
7453,1
7454,1
7470,1
7482,2
7486,1
7500,1
7501,1
7502,1
7504,1
7505,3
7507,2
7510,1
7511,2
7517,1
7518,1
7520,1
7522,1
7529,1
7540,1
7547,2
7554,2
7557,1
7566,1
7574,1
7577,1
7579,1
7585,1
7594,1
7607,1
7610,1
7611,1
7616,1
7622,1
7623,1
7636,2
7640,1
7641,2
7645,1
7653,2
7659,1
7665,1
7667,1
7674,1
7681,1
77,1
7700,9
7705,1
7707,1
7712,2
7722,1
7725,1
7730,1
7737,1
7743,1
7744,1
7747,1
7759,1
7776,1
7780,1
7784,1
7794,1
7800,1
7801,5
7802,1
7803,1
7804,2
7813,1
7823,2
7831,1
7834,2
7836,2
7837,2
7839,1
7843,1
7846,1
7853,1
7856,1
7871,2
7872,1
7874,1
7880,1
7893,1
7899,5
79,2
7901,1
7907,1
7912,1
7913,1
7916,1
7926,1
7932,1
7933,1
7934,1
7937,3
7939,1
7940,1
7943,2
7947,1
7948,1
7952,1
7979,1
798,1
7984,1
7986,2
8,4
8001,1
8002,2
8003,1
8005,2
8006,1
8008,1
8009,1
8015,2
8016,1
8019,1
8022,1
8024,2
8026,2
8032,1
8035,1
8036,1
8041,3
8042,1
8043,1
8044,1
8046,2
8047,1
8052,1
8056,1
8058,1
8059,1
8060,1
8061,1
8064,1
8065,1
8066,1
8073,1
8076,1
8077,1
8079,2
808,1
8081,1
8084,1
8094,1
81,1
8103,1
8104,3
8105,1
8107,1
8108,1
8109,1
8110,1
8112,3
8113,4
8117,5
8118,5
8119,1
8120,3
8121,5
8122,1
8124,2
8126,2
8128,4
8129,1
8130,2
8137,1
8138,2
8140,2
8141,1
8142,2
8143,1
8149,4
8151,2
8158,1
8160,1
8161,1
8166,1
8167,1
8175,1
8177,2
8185,1
8189,1
8195,1
82,1
8200,3
8203,1
8204,2
8205,1
8207,1
8208,2
8212,1
8213,2
8214,4
8218,1
8219,1
822,1
8223,3
8224,1
8225,1
8226,2
8229,1
8231,1
8235,1
8239,1
8240,1
8241,1
8242,1
8245,1
8252,2
8257,1
8258,1
8262,1
8267,1
8268,1
8271,1
8274,1
8279,1
8280,1
8281,2
8284,1
8300,1
8301,3
8302,2
8303,1
8308,3
8310,1
8311,3
8313,2
8314,1
8315,2
8318,3
8319,1
8320,2
8324,1
8325,2
8326,1
8330,1
8335,1
8340,1
8341,2
8342,2
8346,1
8350,1
8351,2
8353,1
8363,1
8364,1
8369,2
8371,2
8377,1
8378,2
8383,1
8385,1
8396,1
84,4
8400,1
8401,5
8402,1
8403,1
8404,1
8406,1
8407,2
8410,1
8414,1
8416,1
8418,1
8424,2
8426,2
8427,1
8428,1
8436,1
8441,1
8443,2
8444,1
8451,2
8452,2
8453,1
8454,1
8456,2
8459,2
8472,2
8477,2
848,1
8487,1
8488,4
8489,1
8492,1
8495,1
8497,1
85,1
8500,1
8501,2
8504,1
8505,2
8507,1
8509,2
8513,2
8514,2
8517,1
8520,1
8524,1
8527,1
8530,1
8532,3
8533,1
8535,2
8541,1
8558,1
8561,1
8562,1
8563,1
8564,2
8568,1
8569,1
8578,3
8583,1
8584,1
8587,1
8593,1
86,3
8600,1
8602,1
8603,1
8605,2
8606,1
8608,1
8609,2
8611,2
8612,1
8614,1
8615,3
8617,1
8619,4
8624,1
8630,1
8631,1
8632,3
8633,1
8634,2
8637,2
8639,1
8658,1
8660,1
8665,1
8673,1
8676,1
8677,2
8682,1
8688,1
8691,1
8692,1
8696,1
8699,1
87,3
8701,1
8703,2
8706,1
8708,2
8709,3
8711,1
8713,2
8714,1
8715,1
8717,2
8720,1
8721,2
8726,1
8727,1
8728,1
8731,1
8732,1
8733,1
8735,1
8736,1
8739,2
8741,1
8742,1
8744,1
8745,1
8747,1
8748,2
8749,2
8750,2
8751,1
8756,1
8758,1
8760,1
8762,1
8765,1
8771,1
8780,1
88,3
8800,1
8801,1
8804,2
8805,1
8807,1
8808,2
8811,1
8813,1
8815,2
8816,4
8817,1
8818,3
8819,3
8820,1
8821,1
8822,2
8824,1
8825,3
8826,4
8827,2
8832,1
8833,3
8834,1
8836,2
8837,4
8838,2
8840,1
8842,4
8844,1
8845,1
8846,1
8852,1
8853,1
8855,1
8856,1
8861,1
8862,1
8868,2
8870,1
8874,2
8884,2
8893,1
89,1
8901,3
8902,1
8903,2
8904,1
8905,1
8906,2
8908,2
8909,1
8913,1
8914,3
8915,6
8916,2
8917,1
8918,1
8919,2
8920,1
8921,1
8922,5
8925,1
8927,1
8928,1
8929,1
8930,3
8933,2
8934,3
8935,1
8937,3
8938,1
8939,6
8941,1
8942,2
8943,2
8944,1
8945,4
8946,1
8947,2
8948,1
8949,2
8952,3
8954,1
8955,1
8956,1
8959,2
8960,3
8963,2
8966,1
8973,1
8975,1
8982,1
8987,2
8988,1
8989,5
8991,2
8994,1
8995,3
8996,3
8997,3
8998,3
9,1
90,1
9001,4
9002,6
9003,5
9004,2
9006,1
9007,4
9008,1
9009,2
9010,2
9011,3
9012,2
9016,2
9017,3
9020,1
9022,3
9023,1
9024,2
9026,2
9028,2
9031,1
9032,5
9033,6
9034,2
9035,1
9036,1
9037,2
9038,1
9043,1
9044,1
9045,3
9047,2
9049,1
9050,1
9051,2
9052,1
9053,3
9054,2
9055,1
9058,2
9059,1
9060,2
9061,1
9062,1
9063,1
9068,1
9069,3
9073,1
9074,2
9075,1
9077,2
9078,1
9079,2
9080,2
9083,1
9084,1
9090,1
9091,1
9092,1
91,1
9100,4
9101,9
9102,4
9103,5
9104,5
9105,5
9106,3
9107,3
9108,2
9109,4
9110,1
9111,3
9112,2
9113,2
9114,6
9115,3
9116,3
9118,4
9119,4
9120,2
9121,7
9122,2
9123,1
9124,2
9125,4
9126,4
9127,4
9128,5
9129,1
9130,4
9131,2
9132,3
9133,2
9134,2
9135,3
9137,1
9138,1
9139,2
9140,1
9141,3
9142,2
9143,1
9146,2
9147,5
9148,3
9149,1
9151,1
9152,2
9153,3
9155,2
9156,3
9158,1
9159,2
9162,2
9163,2
9165,1
9166,1
9169,1
9171,1
9180,1
9182,2
9184,3
9188,1
9199,2
92,3
9200,2
9201,6
9202,8
9203,3
9204,3
9205,3
9206,3
9208,3
9209,2
9212,2
9216,1
9218,1
9219,2
9220,1
9221,3
9222,1
9223,4
9225,2
9226,3
9227,2
9230,2
9231,1
9233,2
9234,5
9235,1
9236,3
9237,1
9238,3
9239,2
9240,3
9241,2
9242,3
9243,3
9244,1
9246,2
9247,3
9248,1
9250,1
9252,5
9253,2
9254,4
9255,3
9256,1
9257,2
9258,1
9259,1
9260,1
9261,1
9263,3
9264,7
9265,1
9268,1
9269,2
9270,1
9271,3
9277,1
9278,1
9279,1
9284,1
9293,1
9296,1
93,2
9300,10
9301,2
9302,4
9303,2
9304,2
9305,6
9306,3
9307,2
9308,3
9309,1
9310,2
9311,3
9312,4
9313,3
9314,2
9315,2
9316,3
9317,1
9318,4
9319,2
9321,1
9322,3
9323,1
9324,1
9326,2
9327,5
9328,3
9329,2
9331,1
9332,2
9333,4
9334,6
9336,3
9337,1
9339,2
935,1
9351,1
9352,1
9353,1
9359,1
9365,2
9366,2
9368,1
9371,2
9373,1
9379,1
9381,1
9386,2
9387,1
9395,2
94,2
9400,5
9401,1
9402,2
9403,3
9404,2
9406,3
9407,1
9408,1
9410,3
9412,1
9413,3
9414,2
9415,3
9417,1
9419,1
9420,1
9421,3
9422,3
9423,2
9424,2
9426,2
9431,1
9434,2
9440,1
9443,1
9448,2
9449,2
9453,1
9454,1
9455,1
9458,3
9460,2
9463,1
9464,1
9466,3
9469,1
9470,1
9475,1
9476,1
9477,1
9479,1
9480,1
9482,1
9484,2
9488,1
9490,1
9491,1
9493,2
9496,2
9497,1
95,3
9500,2
9501,1
9502,1
9503,2
9505,1
9506,2
9508,1
9509,3
9510,2
9511,1
9512,1
9513,1
9514,1
9518,3
9520,1
9521,1
9522,1
9523,1
9524,2
9525,2
9526,1
9527,2
9528,1
9530,2
9532,1
9533,1
9534,1
9535,1
9536,1
9538,1
9540,3
9542,1
9546,1
9548,2
9549,2
9552,2
9557,1
9558,2
9559,1
9560,2
9561,1
9562,3
9563,2
9566,2
9567,3
9568,2
9569,1
9574,2
9576,1
958,1
9582,1
9583,1
9584,2
9587,1
9595,2
9597,3
9598,1
96,1
9600,5
9601,1
9602,4
9603,3
9604,2
9605,11
9606,1
9607,5
9608,3
9609,2
9610,1
9611,4
9612,1
9613,5
9614,2
9617,5
9618,2
9620,1
9621,1
9622,2
9623,1
9624,1
9625,1
9626,1
9627,2
9629,2
9630,1
9631,2
9632,4
9633,2
9634,2
9636,2
9637,2
9638,2
9639,1
9641,3
9642,1
9643,3
9645,1
9646,3
9648,1
9649,4
9652,6
9653,4
9655,1
9656,1
9657,3
9658,2
9660,1
9662,1
9663,4
9665,2
9666,1
9668,3
9669,1
9670,2
9671,2
9673,3
9674,2
9675,2
9676,1
9677,3
9679,1
9680,3
9681,3
9682,1
9684,2
9685,1
9686,2
9687,2
9689,1
9691,1
9693,2
9696,1
9700,3
9701,3
9702,3
9703,2
9705,1
9706,1
9707,1
9708,1
9709,4
9711,2
9713,4
9714,1
9715,3
9716,7
9718,1
9719,1
9720,1
9723,4
9725,1
9726,1
9728,1
9732,1
9733,1
9735,3
9737,2
9738,1
9740,1
9743,1
9746,1
9747,1
9750,1
9751,3
9752,2
9754,1
9755,1
9756,4
9757,3
9758,3
9760,2
9761,4
9763,1
9765,2
9772,1
9774,2
9776,1
9780,1
9782,2
9783,3
9784,2
9785,1
9786,2
9788,1
9789,3
9790,1
9791,3
9792,2
9797,1
9798,1
98,1
9801,3
9802,11
9804,2
9810,1
9813,1
9820,2
9822,2
9827,2
9831,2
9832,3
9836,1
9838,1
9839,1
9840,1
9843,2
9853,1
9856,1
9999,82
