precinct_text_designation,Count
000,138
0001,2438
0002,555
0003,26
0004,316
0005,484
0006,384
0007,534
0008,293
0009,967
001,7068
001.1,111
0010,630
0011,956
0012,1448
0013,1261
0014,1551
0015,1820
0016,1965
0017,927
0018,990
0019,792
002,7107
0020,546
0021,3258
0022,1409
0023,1207
0024,1595
0025,2521
0026,1379
0028,1774
0029,1435
003,10773
0030,1971
0031,4171
0032,2502
0033,2159
0034,304
0035,937
0036,2071
0037,2214
0038,2061
0039,3404
004,4491
004.1,40
0040,269
0041,647
0042,2314
0043,2487
0044,2502
0045,748
0046,2892
0047,2322
0048,1768
0049,1329
005,5142
005.1,293
0050,1191
0051,3254
0052,2587
0052C,313
0053,2036
0054,1152
0055,275
0056,1396
0056B,16
0056C,6
0056D,4
0057,1176
0058,1578
0059,2936
0059A,219
006,3025
006.1,48
006.3,188
0060,271
0061,2
0061A,7
0061B,35
0061D,147
0061F,2
0062,1234
0063,1617
0064,1445
0065,1411
0065A,73
0066,1243
0067,451
0067A,5
0068,627
0069,167
007,4588
0070,36
0071,197
0072,1627
0073,1317
0074,1467
0075,238
0076,489
0077,23
0078,3
007A,22
008,3462
008.2,71
0080,815
0081,554
0082,502
0083,12
0084,256
0085,330
0086,1128
0087,830
0089,178
009,3565
009.3,376
0090,500
0091,787
0092,561
0093,584
0094,654
0095,672
0096,454
0097,72
0099,113
01,5819
010,3120
010.1,30
0101,496
0102,1744
0103,721
0104,719
0105,1934
0106,3355
0107,2050
0108,1375
0109,1545
011,5080
011.2,85
0110,1923
0111,472
0112,1810
0113,1751
0114,1643
0116,2148
0117,1814
0118,1920
0119,1631
012,3097
012.2,335
0120,1625
0121,1258
0122,2718
0123,382
0126,372
0127,33
0128,1443
0129,561
013,4740
0130,1106
0133,47
0135,442
0136,857
0137,1555
0138,1918
014,5061
014.1,18
014B,486
015,4730
016,3849
017,4184
018,2661
018 A,458
019,2055
01A,593
01B,616
01C,1111
01D,784
02,10306
02.1,3065
02.2,4
020,4613
020 A,451
0201,546
0202,432
0203,437
0204,427
0205,1233
0206,1133
0207,3513
0208,1032
0209,2303
021,2356
0210,2842
0211,1369
0214,1966
0215,2881
0216,1551
0217,1922
0218,3325
022,5437
0221,1175
0222,1145
0223,1765
0224,3351
0225,3618
0226,2216
0227,1505
0228,2555
023,2763
0230,90
0233,811
0235,571
0236,1099
0238,217
0239,98
024,2712
024.1,335
0240,339
0241,183
0242,334
0243,54
0245,5
0246,242
0247,444
0248,51
0249,1577
025,1752
025 A,1755
025.1,432
0250,746
0251,664
0252,746
0257,1
025A,65
026,3709
026.01,239
026B,687
027,2323
027.1,102
028,2261
028B,809
029,2161
029 A,989
02A,359
02B,508
02C,444
02D,437
02E,397
03,4963
030,968
0301,1496
0302,2444
0303,1505
0304,1320
0305,824
0306,2619
0307,2074
0308,2217
0309,794
031,1857
0310,1984
0312,909
0313,2424
0314,2085
0315,1816
0316,1155
0317,21
0318,245
0319,564
032,1900
032.1,237
0320,686
0321,85
0324,939
0325,1150
0326,182
0328,134
033,1700
033 A,371
033 B,288
033 C,73
033.1,90
0330,1593
0331,381
0332,850
0333,1170
0334,832
0335,663
0336,268
0339,1949
034,1976
035,2625
035B,495
036,3289
037,3110
037 A,451
038,1821
038 A,84
038B,322
039,2678
03A,578
03B,454
03C,673
03D,407
03W,118
04,5492
040,2566
0401,1569
0402,1535
0403,1414
0404,3291
0405,1518
0406,2240
0407,582
0408,2261
0409,1452
041,1985
0410,2727
0411,142
0412,3561
0413,2426
0414,974
0415,327
0416,1164
0417,1322
0418,1809
0419,1249
042,2118
042.1,7
0420,1693
0422,1165
0423,1674
0424,813
0425,2540
0426,199
0429,988
042B,500
043,3514
0431,22
0433,733
0434,2
0437,965
0439,6
044,1247
0444,151
0445,746
0446,231
0447,295
0448,125
0449,635
044B,438
045,2776
046,2870
046 A,193
046B,1255
047,3021
048,3451
049,1908
049B,296
05,5639
050,2002
050 A,500
0501,436
0502,487
0503,2807
0504,2048
0505,527
0506,2472
0507,2264
0508,2044
0509,2302
050B,69
051,745
0510,2695
0511,668
0512,4082
0513,1818
0514,2847
0515,2221
0516,1230
0517,1261
0518,1583
0519,1836
052,1712
0522,1564
0523,1542
0524,2421
0525,1832
0526,2046
0527,2037
0528,2
052B,91
053,781
0530,1972
0531,2768
0534,233
0539,1805
053B,968
054,1829
054 A,401
0541,3
0544,186
0545,715
055,1246
0552,1
055B,77
056,1547
056B,23
056C,94
057,2175
057B,192
057C,97
058,702
059,916
0591,218
059B,75
05A,163
05B,110
05C,108
05W,85
06,4269
060,1701
0601,3169
0602,2958
0603,1173
0604,2786
0605,1331
0606,1151
0607,2431
0608,2489
0609,3956
061,1624
0610,1743
0611,1252
0612,2213
0613,1813
0614,1198
0615,3098
0616,1439
0617,1001
0618,736
0619,1830
061B,282
062,2249
0621,574
0622,2107
0623,2086
0624,210
0626,18
0627,124
0629,55
063,1624
0630,4
0632,765
0633,819
0634,301
063B,293
063C,563
064,276
064B,1
065,270
065B,16
065C,3
065D,4
065E,33
066,1405
066B,3
066C,294
067,158
067A,740
067B,372
067C,106
068,47
069,876
06W,63
07,6684
070,883
0701,470
0702,524
0703,549
0704,543
0705,420
0706,403
0707,435
0709,359
071,2748
0710,426
0711,618
072,1101
073,506
074,3299
076,162
077B,707
078,468
079,211
07B,48
07D,432
08,5049
080,247
0801,477
0802,494
0803,557
0804,554
0805,739
0806,386
0807,493
0808,428
0809,525
081,219
0810,395
0811,573
082,581
083,438
084,607
09,5318
090,182
0901,135
0902,436
0903,702
0904,567
0905,596
0906,624
0908,910
0909,396
091,140
0910,861
0911,440
0912,274
092,182
1,1620
10,4466
100,569
1000,404
100000,58
1000000,216
100001,1295
100001A,836
100002,2292
100003,1441
100004,54
100004A,2088
100005,2544
100006,1529
100006A,1182
100007,370
100007A,4
100009,38
100009A,96
100012,3
100035,5
1000EF,90
1001,744
1002,1704
1003,1397
1004,2222
1005,491
1006,562
1007,529
1008,587
1009,362
101,1318
1010,554
1010001,40
1010002,59
101001,22
1011,1661
1012,464
1013,714
1014,885
102,7
1021,1188
1022,519
1023,791
1024,647
103,4
1031,2351
1032,690
1034,915
1042,516
1044,615
10501,44
1052,943
1054,1126
1064,182
107,2
10A01,88
10NO,199
10SO,460
11,6187
11.5,236
110,96
1100,783
1100003,99
1100004,128
110001,2118
110002,1997
110002A,113
110003,1363
110003A,297
110004,997
110007,413
110007A,687
110009,177
11005A,209
11005AA,427
11006A,555
11006AA,425
1101,2715
1102,2052
1102A,158
1103,1133
1104,1521
1105,1579
1106,545
1107,565
1108,512
1109,570
111,3
1110,372
1111001,54
1111002,66
1111003,91
112,4
11201,2
114501,45
116,2
118,3
11A,26
12,7624
12.4,115
120,290
1200,246
1200000,157
1200001,40
1200002,55
1200003,26
120001,140
120001A,108
120002,588
120003,1086
120004,1191
120005,930
12004A,90
12004B,121
12005A,902
1201,586
1202,526
1203,532
1204,601
1205,508
1205A1,420
1205A2,321
1206,707
1207,748
1208,615
1209,973
121,3
1211,866
1212001,244
1212002,61
1212003,32
1212004,347
1213,586
1214,546
1215,919
1216,1067
1217,8
1219,114
1220,723
1231,421
125501,54
12B,650
13,5838
13.4,411
13.5,148
1300000,110
130001,193
130001A,193
130002,787
130003,1113
130004,1618
1301,2
1302,284
1305,47
1306,203
1308,12
1309,168
1310,2156
1312,974
1320,3311
1321,152
1322,136
1330,360
135001,58
14,8371
14.5,178
1400000,199
140001,587
140002,946
140003,887
140004,361
140004A,58
1401,928
1402,837
1403,449
1404,1119
1405,504
142501,60
15,5783
1500000,210
150001,1142
150002,664
1501,868
1502,544
1503,75
16,3482
1600005,156
1600006,291
160001,1477
160002,1223
17,3671
1700007,72
1700008,75
18,1736
1800009,102
1800010,46
18A,63
19,4438
19.1,2197
1900011,71
1900012,52
1A101,70
1A5201,30
1B,22
1B1,141
1B10001,1137
1B10002,1232
1B201,109
1C,419
1C10001,708
1CUN,615
1D10001,92
1E,404
1H0011,336
1H0021,904
1H0031,768
1H0041,164
1L101,406
1L201,490
1M4201,409
1M4202,286
1M4203,467
1N10001,73
1S01001,234
1S01002,326
1W,440
2,1985
20,6273
200,1089
2000,39
200000,25
2000000,93
200002,217
200003,155
200004,495
200005,242
20002,482
2000GR,122
2001,526
2002,170
2003,618
2004,1
2005,6
2007,2
2008,6
2010,6
20101,474
2011,38
2013,1
2014,5
2016,17
2017,2
2018,4
2019,266
2020,2
20201,431
2021,29
2022,86
2024,2
2025,31
20NO,502
20RS,17
20SO,491
21,3496
210001,539
2100013,68
2100014,53
210002,810
210005,1382
2100101,34
2110000,490
2110001,52
2120000,683
2120001,68
2130000,713
2140000,9
2140001,429
22,2546
220001,279
220010,52
2200201,134
2201,1438
2202,695
2203,625
2204,194
2250001,97
2250015,79
2250016,268
2260017,66
2260018,254
23,4233
2300000,78
230002,45
2300301,519
2300304,332
2370001,167
24,4433
2400019,85
2400020,475
2400401,77
2460001,89
25,2776
2500000,96
26,5489
2600501,118
2610000,665
2620000,597
2630000,453
2640000,574
26EH102,107
27,1994
27.1,424
28,3737
2800601,195
29,971
2900701,102
29D,5
2B4401,368
2C,62
2C20001,317
2C5401,22
2CRC,476
2D701,635
2E,41
2E101,82
2E20001,678
2H0012,447
2H0022,355
2H0032,257
2I2,59
2J02,32
2T20001,171
2W02001,37
3,286
30,4372
3000,120
300000,58
300001,89
300002,59
300003,23
300004,455
300006,476
30003,143
3000HW,436
3001,15
3002,1
3003,3
3004,1
3005,132
3006,11
3009,209
3010,1070
30301,225
30NO,600
30SO,221
30WI,138
31,2297
310,254
310001,1307
310002,1238
310004,796
3100801,41
32,3087
320,511
33,1945
330003,145
330011,105
3301,377
34,268
35,889
36,1647
37,2749
38,1091
39,1460
3C4601,72
3CNT,384
3F0002,121
3F501,54
3G,328
3G30001,283
3G5601,67
3H50001,428
3K3,77
3O801,328
3O802,404
3O803,227
3R0014,53
3R02,930
3Y30001,484
3Y30002,403
4,304
40,400
400,556
4000,32
400001,75
400002,613
400003,144
400006,181
40004,576
4000LG,171
4001,118
4002,316
4006,137
4007,256
40401,124
41,129
410001,741
410002,632
410003,447
4110004,718
42,356
420001,734
420002,1568
4220004,822
43,1784
430001,629
430002,1034
430003,857
430004,2063
4330004,542
44,1990
440001,887
440002,1291
440003,1017
440004,422
440012,370
4401,58
45,1490
450002,182
46,693
47,828
48,1878
49,323
4A,3
4B,6
4C,7
4C02,532
4COS,697
4D4801,195
4H,1297
4H40001,40
4J701,263
4K5801,309
4L4,51
4L70001,15
4M0015,140
4N601,207
5,1450
500,98
500000,101
500008,845
500009,406
5000ML,253
51,393
51.4,48
5100,288
51000,764
52,408
5200,130
52000,503
53,1140
5300,137
53000,986
53001,67
54,249
5400,548
54002,380
54003,384
55,168
55000,679
550001,38
55001,34
550013,115
5501,521
56,665
57,2592
57.2,31
570002,499
58,3626
59,780
5COZ,475
5F0016,151
5I,3561
5L6001,144
5M401,585
5M5,66
5P201,79
5S50001,22
5S80001,50
5T5001,161
6,1138
60,1700
60.3,10
60.4,16
60.5,23
600,44
600000,34
600011,158
6001,503
6002,2
6003,79
6004,5
6005,28
6008,2
6009,2
6010,15
6011,9
6013,9
6014,4
6016,31
6018,4
6019,10
6020,3
6021,17
6024,2
6026,5
6032,48
61,6316
61.2,37
6100,289
610000,703
62,3907
6200,239
620000,567
63,1537
6300,224
630000,534
630001,4
64,725
6400,471
64001,61
65,308
66,161
660001,450
660002,488
660003,460
660004,338
66001,250
66002,65
6601,29
69,52
6A,2
6CKY,623
6G0002,154
6K02,229
6L,309
6R0017,137
6R601,47
6S6,198
6S60001,51
6S6201,432
6S6202,515
6S6203,257
6T90001,627
7,290
70,698
700,76
7000,27
700000,58
700004,905
7001,1
7002,768
7004,764
7005,35
7009,43
7010,2
7011,192
71,164
71501,38
72,6
73,121
74,11
75,633
76,88
760002,42
77,866
770001,355
770002,552
770003,597
77001,33
770015,95
77001A,46
77002,92
7701,288
78,286
79,250
7CDE,721
7E0018,182
7F02,60
7T70001,140
7V7,135
7W30001,832
7W301,23
8,156
80,126
800,34
800000,99
800001,139
800002,59
800003,86
800004,74
800005,56
818,515
82001,84
829,724
8310,656
8411,861
880001,210
88001,67
880016,31
88002,24
8801,40
8C60001,95
8CJF,319
8M,314
8N02,688
8W0019,22
9,63
90,95
900,574
900000,121
9001,445
9002,2
9003,125
9004,22
9005,26
9007,384
9008,2
9009,1
900A,8
900B,2
9010,623
9011,3
9012,5
91,42
93,36
93501,65
96,2
99001,77
99001A,61
99002,57
9901,83
9H001D,23
9M02,121
9P001A,42
9S,58
A00001,179
A00002,94
A001,1669
A002,1063
A003,1279
A006,234
A007,269
A1,1007
A100,234
A100001,291
A100014,60
A1000A1,60
A1063,162
A11,799
A12,406
A13,869
A14,292
A140000,446
A15,455
A1602,20
A1RDE,540
A2,1059
A200,1235
A2000A2,69
A200A,8
A200B,1
A200D,1
A21,328
A22,571
A250000,109
A2801,48
A2REA,675
A2RWE,546
A3,885
A300,44
A3000A3,71
A31,178
A310002,31
A3702,42
A380000,166
A3RJF,475
A4,592
A400,107
A4000A4,342
A400A43,75
A400A4N,22
A400A4W,1
A42,304
A4300A4,16
A4300A5,49
A460000,42
A4703,50
A4a,134
A4b,176
A4c,185
A4RKW,1028
A5,458
A500,46
A500009,118
A50001,249
A5000A5,420
A500A54,47
A5202,45
A570000,72
A5RKY,576
A6,965
A600,197
A6000A6,197
A600A,77
A61,212
A620002,198
A6704,44
A6RNT,199
A7,1450
A700,145
A7000A7,93
A71,417
A7403,92
A7ROS,771
A8,840
A800,131
A800011,6
A8000A8,266
A8003A8,7
A81,54
A8200A8,28
A8202A8,49
A8802,29
A8E,64
A8ROZ,749
A9,351
A900,43
A900A,80
A91,393
A9102,42
A92,190
A93,358
A95,454
A9C,67
A9N,39
A9RRC,1593
AB00072,58
AB00102,39
AC00073,294
AD,113
AD3,8
AD9,136
AF,1164
AG,112
AL,24
AL00001,596
AL00033,134
AR,89
AS001,45
AS60002,79
AT,229
AT00034,75
AT01,24
AT02,116
AT03,765
AT05,313
AT06,103
AT07,7
AT08,93
AT12,63
AT13,4
AT15,10
AT16,2
AT22,148
AU0AU,17
AV00001,282
AV400,49
AV80001,38
B00003,81
B001,1089
B002,1
B004,3
B005,7
B006,2
B008,5
B009,2
B1,794
B100,318
B100015,35
B1000B1,435
B100A,27
B1502,60
B1RRU,586
B2,730
B200,127
B2000B2,200
B2203,12
B280016,33
B2RSA,639
B3,847
B300,357
B300010,24
B3000B3,69
B300A,191
B300B,253
B3103,31
B3RUN,614
B4,523
B400,58
B4000B4,294
B4204,18
B4E,95
B4RSA,141
B5,339
B500,123
B5000B5,108
B5803,49
B5N,88
B5RUN,40
B6,297
B600,239
B6000B6,56
B6302,68
B700,127
B7104,40
B800,91
B800A,22
B8303,44
B900,593
B9804,17
BA,420
BA00802,58
BA01,2145
BA02,1822
BA0201,50
BA03,2770
BA04,3
BA101,35
BA20000,172
BAA,86
Banner,100
BC,371
BE,48
BE00035,43
BE0201,442
BE0401,34
BE202,244
BE502,206
BE90001,155
BEA,290
BFM,60
BG01NO,486
BG02SO,125
BG70002,32
BH40002,21
BHT,85
BL,42
BL00005,87
BL0401,91
BL0601,31
BL301,50
BL4,28
BLA0001,66
BM00001,165
BNT,58
BO5,26
BOA0000,117
BRW000,195
BS01-01,1219
BS02-01,1050
BS03-01,1296
BS04-01,1624
BT00402,38
BU,131
BU00074,928
BU0601,73
BUB,300
BUB1,35
BW002,74
C00004,112
C001,2253
C002,11
C003,1236
C004,1300
C006,2149
C007,29
C008,640
C009,2343
C010,1492
C013,1423
C014,1053
C017,3
C019,452
C020,858
C022,93
C023,2
C1,534
C100,22
C100009,39
C1603,51
C1W,5
C200,120
C2304,26
C2a,1639
C2b,542
C2E,2
C300,179
C3305,40
C3a,496
C3b,371
C4,403
C400,145
C4604,21
C4a,260
C5,64
C500,64
C5205,48
C5a,77
C5b,118
C600,207
C6503,43
C700,142
C7105,25
C8,402
C800,274
C900,85
CA,128
CA00036,228
CA003,49
CA20002,33
CA700,60
CAB,115
CAN,146
CAN (A),301
CAN (B),5
CC,200
CC10002,66
CC20003,18
CCC,78
CD,739
CD000,126
CD00006,206
CD0801,63
CE,430
CE00002,340
CE00037,172
CE00702,57
CE0801,62
CE1003,50
CE1004,83
CE800,54
CE90002,510
CEA0003,19
CEC01,282
CED,134
CEN,400
Center,33
Center2,247
CG1,437
CG2,372
CG3,622
CH,730
CH000,100
CH1001,36
CH13,470
CH2,1
CH9,159
CHG,48
CL,94
CL000,81
CL004,85
CL201,69
CN000,326
CN00038,728
CNC,396
CNENCL,4
CNT,147
CO,225
CO005,38
CO102,139
CO1201,198
CO302,42
COD0001,13
COI,44
CP1401,15
CP1W2,616
CP1W3,1234
CP1W3EX,1
CP1W4,728
CP2W2,657
CP2W3,549
CP2W4,480
CP2W4A,8
CP2W4B,1
CP3W3,199
CP3W3EX,4
CP3W3H7,900
CP3W4,44
CP3W4EC,5
CP3W4H7,439
CS102-1,138
CSH102,4
CSH104,461
CSH114,212
CST,50
CT000NO,370
CT000SO,387
CT10009,76
CU,510
CU1401,78
CU40003,38
CV401,9
CVD,99
CW1,210
CX000,290
D00005,59
D100,91
D100017,28
D101,1431
D102,1144
D103,770
D104,1371
D105,1116
D106,1832
D108,2145
D109,1301
D111,1121
D113,925
D114,1045
D115,613
D116,1633
D117,523
D118,1439
D119,662
D120,350
D121,1610
D122,2320
D125,368
D126,11
D127,566
D200,136
D200010,62
D201,664
D202,1102
D203,1018
D204,629
D205,1990
D206,1948
D207,1864
D208,1594
D209,874
D210,2501
D211,2272
D212,1390
D213,1037
D214,1001
D215,1383
D216,1066
D219,13
D221,582
D222,2360
D223,1355
D224,580
D300,80
D300A,6
D300B,1
D300D,166
D300E,17
D301,773
D302,342
D303,712
D304,1346
D305,1570
D306,870
D307,896
D308,593
D309,785
D310,1385
D311,1538
D313,1329
D315,1119
D316,1337
D317,1630
D318,1213
D319,884
D320,997
D321,1468
D322,1139
D323,1173
D324,647
D325,1270
D401,1775
D402,1593
D403,1854
D404,1143
D405,1465
D406,1253
D407,1089
D408,1204
D409,1678
D410,1095
D411,853
D412,1911
D413,941
D414,1770
D415,182
D416,1387
D417,1317
DB11,1066
DB12,1315
DB124,437
DB13,1
DB14,1198
DB19,1
DB211,957
DB22,1634
DB23,2032
DB31,475
DB315,41
DB32,1287
DB321,1051
DB325,134
DB326,192
DB341,91
DB345,3
DB36,991
DB37,304
DB38,16
DB41,809
DB42,1564
DB433,64
DB434,9
DB436,789
DB437,60
DB440,1280
DC,85
DC000,39
DE501,21
DET,107
DG,1276
DG00005,410
DL03,1
DL04,2
DL10,3
DO,35
DO1601,2
DO1602,22
DO1604,3
DP,69
DR,211
DR0000,316
DU1601,11
DW01-01,31
E-OG,50
E00006,183
E001,1896
E003,706
E004,3
E005,347
E008,204
E009,1005
EA,815
EB,130
EC018,435
EC019,420
EC020,521
EC025,57
ED01-01,2580
ED02-01,403
ED02-02,9
EE007,56
EE008,81
EET,417
EF000EF,64
EL,677
EL0EL,8
EMC,953
EMT,212
EN0004,90
ER,72
ES00001,316
ES9,39
EU30000,308
EU60004,11
EV6,313
EV9A,18
EV9B,2
EW006,127
EW022,40
F00007,146
F100001,78
F100014,61
F11,133
F22,164
FA,90
FAX,383
FC,131
FE0000,237
FHE,220
FI,30
FLF01,71
FMF,107
FO1801,78
FR,405
FR000,183
FR0000,252
FR40001,108
FR601,60
FRE,328
FS01,967
FS01B,15
FS01C,20
FS02,889
FS03,393
FS04,793
FS05,812
FS06,2063
FS07,1014
FT,928
FT10001,100
FU0000,108
FX,113
G00008,192
G100001,115
G100014,35
G101,524
G102,371
G200013,17
G201,363
G202,394
G300014,28
G301,510
G302,461
G401,241
G402,268
G403,174
G404,250
GA,2047
GA00003,97
GA00900,94
GA1801,6
GA1802,23
GA2001,62
GA50002,26
GAC,534
GAG,144
GC,353
GCT,117
GD,496
GE2001,23
GE30002,72
GF000GR,71
GF009,32
GG023,48
GI50002,118
GL301,58
GN01,1104
GN09,2
GN10,2
GN13,2
GO,1792
GO01,1
GO02,86
GO04,159
GO05,1620
GR,991
GR00041,692
GR102,25
GR2201,67
GR60002,32
GRA,32
GRAN,279
GRE,73
GRH,777
GRT,129
GT,461
GU000,65
GV00042,38
GY01,2135
GY02,286
GY03,72
GY04,95
GY07,251
GY08,125
H1,374
H101,852
H102,1348
H103,1177
H104,1058
H105,840
H106,293
H107,1087
H11,802
H13H102,470
H13H104,330
H2,378
H201,973
H202,1539
H203,1263
H204,1323
H205,783
H206,771
H207,686
H22,875
H22H104,1090
H3,437
H301,1204
H302,1241
H303,788
H304,448
H305,2228
H306,1893
H307,234
H401,376
H402,961
H403,804
H404,1254
H405,1174
H406,1011
H407,2131
HA,16
HA00075,840
HA0024,67
HA002D,88
HA03001,46
HA11,1323
HA13,2
HA15,1
HA17,453
HA21,1201
HA2201,61
HA24,93
HA25,31
HA27,465
HA31,1405
HA33,106
HA35,176
HA40002,84
HA40003,62
HA402,15
HA41,1151
HA42,532
HA70002,17
HA900,58
HAI,151
HAI1,21
Harmony,68
HC00001,561
HC00002,583
HC00003,383
HC00004,1176
HC00005,853
HC00006,670
HC00007,805
HC00008,356
HC00009,991
HC0001,1008
HC00011,1039
HC00012,687
HC00014,742
HC00015,658
HC00016,995
HC00017,836
HC00018,464
HC00019,557
HC0002,793
HC00021,1830
HC00023,1293
HC00024,820
HC00025,862
HC00026,419
HC00027,613
HC00028,1296
HC00029,623
HC0003,448
HC00031,705
HC00032,194
HC00033,259
HC00034,133
HC00035,336
HC021,301
HCEX23,258
HCEX28,580
HCEX34,2
HCH102A,33
HD401,41
HE2401,14
HE302,80
HER1,559
HER2,600
HER4,376
HF00502,77
HI,69
HI000C,453
HLD,16
HLJ01,54
HN501,162
HO20002,110
HO2401,32
HPK01,78
HPT,112
HU00045,87
Hugoto2,824
Hugoto3,901
Hugoton,496
HV00001,136
HV2601,55
HV2602,10
HVH101,233
HVH114,81
HW000HW,140
HW103,20
HY00044,47
HYT,176
I101,1848
I102,1394
I103,1610
I104,1299
I105,1265
I106,528
I107,1357
I108,1097
I109,1465
I201,1523
I202,1040
I203,1707
I204,2079
I205,1843
I206,719
I207,1675
I210,660
I211,1179
I301,1369
I302,2154
I303,1463
I304,936
I305,1345
I306,482
I307,1106
I308,1082
I309,1079
I310,422
I401,926
I402,1094
I403,1142
I404,746
I405,621
I406,4
I407,929
I408,740
I409,1009
I410,530
I411,1140
I412,858
I413,251
IL00202,38
IL01,1501
IL30001,166
IN403,21
IN800,103
INB0000,187
INC,906
INE,76
IO50002,272
IO60002,59
IR000B,224
J101,565
J102,542
J103,207
J104,536
J201,264
J202,2
J203,706
J204,1007
J301,1259
J302,1047
J401,1266
J402,508
J403,635
JA00010,57
JA502,24
JA900,329
JAT,123
JC,58
JE,24
JE00006,352
JE00008,853
JE102,414
JEL,147
JF,268
JF00001,108
JT0MV,313
JT0MVA,72
JT0VAS,592
JV50001,158
K100001,211
K101,676
K102,1118
K130011,44
K201,1118
K202,1104
K301,1401
K302,546
K401,676
K402,816
K403,275
K404,336
KC01-01,326
KC01-02,349
KC01-03,237
KC02-01,483
KC02-02,363
KC02-03,86
KC02-04,466
KC02-05,653
KC02-06,25
KC02-07,1
KC022,336
KC03-01,925
KC03-02,932
KC03-03,182
KC03-04,661
KC03-05,48
KC04-01,829
KC04-02,342
KC04-03,594
KC04-04,957
KC05-01,940
KC05-02,489
KC05-03,462
KC05-04,515
KC05-05,520
KC06-01,612
KC06-02,246
KC07-01,542
KC07-02,464
KC07-03,609
KC07-04,948
KC07-05,219
KC07-06,1122
KC07-07,493
KC07-08,902
KC07-09,1156
KC07-10,588
KC07-11,16
KC08-01,938
KC08-02,872
KC08-03,1166
KC08-04,1110
KC09-01,170
KC09-02,858
KC09-03,1712
KC09-04,200
KC09-05,75
KC09-06,1025
KC09-07,890
KC09-08,476
KC09-09,355
KC09-10,842
KC09-11,55
KC09-12,961
KC09-13,659
KC09-14,817
KC09-15,2
KC09-16,2185
KC09-17,8
KC09-18,171
KC09-19,42
KC09-21,68
KC09-22,128
KC09-23,78
KC09-24,39
KC09-25,1128
KC10-01,877
KC10-02,840
KC10-03,63
KC10-04,613
KC10-05,994
KC10-06,337
KC10-07,232
KC104,4
KC11-01,939
KC11-02,835
KC11-03,1049
KC11-04,964
KC11-05,1128
KC11-06,768
KC11-07,605
KC11-08,998
KC11-09,507
KC11-10,696
KC11-11,872
KC11-12,263
KC11-13,155
KC11-14,276
KC11-15,298
KC11-16,95
KC11-17,18
KC12-01,972
KC12-02,732
KC12-03,1010
KC12-04,981
KC12-05,478
KC12-06,894
KC12-07,949
KC12-08,620
KC12-09,124
KC12-10,164
KC12-11,348
KC12-12,386
KC12-13,694
KC12-14,312
KC12-15,82
KC12-16,321
KC13-01,1017
KC13-02,840
KC13-03,482
KC13-04,459
KC13-05,133
KC13-06,225
KC13-07,546
KC13-08,657
KC13-09,884
KC13-10,89
KC13-11,724
KC13-12,612
KC13-13,283
KC14-01,923
KC14-02,465
KC14-03,425
KC14-04,796
KC14-05,742
KC14-06,923
KC14-07,1194
KC14-08,913
KC14-09,508
KC14-10,1744
KC14-11,879
KC14-12,1774
KC14-13,1216
KC14-14,1930
KC14-15,845
KC14-16,467
KC14-17,929
KCT,369
KE01,2
KE02,15
KE03,1296
KE04,53
KE07,15
KE08,4
KE10,6
KE101,63
KE102,66
KE17,1
KE19,6
KE21,18
KE26,7
KE60003,26
KMQ,39
L001,740
L002,932
L003,605
L004,995
L140012,36
L1C,528
L250013,69
L2C,613
L3C,585
L4C,606
LA00076,38
LA010,59
LA203,20
LA2801,30
LA2802,26
LA90001,123
LA90002,45
LA90003,23
LAA00,40
LAD,286
LB,409
LB00003,548
LB000UV,65
LB00302,40
LB00303,38
LBL,49
LBM01,120
LC,1062
LC023,73
LC1,738
LC2,1022
LC3,991
LC4,839
LC402,250
LC4MC,57
LCR,31
LE,114
LE0LE,9
LE102,84
LE202,104
LE302,299
LG,36
LG000LG,66
LGK,83
LI,770
LI00011,155
LI00047,339
LI2601,96
LI3001,2
LI3002,38
LI60004,17
LI602,16
LIA00,163
LIN,201
LN,132
LN00004,229
LN00005,176
LN011,39
LN60001,28
LN701,94
LNN01,473
LO,61
LO00049,69
LO0LO,3
LO2801,57
LO3201,20
LO6,72
LO60003,23
LO602,173
LOB0001,31
LOC,46
LOO,161
LR00048,400
LS,85
LS00203,50
LT,788
LT00046,63
LT10006,89
LTT,165
LU50002,33
LVT,287
LY,12
LY00003,228
LYP68N,7
LYP68S,50
LYP70,122
M001,168
M100001,417
M100017,105
M1C,4391
M200001,188
M2C,1382
M300001,437
M3C,923
M4C,1957
MA105,26
MA3401,10
MA3402,10
MAC0000,167
MAE000,306
MAF,299
MAW000,106
MB012,30
MC0000,406
MC00006,547
MC0001,300
MC0MC,25
MC10005,240
MC901,52
MD00051,1269
MD70001,249
MDC,1118
MDT,263
ME,517
MET,178
MF00001,204
MF0005,121
MH00001,437
MI,53
MI00001,973
MI00052,52
MI0029,388
MI01,1573
MI02,637
MI03,4
MI05,3
MI07,35
MI08,35
MI09,332
MI12,2
MI14,136
MI20,3
MI22,2
MI26,23
MI6,173
MI9,257
MIG,244
MIS,638
MN0000,518
MND5,132
MND9,412
MNN,715
MO,1892
MO0025,182
MO0MO,88
MO3001,87
MOB00,259
MOD0002,30
Moscow,357
MP0000,72
MPT,423
MQC,409
MQT,112
MSS,666
MT10003,84
MV01,940
MV02,2668
MV05,3
MV06,133
MV14,2
N100001,57
N100002,398
N101,1150
N102,1398
N103,1122
N104,399
N105,460
N106,1213
N107,1437
N108,1259
N109,735
N110,1507
N111,595
N112,1493
N113,919
N114,1161
N115,533
N116,962
N117,623
N118,847
N119,952
N120,582
N121,347
N122,308
N123,829
N124,263
N125,713
N126,195
N201,860
N202,937
N203,780
N204,976
N205,789
N206,936
N207,704
N208,1217
N209,939
N210,2024
N211,465
N212,748
N213,759
N214,672
N215,1149
N216,749
N217,1031
N218,1600
N219,710
N220,613
N221,709
N222,908
N223,812
N224,862
N225,679
N226,867
N227,557
N228,576
N301,1484
N302,1123
N303,744
N304,1077
N305,1214
N306,1004
N307,1118
N308,856
N309,1333
N310,682
N311,1097
N312,1034
N313,1914
N314,1423
N315,847
N316,931
N317,1561
N318,1902
N319,1312
N320,1135
N321,152
N322,704
N323,1028
N401,1326
N402,1194
N403,1835
N404,1538
N405,1247
N406,990
N407,902
N408,1050
N409,950
N410,749
N411,1454
N412,1824
N413,1079
N414,655
N415,765
N416,2178
N417,1757
N418,440
N419,1460
N420,540
N421,840
N501,1267
N502,836
N503,1250
N504,1465
N505,2137
N506,1357
N507,1579
N508,2165
N509,1565
N510,524
N511,1691
N512,596
N513,1224
N514,1366
N515,1846
N516,765
N517,525
N518,1189
N519,425
N520,109
N521,1171
N601,1321
N602,1115
N603,1158
N604,1511
N605,1613
N606,242
N607,449
N608,1184
N609,730
N610,368
N611,1364
N612,570
N613,1305
N614,1363
N615,1816
N616,852
N617,264
N618,1526
N619,933
N620,716
N621,823
N622,1458
N623,2073
N624,1434
N625,36
NA603,11
NB013,58
NC,107
NELB,2
NEQ,274
NGT,394
NI,1914
NI00053,166
NI01,371
NK00069,278
NK0007,158
NK00071,206
NMH,105
NMV523,140
NMV537,345
NMV623,162
NMV637,252
NMVEN26,5
NMVEN5,8
NOR01,343
NOR02,38
NPE1,12
NPE2,83
NPW,386
NST,28
NT,483
NT000,314
NT00007,118
NUI,81
NW,545
NW000,154
O101,1422
O102,527
O103,1111
O201,1441
O202,734
O203,1097
O301,848
O302,1422
O303,882
O401,1092
O402,804
O403,1668
O501,936
O502,1136
O503,1588
O601,910
O602,1381
O603,899
OA01,140
OA3601,58
OB,66
OC,1104
OC00001,1376
OC00002,1693
OC00003,633
OC00004,1810
OC00006,671
OC00007,1871
OC00008,1704
OC16,525
OC25,667
OC35,694
OC35EXB,5
OC45,43
OC46,560
OC80000,120
OG,120
OH,398
OH01,1018
OL,198
OR50003,32
OS0000,295
OSA5,469
OSA6A,1
OSA9,96
OSG,331
OT,655
OT10008,33
OT3201,25
OV,58
OV000OV,76
OZ102,118
P100001,283
P100014,205
P101,864
P102,502
P200016,19
P201,682
P202,785
P301,482
P302,453
P303,399
P310009,76
P401,388
P402,552
P403,583
P470015,53
PA,6050
PA0000,267
PA00007,452
PA00077,144
PA0013,145
PA01,202
PA02,265
PA05,2082
PA06,89
PA09,5
PA0PA,22
PA10,2
PA11,2
PA12,2
PA14,1862
PA15,342
PA16,17
PA17,1
PA3801,29
PA7,79
PAA0001,59
PBE,66
PC,556
PC1,1015
PC11,209
PC13,449
PC16,2
PC17,2
PC18,392
PC19,161
PC2,992
PC21,1168
PC23,346
PC3,911
PC31,1125
PC32,245
PC4,1302
PC41,693
PC43,497
PC44,51
PC45,278
PD8,51
PE,554
PE404,86
PEE,263
PG90000,46
PGB0002,126
PH000BB,31
PI00602,42
PI70003,63
Pioneer,35
PL,19
PL00078,67
PL00603,22
PL014,41
PL4001,17
PL4002,8
PL80001,98
PO,167
PO00008,274
PO00009,256
PO002A,465
PO302,21
PP000PP,92
PR,217
PR000,83
PR000W1,479
PR000W2,3
PR202,79
PR203,42
PRD0003,35
PT,316
PT00054,101
PUD00,217
PV000,148
PVC0001,61
PWW,393
PX00002,149
PY01,1111
PYW,76
Q101,1227
Q102,870
Q103,941
Q104,778
Q105,1576
Q106,1221
Q107,1394
Q108,2226
Q109,353
Q110,449
Q111,1146
Q112,12
Q113,881
Q201,791
Q202,1178
Q203,1348
Q204,1320
Q205,691
Q206,835
Q207,867
Q208,802
Q209,719
Q210,723
Q211,881
Q212,542
Q213,517
Q301,957
Q302,1072
Q303,1567
Q304,1529
Q305,131
Q306,1547
Q307,1903
Q308,1368
Q309,1563
Q310,925
Q311,1714
Q312,611
Q401,1363
Q402,897
Q403,656
Q404,935
Q405,1674
Q406,1120
Q407,1483
Q408,491
Q409,2083
Q411,1014
Q412,254
Q413,272
QC01-01,38
QUA0000,94
R001,829
R002,657
R100001,36
R100010,22
RA,68
RC,108
RCJ,320
RE0000,86
RE402,208
RG0NO,425
RG0SO,414
RHS,169
RI,456
RI01,31
RI03,369
RI06,182
RI07,929
RI13,5
RI14,47
RI15,501
RI16,4
RI3401,163
RI502,203
RI90002,44
RICH,1592
RICH6,109
RIK,404
RIT,116
RLL,80
RM604,22
RN00055,1132
RO,12
RO00057,73
RO0027,134
RO01,682
RO03,448
RO04,14
RO703,69
RS00056,187
RS0RS,26
RSA0004,16
RT,257
RVM,86
S-CO,24
S-OG,68
S-WA,52
S001,338
S120010,75
S200009,30
SA,30
SA01,1564
SA02,775
SA03,56
SA04,36
SA05,377
SA70003,14
SAB0000,25
SBN,82
SC,341
SC00010,619
SC00058,255
SC10007,29
SC6,256
SC9,207
SCA0002,14
SCB00,83
SCC0000,94
SCNE000,363
SCNW000,501
SE,119
SE603,558
SE604,403
SFA0002,130
SH,1439
SH00011,193
SH00021,44
SH00066,511
SH00067,734
SH00068,475
SH0021A,236
SH002A6,51
SH002AA,113
SH002AB,7
SH002B,145
SH015,50
SH0A1,578
SH0B,551
SH0BA,796
SH126,2119
SH201,55
SH26,1
SH3601,67
SH3EXB6,164
SH70004,20
SHI,217
SHP,69
SHT,248
SHU,122
SL,197
SL00008,70
SM3801,36
SMV6,1135
SOC,135
SPD,63
SPE2,152
SPW,252
SR80002,57
SRA01,105
SRD0000,121
SS0000,1077
SS01003,36
SS01004,124
SSE0000,74
SST,57
ST,90
ST00012,137
ST0006,48
ST4001,36
STAN5,643
STAN6,55
STE,207
STF0001,197
STW,20
STWEB,10
STWEC,1
STWEH2,18
STWEH7,2
STWH7,87
SU,244
SU00059,459
SU106,42
SUC00,68
SUP,30
SUT,225
SVT,189
SW,1175
SW4201,24
SWENA,28
SY0008,127
T001,926
T100012,22
T1P1,222
T1P2,146
T2,535
T220001,39
T3,307
T4,144
T440003,159
T5,431
T6,79
T610001,165
T7,163
T8,137
T870001,10
T9,234
T980003,47
TC,80
TC80003,75
TCT,196
TGG0001,203
TH0000,122
TH00083,310
TH016,52
TI405,52
TM,1262
TR00061,93
TR017,31
TU00081,214
TW001,151
TW001A,45
TW003,94
TW003A,53
TW004,25
TW005,132
TWP01,127
TWP02,286
TWP03-1,68
TWP03-2,852
TWP04,24
TWP05,52
TWP06,69
TWP07,148
TWP08,225
TWP09,31
TWP10,124
TWP11-1,375
TWP11-2,1158
TWP12,114
TY000,94
UC000UC,62
UN00703,40
UN01,1794
UN02,313
UN10002,113
UN801,15
UNE,24
UNE000,196
UNT,141
UNV,109
V100011,15
VA,793
VA00013,85
VA021,62
VA4401,3
VA4402,41
VA4403,3
VA503,20
VAF,80
VAH101,5
VAH114,581
VB0NO,276
VB0SO,143
VC11,1210
VC21,1152
VC31,1110
VC32,40
VC33,5
VC41,1196
VC42,333
VC44,14
VCC0002,25
VE000,111
VI,363
VI605,12
Voorhee,117
W1 Lake,2
W100001,451
W100014,13
W1ILL,16
W200001,64
W3 Ind,6
W300001,126
WA,546
WA0000,89
WA00002,105
WA00063,83
WA0026,263
WA01,87
WA02,365
WA02002,82
WA03,14
WA05,1
WA08,2
WA09,3
WA11,2
WA12,2
WA13,38
WA20002,18
WA30002,180
WA302,286
WA40000,165
WA4601,38
WA80002,58
WAD00,64
WAJ,144
WB,311
WB000,20
WC,1298
WC000ML,123
WC024,521
WC30003,33
WCenter,101
WE04001,253
WE0WE,23
WE4801,42
WEG00,218
WET,511
WG,260
WH,112
WH00009,135
WHW,106
WI,370
WI00008,134
WI00082,83
WI0WI,48
WI504,18
WIC,71
WIX,202
WIX1,27
WL024,86
WM00064,74
WMC,637
WP10004,99
WR5001,23
WR70002,39
WR80002,121
WS0028,158
WS10002,171
WSA,52
WSF00,212
WT,262
WT702,138
WT80002,95
WV6,454
WV9,40
WVEX6,290
WYD0000,135
XX0001,607
YOH114,406
YY0002,409
ZZ0003,496
ZZZ0004,1
