text_phone_last_four,Count
,513463
0,2845
000,5
0000,178585
0001,169
0002,150
0003,154
0004,172
0005,170
0006,165
0007,178
0008,181
0009,164
0010,164
0011,196
0012,160
0013,155
0014,162
0015,176
0016,180
0017,169
0018,154
0019,163
002,1
0020,173
0021,184
0022,174
0023,150
0024,176
0025,154
0026,168
0027,148
0028,158
0029,160
003,1
0030,176
0031,148
0032,152
0033,188
0034,147
0035,159
0036,151
0037,158
0038,165
0039,164
0040,181
0041,142
0042,141
0043,152
0044,160
0045,156
0046,150
0047,159
0048,162
0049,156
0050,187
0051,148
0052,136
0053,170
0054,146
0055,180
0056,164
0057,156
0058,167
0059,137
0060,165
0061,177
0062,155
0063,158
0064,125
0065,158
0066,170
0067,165
0068,144
0069,159
007,3
0070,168
0071,171
0072,146
0073,158
0074,172
0075,159
0076,151
0077,180
0078,156
0079,123
0080,164
0081,170
0082,147
0083,140
0084,138
0085,130
0086,170
0087,132
0088,165
0089,161
009,2
0090,174
0091,150
0092,140
0093,153
0094,144
0095,166
0096,151
0097,138
0098,157
0099,165
0100,188
0101,178
0102,171
0103,153
0104,152
0105,156
0106,161
0107,154
0108,172
0109,142
011,1
0110,183
0111,190
0112,152
0113,175
0114,153
0115,137
0116,169
0117,154
0118,142
0119,166
0120,154
0121,145
0122,159
0123,183
0124,170
0125,160
0126,172
0127,147
0128,153
0129,188
0130,170
0131,162
0132,143
0133,167
0134,151
0135,157
0136,144
0137,137
0138,156
0139,128
0140,158
0141,167
0142,143
0143,142
0144,165
0145,139
0146,145
0147,155
0148,164
0149,138
015,1
0150,176
0151,163
0152,167
0153,146
0154,153
0155,170
0156,138
0157,154
0158,145
0159,177
0160,155
0161,169
0162,138
0163,131
0164,151
0165,166
0166,164
0167,160
0168,152
0169,129
017,1
0170,156
0171,175
0172,151
0173,164
0174,118
0175,152
0176,139
0177,168
0178,133
0179,154
0180,162
0181,167
0182,135
0183,136
0184,135
0185,155
0186,122
0187,132
0188,165
0189,160
0190,163
0191,164
0192,160
0193,138
0194,128
0195,143
0196,126
0197,115
0198,152
0199,165
02,1
020,1
0200,223
0201,158
0202,162
0203,157
0204,164
0205,153
0206,142
0207,147
0208,143
0209,155
0210,145
0211,163
0212,151
0213,167
0214,127
0215,132
0216,133
0217,134
0218,141
0219,126
022,1
0220,179
0221,165
0222,178
0223,153
0224,176
0225,155
0226,155
0227,129
0228,147
0229,175
0230,175
0231,153
0232,162
0233,180
0234,159
0235,149
0236,136
0237,147
0238,127
0239,143
0240,167
0241,161
0242,160
0243,150
0244,143
0245,140
0246,137
0247,123
0248,162
0249,143
025,1
0250,154
0251,128
0252,158
0253,132
0254,173
0255,166
0256,129
0257,157
0258,141
0259,145
0260,161
0261,155
0262,137
0263,139
0264,143
0265,147
0266,155
0267,128
0268,141
0269,121
0270,144
0271,144
0272,169
0273,142
0274,127
0275,140
0276,151
0277,180
0278,130
0279,133
0280,133
0281,137
0282,138
0283,145
0284,141
0285,135
0286,150
0287,142
0288,152
0289,140
0290,153
0291,153
0292,132
0293,121
0294,142
0295,120
0296,157
0297,127
0298,139
0299,174
0300,197
0301,151
0302,176
0303,174
0304,145
0305,167
0306,169
0307,138
0308,136
0309,175
0310,144
0311,157
0312,158
0313,140
0314,136
0315,145
0316,144
0317,143
0318,150
0319,163
0320,140
0321,160
0322,148
0323,166
0324,149
0325,137
0326,137
0327,157
0328,156
0329,142
0330,161
0331,152
0332,165
0333,155
0334,151
0335,137
0336,157
0337,154
0338,134
0339,149
034,1
0340,152
0341,144
0342,134
0343,152
0344,156
0345,132
0346,137
0347,145
0348,145
0349,141
0350,171
0351,123
0352,128
0353,156
0354,116
0355,167
0356,141
0357,129
0358,124
0359,129
0360,157
0361,131
0362,122
0363,146
0364,146
0365,125
0366,152
0367,136
0368,131
0369,150
0370,145
0371,134
0372,132
0373,160
0374,130
0375,139
0376,109
0377,158
0378,147
0379,153
038,1
0380,153
0381,110
0382,147
0383,155
0384,128
0385,142
0386,136
0387,130
0388,149
0389,129
0390,137
0391,154
0392,130
0393,137
0394,133
0395,135
0396,134
0397,143
0398,143
0399,138
040,1
0400,232
0401,136
0402,187
0403,143
0404,182
0405,166
0406,145
0407,171
0408,146
0409,129
0410,149
0411,142
0412,146
0413,121
0414,175
0415,150
0416,141
0417,133
0418,155
0419,148
0420,148
0421,135
0422,144
0423,160
0424,139
0425,148
0426,132
0427,125
0428,131
0429,127
0430,138
0431,161
0432,144
0433,168
0434,174
0435,152
0436,144
0437,137
0438,147
0439,126
0440,151
0441,173
0442,137
0443,151
0444,163
0445,165
0446,133
0447,142
0448,144
0449,149
0450,155
0451,143
0452,128
0453,142
0454,156
0455,143
0456,158
0457,148
0458,141
0459,117
0460,152
0461,135
0462,126
0463,140
0464,173
0465,143
0466,188
0467,145
0468,145
0469,126
0470,147
0471,128
0472,126
0473,131
0474,155
0475,132
0476,134
0477,138
0478,117
0479,133
048,1
0480,142
0481,143
0482,138
0483,120
0484,151
0485,139
0486,127
0487,133
0488,157
0489,144
049,3
0490,133
0491,143
0492,140
0493,105
0494,167
0495,144
0496,147
0497,130
0498,115
0499,149
0500,188
0501,143
0502,142
0503,147
0504,142
0505,177
0506,157
0507,141
0508,156
0509,142
0510,143
0511,139
0512,138
0513,126
0514,138
0515,150
0516,148
0517,141
0518,129
0519,134
0520,138
0521,122
0522,169
0523,143
0524,128
0525,138
0526,140
0527,121
0528,143
0529,128
0530,156
0531,125
0532,128
0533,136
0534,110
0535,154
0536,133
0537,121
0538,133
0539,145
054,2
0540,155
0541,136
0542,128
0543,132
0544,143
0545,141
0546,137
0547,128
0548,135
0549,137
0550,181
0551,172
0552,130
0553,133
0554,132
0555,143
0556,163
0557,155
0558,158
0559,145
0560,176
0561,131
0562,126
0563,131
0564,146
0565,143
0566,173
0567,142
0568,132
0569,121
0570,160
0571,126
0572,103
0573,125
0574,145
0575,139
0576,125
0577,175
0578,131
0579,107
058,1
0580,142
0581,142
0582,133
0583,146
0584,144
0585,163
0586,132
0587,125
0588,153
0589,125
0590,148
0591,149
0592,124
0593,115
0594,136
0595,157
0596,136
0597,131
0598,158
0599,139
06,1
0600,204
0601,139
0602,147
0603,136
0604,150
0605,170
0606,182
0607,152
0608,142
0609,131
0610,151
0611,144
0612,137
0613,144
0614,121
0615,139
0616,128
0617,151
0618,113
0619,136
0620,139
0621,142
0622,115
0623,110
0624,139
0625,130
0626,169
0627,144
0628,146
0629,126
0630,143
0631,132
0632,127
0633,150
0634,133
0635,116
0636,141
0637,127
0638,146
0639,149
0640,137
0641,117
0642,154
0643,150
0644,149
0645,131
0646,124
0647,122
0648,149
0649,148
0650,136
0651,125
0652,127
0653,138
0654,149
0655,161
0656,152
0657,119
0658,103
0659,124
066,1
0660,140
0661,134
0662,141
0663,143
0664,151
0665,153
0666,116
0667,133
0668,141
0669,141
0670,140
0671,130
0672,124
0673,124
0674,128
0675,143
0676,140
0677,143
0678,151
0679,124
068,1
0680,146
0681,118
0682,123
0683,119
0684,128
0685,132
0686,163
0687,138
0688,142
0689,120
0690,160
0691,119
0692,113
0693,115
0694,115
0695,113
0696,123
0697,127
0698,124
0699,172
0700,177
0701,140
0702,150
0703,142
0704,114
0705,143
0706,146
0707,183
0708,156
0709,153
0710,151
0711,146
0712,128
0713,111
0714,142
0715,122
0716,119
0717,140
0718,133
0719,126
072,1
0720,143
0721,116
0722,156
0723,140
0724,114
0725,150
0726,116
0727,150
0728,120
0729,138
073,1
0730,156
0731,114
0732,108
0733,132
0734,118
0735,122
0736,116
0737,133
0738,129
0739,134
0740,153
0741,141
0742,124
0743,131
0744,128
0745,135
0746,133
0747,148
0748,124
0749,121
075,1
0750,124
0751,119
0752,113
0753,137
0754,120
0755,163
0756,142
0757,137
0758,144
0759,108
0760,133
0761,128
0762,107
0763,115
0764,132
0765,145
0766,135
0767,159
0768,129
0769,127
0770,146
0771,154
0772,158
0773,152
0774,136
0775,132
0776,145
0777,142
0778,154
0779,114
078,1
0780,143
0781,128
0782,135
0783,109
0784,115
0785,120
0786,130
0787,142
0788,118
0789,131
0790,119
0791,121
0792,117
0793,126
0794,120
0795,123
0796,127
0797,118
0798,122
0799,147
0800,182
0801,140
0802,158
0803,142
0804,144
0805,134
0806,144
0807,159
0808,147
0809,146
081,1
0810,130
0811,125
0812,148
0813,121
0814,129
0815,130
0816,113
0817,136
0818,129
0819,131
0820,136
0821,132
0822,146
0823,154
0824,121
0825,134
0826,130
0827,119
0828,134
0829,119
0830,146
0831,150
0832,121
0833,130
0834,128
0835,150
0836,138
0837,130
0838,138
0839,120
084,1
0840,126
0841,107
0842,131
0843,132
0844,141
0845,149
0846,130
0847,124
0848,153
0849,122
0850,157
0851,147
0852,146
0853,121
0854,132
0855,142
0856,129
0857,145
0858,142
0859,149
0860,141
0861,123
0862,129
0863,112
0864,127
0865,156
0866,126
0867,131
0868,134
0869,109
087,1
0870,137
0871,112
0872,117
0873,128
0874,126
0875,128
0876,124
0877,155
0878,133
0879,130
0880,163
0881,173
0882,141
0883,129
0884,163
0885,151
0886,106
0887,134
0888,148
0889,140
089,1
0890,121
0891,140
0892,111
0893,129
0894,113
0895,135
0896,107
0897,110
0898,138
0899,159
0900,188
0901,121
0902,139
0903,129
0904,144
0905,129
0906,121
0907,154
0908,135
0909,150
0910,131
0911,171
0912,137
0913,125
0914,118
0915,137
0916,130
0917,111
0918,131
0919,159
0920,139
0921,130
0922,130
0923,148
0924,128
0925,112
0926,118
0927,122
0928,122
0929,143
0930,136
0931,132
0932,119
0933,157
0934,110
0935,135
0936,138
0937,140
0938,127
0939,136
0940,138
0941,123
0942,137
0943,123
0944,144
0945,133
0946,117
0947,114
0948,112
0949,146
0950,132
0951,121
0952,144
0953,107
0954,134
0955,131
0956,130
0957,125
0958,117
0959,131
0960,137
0961,127
0962,131
0963,125
0964,107
0965,128
0966,152
0967,112
0968,126
0969,129
097,1
0970,132
0971,118
0972,152
0973,114
0974,128
0975,142
0976,124
0977,135
0978,129
0979,122
0980,135
0981,121
0982,132
0983,129
0984,131
0985,144
0986,132
0987,144
0988,141
0989,126
0990,144
0991,132
0992,135
0993,145
0994,134
0995,143
0996,145
0997,123
0998,118
0999,148
1,1
100,1
1000,325
1001,168
1002,163
1003,157
1004,153
1005,180
1006,173
1007,186
1008,147
1009,166
1010,194
1011,156
1012,154
1013,134
1014,168
1015,158
1016,151
1017,156
1018,149
1019,161
102,1
1020,193
1021,137
1022,150
1023,160
1024,166
1025,156
1026,155
1027,149
1028,144
1029,163
1030,176
1031,174
1032,136
1033,146
1034,131
1035,154
1036,164
1037,135
1038,147
1039,149
1040,167
1041,119
1042,137
1043,150
1044,141
1045,160
1046,134
1047,146
1048,152
1049,141
1050,161
1051,156
1052,161
1053,138
1054,146
1055,130
1056,144
1057,135
1058,137
1059,155
106,2
1060,172
1061,167
1062,159
1063,137
1064,128
1065,159
1066,140
1067,141
1068,148
1069,159
1070,184
1071,138
1072,140
1073,148
1074,145
1075,142
1076,124
1077,161
1078,141
1079,131
1080,169
1081,156
1082,132
1083,131
1084,143
1085,119
1086,142
1087,145
1088,148
1089,142
1090,151
1091,130
1092,145
1093,143
1094,127
1095,166
1096,125
1097,147
1098,153
1099,152
1100,225
1101,164
1102,151
1103,164
1104,164
1105,157
1106,149
1107,152
1108,148
1109,143
1110,184
1111,233
1112,140
1113,166
1114,149
1115,172
1116,149
1117,150
1118,161
1119,147
1120,194
1121,156
1122,193
1123,172
1124,143
1125,149
1126,157
1127,141
1128,155
1129,150
1130,161
1131,139
1132,137
1133,166
1134,151
1135,156
1136,163
1137,164
1138,141
1139,152
1140,157
1141,143
1142,171
1143,141
1144,166
1145,145
1146,150
1147,146
1148,155
1149,120
1150,149
1151,147
1152,139
1153,126
1154,151
1155,181
1156,140
1157,141
1158,133
1159,163
1160,172
1161,150
1162,126
1163,140
1164,140
1165,133
1166,188
1167,147
1168,142
1169,135
1170,157
1171,182
1172,148
1173,155
1174,160
1175,161
1176,139
1177,167
1178,144
1179,146
1180,160
1181,144
1182,141
1183,157
1184,128
1185,154
1186,147
1187,146
1188,178
1189,152
1190,162
1191,156
1192,140
1193,125
1194,124
1195,148
1196,128
1197,150
1198,156
1199,177
12,2
1200,222
1201,164
1202,154
1203,165
1204,134
1205,138
1206,162
1207,146
1208,130
1209,148
1210,141
1211,145
1212,201
1213,168
1214,162
1215,175
1216,118
1217,137
1218,158
1219,139
1220,150
1221,158
1222,166
1223,159
1224,159
1225,164
1226,180
1227,146
1228,144
1229,140
1230,181
1231,147
1232,166
1233,159
1234,210
1235,153
1236,138
1237,144
1238,131
1239,156
1240,129
1241,144
1242,141
1243,147
1244,156
1245,157
1246,121
1247,141
1248,138
1249,147
1250,169
1251,126
1252,140
1253,129
1254,135
1255,139
1256,153
1257,152
1258,145
1259,124
1260,152
1261,131
1262,163
1263,133
1264,127
1265,140
1266,155
1267,119
1268,122
1269,145
1270,125
1271,147
1272,121
1273,146
1274,136
1275,163
1276,144
1277,136
1278,143
1279,120
128,2
1280,131
1281,160
1282,124
1283,131
1284,159
1285,149
1286,126
1287,131
1288,169
1289,123
1290,139
1291,110
1292,134
1293,129
1294,124
1295,152
1296,132
1297,129
1298,133
1299,130
1300,197
1301,135
1302,141
1303,157
1304,157
1305,168
1306,136
1307,140
1308,141
1309,140
1310,154
1311,160
1312,154
1313,184
1314,155
1315,152
1316,151
1317,135
1318,123
1319,145
1320,135
1321,136
1322,129
1323,150
1324,145
1325,166
1326,133
1327,130
1328,110
1329,136
1330,185
1331,154
1332,162
1333,169
1334,136
1335,150
1336,147
1337,116
1338,147
1339,171
1340,144
1341,151
1342,144
1343,147
1344,143
1345,129
1346,123
1347,122
1348,119
1349,141
1350,162
1351,143
1352,134
1353,139
1354,136
1355,136
1356,137
1357,125
1358,145
1359,126
1360,114
1361,153
1362,130
1363,121
1364,118
1365,113
1366,146
1367,113
1368,126
1369,153
1370,124
1371,103
1372,130
1373,128
1374,136
1375,141
1376,105
1377,149
1378,137
1379,127
138,1
1380,134
1381,126
1382,132
1383,141
1384,129
1385,131
1386,129
1387,125
1388,135
1389,143
1390,155
1391,124
1392,139
1393,143
1394,102
1395,113
1396,129
1397,139
1398,124
1399,138
1400,176
1401,163
1402,133
1403,146
1404,140
1405,139
1406,154
1407,139
1408,130
1409,144
141,1
1410,150
1411,158
1412,120
1413,136
1414,176
1415,144
1416,130
1417,150
1418,130
1419,138
142,1
1420,152
1421,137
1422,136
1423,135
1424,149
1425,149
1426,118
1427,134
1428,137
1429,140
1430,148
1431,140
1432,127
1433,120
1434,125
1435,148
1436,135
1437,140
1438,124
1439,106
1440,145
1441,139
1442,135
1443,135
1444,158
1445,126
1446,154
1447,139
1448,148
1449,144
145,2
1450,147
1451,146
1452,118
1453,126
1454,107
1455,138
1456,141
1457,118
1458,151
1459,138
1460,144
1461,129
1462,112
1463,111
1464,140
1465,120
1466,150
1467,125
1468,150
1469,126
1470,152
1471,113
1472,119
1473,131
1474,161
1475,127
1476,131
1477,175
1478,108
1479,152
1480,141
1481,137
1482,129
1483,103
1484,118
1485,141
1486,127
1487,162
1488,145
1489,127
1490,140
1491,130
1492,136
1493,121
1494,123
1495,124
1496,137
1497,136
1498,126
1499,147
1500,224
1501,167
1502,130
1503,154
1504,126
1505,132
1506,152
1507,120
1508,112
1509,142
1510,130
1511,131
1512,144
1513,143
1514,125
1515,144
1516,135
1517,155
1518,123
1519,165
1520,147
1521,146
1522,146
1523,128
1524,122
1525,157
1526,136
1527,144
1528,146
1529,134
1530,154
1531,124
1532,126
1533,142
1534,148
1535,142
1536,139
1537,144
1538,139
1539,130
1540,149
1541,163
1542,127
1543,125
1544,140
1545,123
1546,133
1547,96
1548,129
1549,134
1550,166
1551,149
1552,125
1553,127
1554,166
1555,150
1556,144
1557,136
1558,145
1559,129
1560,144
1561,154
1562,122
1563,137
1564,145
1565,142
1566,158
1567,122
1568,130
1569,127
1570,145
1571,148
1572,129
1573,138
1574,122
1575,134
1576,120
1577,122
1578,120
1579,122
1580,136
1581,123
1582,126
1583,128
1584,123
1585,133
1586,127
1587,126
1588,147
1589,135
1590,127
1591,113
1592,117
1593,137
1594,141
1595,133
1596,106
1597,127
1598,136
1599,137
160,1
1600,173
1601,130
1602,134
1603,131
1604,131
1605,137
1606,142
1607,147
1608,130
1609,138
1610,134
1611,176
1612,136
1613,150
1614,158
1615,137
1616,165
1617,141
1618,143
1619,151
1620,140
1621,133
1622,138
1623,143
1624,114
1625,120
1626,156
1627,132
1628,131
1629,130
1630,129
1631,136
1632,129
1633,145
1634,112
1635,140
1636,132
1637,109
1638,125
1639,109
164,1
1640,125
1641,133
1642,122
1643,114
1644,132
1645,129
1646,144
1647,119
1648,111
1649,128
1650,143
1651,132
1652,109
1653,136
1654,120
1655,146
1656,114
1657,123
1658,118
1659,143
1660,137
1661,140
1662,126
1663,122
1664,148
1665,134
1666,125
1667,119
1668,127
1669,151
1670,134
1671,136
1672,131
1673,122
1674,127
1675,153
1676,123
1677,134
1678,114
1679,137
1680,142
1681,127
1682,110
1683,139
1684,115
1685,137
1686,109
1687,116
1688,135
1689,129
1690,132
1691,134
1692,126
1693,123
1694,129
1695,118
1696,130
1697,116
1698,125
1699,126
1700,188
1701,141
1702,115
1703,142
1704,117
1705,124
1706,151
1707,163
1708,148
1709,146
1710,141
1711,131
1712,152
1713,123
1714,130
1715,149
1716,145
1717,155
1718,145
1719,132
1720,123
1721,134
1722,129
1723,115
1724,131
1725,112
1726,152
1727,151
1728,138
1729,101
173,1
1730,118
1731,118
1732,133
1733,117
1734,121
1735,129
1736,140
1737,124
1738,123
1739,116
1740,136
1741,122
1742,145
1743,134
1744,146
1745,101
1746,138
1747,122
1748,136
1749,118
1750,127
1751,134
1752,132
1753,121
1754,145
1755,140
1756,117
1757,142
1758,149
1759,125
176,1
1760,146
1761,125
1762,155
1763,117
1764,130
1765,118
1766,122
1767,127
1768,116
1769,128
1770,167
1771,144
1772,159
1773,141
1774,136
1775,133
1776,138
1777,148
1778,138
1779,131
1780,122
1781,121
1782,142
1783,141
1784,116
1785,111
1786,128
1787,131
1788,128
1789,137
1790,135
1791,122
1792,153
1793,106
1794,127
1795,151
1796,120
1797,101
1798,110
1799,114
180,1
1800,197
1801,119
1802,150
1803,133
1804,138
1805,119
1806,126
1807,125
1808,161
1809,138
1810,144
1811,131
1812,149
1813,138
1814,121
1815,141
1816,151
1817,126
1818,164
1819,122
1820,136
1821,137
1822,129
1823,115
1824,123
1825,132
1826,128
1827,114
1828,135
1829,142
1830,148
1831,146
1832,149
1833,138
1834,130
1835,142
1836,133
1837,141
1838,128
1839,116
1840,146
1841,125
1842,115
1843,128
1844,148
1845,125
1846,137
1847,116
1848,131
1849,125
1850,140
1851,138
1852,106
1853,127
1854,136
1855,134
1856,112
1857,132
1858,130
1859,118
1860,120
1861,103
1862,117
1863,120
1864,123
1865,129
1866,152
1867,115
1868,129
1869,136
1870,121
1871,129
1872,127
1873,116
1874,115
1875,128
1876,130
1877,140
1878,130
1879,136
188,2
1880,140
1881,142
1882,144
1883,142
1884,124
1885,157
1886,152
1887,114
1888,175
1889,134
1890,118
1891,136
1892,124
1893,127
1894,100
1895,136
1896,130
1897,115
1898,116
1899,140
19,1
190,1
1900,228
1901,122
1902,124
1903,147
1904,128
1905,141
1906,141
1907,145
1908,129
1909,132
1910,152
1911,147
1912,127
1913,139
1914,128
1915,143
1916,125
1917,135
1918,141
1919,148
1920,141
1921,142
1922,143
1923,145
1924,118
1925,127
1926,121
1927,131
1928,121
1929,132
1930,114
1931,123
1932,144
1933,145
1934,124
1935,122
1936,108
1937,116
1938,116
1939,127
1940,146
1941,125
1942,147
1943,135
1944,147
1945,137
1946,133
1947,128
1948,118
1949,135
1950,151
1951,129
1952,126
1953,133
1954,146
1955,130
1956,143
1957,133
1958,139
1959,125
1960,128
1961,141
1962,148
1963,129
1964,135
1965,140
1966,138
1967,114
1968,144
1969,133
1970,124
1971,142
1972,152
1973,135
1974,151
1975,126
1976,133
1977,142
1978,169
1979,132
1980,155
1981,151
1982,124
1983,148
1984,128
1985,146
1986,141
1987,122
1988,153
1989,137
1990,132
1991,146
1992,143
1993,154
1994,139
1995,135
1996,150
1997,116
1998,146
1999,170
2,1
2000,353
2001,189
2002,187
2003,165
2004,182
2005,165
2006,176
2007,181
2008,156
2009,162
2010,196
2011,164
2012,157
2013,160
2014,207
2015,155
2016,163
2017,138
2018,145
2019,148
2020,249
2021,181
2022,166
2023,190
2024,178
2025,178
2026,141
2027,157
2028,155
2029,186
2030,181
2031,134
2032,137
2033,179
2034,165
2035,149
2036,159
2037,145
2038,165
2039,149
2040,169
2041,162
2042,169
2043,147
2044,153
2045,157
2046,163
2047,129
2048,145
2049,145
205,1
2050,164
2051,144
2052,159
2053,144
2054,137
2055,178
2056,162
2057,154
2058,147
2059,142
2060,170
2061,134
2062,132
2063,136
2064,155
2065,159
2066,143
2067,145
2068,167
2069,143
207,1
2070,168
2071,142
2072,184
2073,141
2074,147
2075,170
2076,145
2077,153
2078,153
2079,129
2080,187
2081,130
2082,142
2083,139
2084,157
2085,132
2086,143
2087,131
2088,154
2089,126
2090,191
2091,143
2092,147
2093,138
2094,147
2095,119
2096,135
2097,140
2098,163
2099,155
21,1
2100,227
2101,179
2102,137
2103,154
2104,149
2105,153
2106,170
2107,151
2108,168
2109,140
2110,160
2111,181
2112,167
2113,165
2114,199
2115,152
2116,161
2117,160
2118,149
2119,166
2120,190
2121,289
2122,179
2123,188
2124,171
2125,159
2126,168
2127,142
2128,172
2129,157
2130,154
2131,209
2132,157
2133,193
2134,146
2135,156
2136,147
2137,146
2138,157
2139,162
2140,160
2141,201
2142,170
2143,139
2144,175
2145,159
2146,157
2147,151
2148,152
2149,167
2150,150
2151,199
2152,143
2153,152
2154,175
2155,175
2156,164
2157,133
2158,143
2159,142
2160,165
2161,202
2162,170
2163,156
2164,141
2165,172
2166,177
2167,160
2168,156
2169,130
2170,161
2171,174
2172,135
2173,145
2174,135
2175,158
2176,148
2177,177
2178,165
2179,160
2180,146
2181,157
2182,158
2183,163
2184,122
2185,147
2186,165
2187,127
2188,153
2189,146
2190,161
2191,193
2192,170
2193,150
2194,158
2195,161
2196,142
2197,126
2198,140
2199,156
2200,285
2201,200
2202,197
2203,173
2204,177
2205,160
2206,188
2207,183
2208,168
2209,174
221,1
2210,202
2211,223
2212,194
2213,182
2214,193
2215,218
2216,164
2217,194
2218,196
2219,168
2220,213
2221,257
2222,216
2223,202
2224,252
2225,217
2226,202
2227,204
2228,193
2229,223
2230,226
2231,177
2232,215
2233,205
2234,198
2235,202
2236,171
2237,209
2238,160
2239,166
2240,199
2241,184
2242,195
2243,180
2244,210
2245,201
2246,228
2247,190
2248,155
2249,180
225,1
2250,168
2251,234
2252,181
2253,173
2254,198
2255,223
2256,161
2257,171
2258,173
2259,157
2260,195
2261,189
2262,170
2263,175
2264,180
2265,206
2266,205
2267,179
2268,174
2269,169
2270,187
2271,203
2272,191
2273,187
2274,195
2275,192
2276,169
2277,214
2278,187
2279,174
2280,206
2281,223
2282,198
2283,154
2284,175
2285,169
2286,194
2287,157
2288,210
2289,155
2290,166
2291,202
2292,174
2293,167
2294,164
2295,157
2296,160
2297,167
2298,166
2299,171
230,2
2300,225
2301,188
2302,177
2303,171
2304,162
2305,183
2306,150
2307,166
2308,188
2309,160
2310,222
2311,212
2312,175
2313,156
2314,160
2315,188
2316,187
2317,178
2318,179
2319,169
2320,188
2321,178
2322,208
2323,210
2324,200
2325,186
2326,151
2327,174
2328,182
2329,169
233,1
2330,219
2331,178
2332,185
2333,177
2334,181
2335,190
2336,197
2337,175
2338,182
2339,199
2340,188
2341,192
2342,158
2343,197
2344,176
2345,204
2346,169
2347,157
2348,171
2349,172
235,1
2350,167
2351,162
2352,170
2353,205
2354,149
2355,181
2356,156
2357,170
2358,152
2359,150
2360,168
2361,153
2362,154
2363,187
2364,163
2365,168
2366,163
2367,178
2368,174
2369,153
2370,169
2371,186
2372,143
2373,179
2374,170
2375,167
2376,149
2377,161
2378,154
2379,142
238,1
2380,168
2381,189
2382,163
2383,152
2384,175
2385,156
2386,161
2387,162
2388,194
2389,165
239,1
2390,197
2391,153
2392,169
2393,193
2394,155
2395,159
2396,153
2397,174
2398,139
2399,161
240,1
2400,252
2401,153
2402,199
2403,146
2404,174
2405,161
2406,143
2407,157
2408,173
2409,155
241,1
2410,181
2411,207
2412,147
2413,174
2414,203
2415,215
2416,153
2417,142
2418,154
2419,166
2420,181
2421,170
2422,189
2423,180
2424,212
2425,181
2426,179
2427,173
2428,182
2429,177
243,3
2430,147
2431,164
2432,192
2433,181
2434,179
2435,158
2436,180
2437,163
2438,145
2439,166
244,1
2440,150
2441,198
2442,198
2443,170
2444,197
2445,179
2446,184
2447,184
2448,196
2449,161
245,1
2450,187
2451,149
2452,180
2453,155
2454,156
2455,182
2456,168
2457,172
2458,146
2459,181
2460,170
2461,158
2462,159
2463,182
2464,175
2465,180
2466,188
2467,179
2468,172
2469,163
247,1
2470,149
2471,212
2472,167
2473,172
2474,155
2475,164
2476,162
2477,168
2478,151
2479,163
2480,176
2481,185
2482,160
2483,135
2484,164
2485,146
2486,161
2487,165
2488,160
2489,144
2490,176
2491,165
2492,172
2493,162
2494,169
2495,164
2496,142
2497,155
2498,148
2499,164
2500,250
2501,163
2502,155
2503,163
2504,161
2505,186
2506,146
2507,143
2508,166
2509,150
2510,178
2511,192
2512,159
2513,153
2514,169
2515,184
2516,162
2517,159
2518,159
2519,169
2520,193
2521,173
2522,190
2523,161
2524,184
2525,216
2526,177
2527,159
2528,142
2529,181
2530,169
2531,168
2532,142
2533,149
2534,134
2535,161
2536,165
2537,159
2538,150
2539,152
254,1
2540,157
2541,174
2542,154
2543,174
2544,179
2545,195
2546,172
2547,157
2548,177
2549,150
2550,188
2551,193
2552,166
2553,171
2554,156
2555,176
2556,161
2557,171
2558,162
2559,162
2560,175
2561,144
2562,150
2563,146
2564,148
2565,161
2566,150
2567,160
2568,149
2569,158
2570,166
2571,142
2572,138
2573,142
2574,153
2575,194
2576,135
2577,166
2578,184
2579,143
2580,168
2581,156
2582,152
2583,142
2584,133
2585,166
2586,170
2587,172
2588,172
2589,144
259,1
2590,156
2591,137
2592,134
2593,140
2594,144
2595,186
2596,134
2597,137
2598,142
2599,138
260,1
2600,219
2601,145
2602,171
2603,152
2604,153
2605,162
2606,188
2607,155
2608,155
2609,140
2610,178
2611,176
2612,150
2613,129
2614,159
2615,172
2616,175
2617,156
2618,166
2619,143
2620,185
2621,149
2622,167
2623,187
2624,154
2625,171
2626,189
2627,198
2628,181
2629,164
263,1
2630,171
2631,162
2632,140
2633,157
2634,148
2635,147
2636,172
2637,128
2638,141
2639,141
264,1
2640,185
2641,139
2642,160
2643,147
2644,181
2645,152
2646,182
2647,142
2648,135
2649,163
2650,161
2651,147
2652,162
2653,159
2654,157
2655,175
2656,182
2657,125
2658,129
2659,124
266,1
2660,155
2661,156
2662,179
2663,192
2664,161
2665,196
2666,156
2667,158
2668,172
2669,161
2670,140
2671,164
2672,156
2673,139
2674,165
2675,161
2676,144
2677,142
2678,149
2679,145
268,1
2680,160
2681,160
2682,138
2683,139
2684,137
2685,156
2686,176
2687,149
2688,161
2689,127
2690,164
2691,176
2692,130
2693,144
2694,137
2695,170
2696,167
2697,150
2698,134
2699,132
270,1
2700,262
2701,158
2702,160
2703,123
2704,138
2705,145
2706,131
2707,150
2708,160
2709,139
2710,145
2711,175
2712,153
2713,144
2714,129
2715,164
2716,142
2717,156
2718,149
2719,140
272,1
2720,154
2721,156
2722,171
2723,162
2724,171
2725,175
2726,163
2727,170
2728,163
2729,152
2730,180
2731,145
2732,146
2733,145
2734,136
2735,131
2736,145
2737,179
2738,114
2739,157
2740,156
2741,176
2742,122
2743,133
2744,162
2745,145
2746,130
2747,156
2748,132
2749,154
2750,142
2751,143
2752,152
2753,129
2754,168
2755,144
2756,139
2757,159
2758,148
2759,129
2760,154
2761,150
2762,140
2763,148
2764,149
2765,157
2766,148
2767,141
2768,132
2769,161
2770,168
2771,164
2772,159
2773,161
2774,151
2775,183
2776,157
2777,170
2778,179
2779,130
2780,137
2781,152
2782,153
2783,129
2784,139
2785,138
2786,141
2787,159
2788,131
2789,157
279,1
2790,152
2791,132
2792,143
2793,141
2794,130
2795,139
2796,139
2797,155
2798,119
2799,149
2800,211
2801,149
2802,150
2803,144
2804,138
2805,181
2806,130
2807,162
2808,159
2809,136
2810,167
2811,183
2812,120
2813,167
2814,154
2815,131
2816,150
2817,179
2818,163
2819,142
2820,146
2821,164
2822,170
2823,154
2824,134
2825,152
2826,163
2827,146
2828,188
2829,147
2830,138
2831,152
2832,145
2833,154
2834,137
2835,137
2836,130
2837,139
2838,171
2839,147
2840,149
2841,168
2842,174
2843,129
2844,150
2845,152
2846,177
2847,129
2848,163
2849,119
2850,163
2851,197
2852,154
2853,145
2854,161
2855,154
2856,141
2857,148
2858,165
2859,149
2860,153
2861,147
2862,146
2863,147
2864,122
2865,124
2866,146
2867,132
2868,174
2869,139
2870,153
2871,152
2872,152
2873,125
2874,147
2875,142
2876,143
2877,172
2878,162
2879,127
2880,175
2881,153
2882,149
2883,153
2884,148
2885,140
2886,160
2887,160
2888,190
2889,161
2890,165
2891,122
2892,117
2893,142
2894,140
2895,127
2896,143
2897,134
2898,134
2899,139
29,1
2900,217
2901,146
2902,150
2903,141
2904,144
2905,132
2906,149
2907,141
2908,172
2909,139
2910,158
2911,157
2912,135
2913,133
2914,119
2915,163
2916,128
2917,130
2918,136
2919,157
2920,143
2921,134
2922,158
2923,157
2924,133
2925,146
2926,149
2927,134
2928,156
2929,189
2930,131
2931,133
2932,112
2933,137
2934,149
2935,126
2936,139
2937,114
2938,138
2939,152
2940,140
2941,154
2942,140
2943,137
2944,149
2945,134
2946,130
2947,127
2948,120
2949,159
295,1
2950,156
2951,132
2952,126
2953,143
2954,130
2955,140
2956,141
2957,141
2958,113
2959,157
2960,143
2961,147
2962,164
2963,138
2964,136
2965,147
2966,137
2967,128
2968,131
2969,138
2970,124
2971,149
2972,130
2973,140
2974,145
2975,125
2976,135
2977,158
2978,127
2979,136
2980,138
2981,146
2982,135
2983,119
2984,129
2985,114
2986,132
2987,137
2988,145
2989,122
2990,145
2991,141
2992,145
2993,138
2994,153
2995,122
2996,140
2997,134
2998,143
2999,146
3,2
300,2
3000,248
3001,172
3002,150
3003,159
3004,138
3005,137
3006,169
3007,130
3008,145
3009,133
3010,176
3011,151
3012,148
3013,130
3014,134
3015,146
3016,119
3017,131
3018,106
3019,142
3020,178
3021,137
3022,147
3023,132
3024,130
3025,174
3026,117
3027,137
3028,118
3029,126
3030,179
3031,162
3032,144
3033,150
3034,136
3035,148
3036,139
3037,113
3038,130
3039,130
3040,141
3041,135
3042,130
3043,136
3044,143
3045,138
3046,156
3047,136
3048,135
3049,138
3050,141
3051,123
3052,126
3053,144
3054,112
3055,161
3056,138
3057,121
3058,121
3059,125
3060,139
3061,130
3062,134
3063,131
3064,142
3065,143
3066,135
3067,162
3068,134
3069,147
3070,166
3071,134
3072,133
3073,135
3074,118
3075,129
3076,137
3077,138
3078,148
3079,116
308,1
3080,159
3081,131
3082,128
3083,125
3084,115
3085,133
3086,121
3087,131
3088,146
3089,130
3090,144
3091,125
3092,114
3093,139
3094,135
3095,118
3096,138
3097,145
3098,126
3099,146
3100,228
3101,140
3102,168
3103,161
3104,154
3105,158
3106,162
3107,145
3108,141
3109,129
311,1
3110,146
3111,212
3112,154
3113,160
3114,151
3115,169
3116,123
3117,147
3118,125
3119,178
3120,153
3121,182
3122,139
3123,142
3124,138
3125,164
3126,143
3127,143
3128,138
3129,128
313,1
3130,162
3131,189
3132,162
3133,158
3134,141
3135,175
3136,144
3137,140
3138,130
3139,118
314,1
3140,154
3141,175
3142,131
3143,145
3144,165
3145,147
3146,133
3147,131
3148,145
3149,144
3150,155
3151,146
3152,119
3153,115
3154,134
3155,140
3156,173
3157,107
3158,168
3159,121
3160,165
3161,162
3162,125
3163,135
3164,156
3165,151
3166,153
3167,134
3168,105
3169,115
3170,141
3171,165
3172,117
3173,146
3174,125
3175,135
3176,132
3177,156
3178,141
3179,140
3180,159
3181,155
3182,131
3183,134
3184,122
3185,155
3186,156
3187,122
3188,152
3189,129
3190,127
3191,171
3192,147
3193,149
3194,129
3195,138
3196,139
3197,126
3198,138
3199,132
32,1
3200,179
3201,160
3202,150
3203,157
3204,167
3205,141
3206,153
3207,149
3208,164
3209,137
3210,159
3211,167
3212,169
3213,161
3214,157
3215,153
3216,126
3217,172
3218,135
3219,125
3220,180
3221,169
3222,171
3223,163
3224,170
3225,156
3226,161
3227,136
3228,143
3229,177
3230,149
3231,158
3232,234
3233,164
3234,150
3235,177
3236,170
3237,165
3238,135
3239,167
3240,132
3241,190
3242,167
3243,162
3244,152
3245,148
3246,152
3247,137
3248,163
3249,131
3250,156
3251,161
3252,159
3253,154
3254,135
3255,157
3256,140
3257,139
3258,151
3259,150
326,1
3260,149
3261,147
3262,168
3263,145
3264,140
3265,127
3266,159
3267,131
3268,148
3269,127
3270,158
3271,140
3272,166
3273,140
3274,136
3275,137
3276,134
3277,178
3278,139
3279,130
328,1
3280,153
3281,170
3282,185
3283,138
3284,130
3285,144
3286,164
3287,112
3288,161
3289,113
3290,152
3291,140
3292,125
3293,165
3294,129
3295,144
3296,133
3297,142
3298,162
3299,132
3300,263
3301,155
3302,177
3303,168
3304,153
3305,158
3306,161
3307,155
3308,148
3309,148
3310,169
3311,201
3312,158
3313,186
3314,146
3315,166
3316,166
3317,146
3318,157
3319,174
3320,160
3321,168
3322,204
3323,193
3324,141
3325,154
3326,171
3327,139
3328,155
3329,150
3330,179
3331,182
3332,169
3333,242
3334,180
3335,166
3336,177
3337,158
3338,167
3339,146
3340,158
3341,178
3342,140
3343,193
3344,184
3345,215
3346,160
3347,160
3348,149
3349,131
3350,176
3351,155
3352,160
3353,162
3354,139
3355,186
3356,147
3357,140
3358,147
3359,152
3360,183
3361,160
3362,153
3363,164
3364,178
3365,151
3366,188
3367,152
3368,172
3369,149
3370,158
3371,151
3372,163
3373,155
3374,158
3375,140
3376,165
3377,157
3378,172
3379,124
338,3
3380,172
3381,155
3382,149
3383,174
3384,149
3385,149
3386,140
3387,138
3388,167
3389,154
339,2
3390,166
3391,152
3392,159
3393,157
3394,151
3395,150
3396,143
3397,128
3398,150
3399,165
340,1
3400,200
3401,181
3402,163
3403,156
3404,145
3405,136
3406,147
3407,141
3408,151
3409,127
3410,131
3411,171
3412,149
3413,140
3414,155
3415,148
3416,158
3417,155
3418,127
3419,140
3420,149
3421,156
3422,154
3423,159
3424,139
3425,152
3426,123
3427,151
3428,125
3429,145
3430,156
3431,157
3432,159
3433,149
3434,189
3435,170
3436,138
3437,174
3438,176
3439,151
3440,150
3441,188
3442,156
3443,142
3444,180
3445,156
3446,174
3447,160
3448,157
3449,169
3450,208
3451,136
3452,148
3453,144
3454,162
3455,157
3456,211
3457,157
3458,136
3459,150
3460,158
3461,154
3462,145
3463,143
3464,170
3465,134
3466,149
3467,138
3468,127
3469,136
347,1
3470,148
3471,156
3472,140
3473,150
3474,143
3475,129
3476,124
3477,137
3478,114
3479,129
3480,146
3481,159
3482,138
3483,143
3484,143
3485,162
3486,166
3487,145
3488,161
3489,125
3490,132
3491,140
3492,131
3493,132
3494,156
3495,135
3496,122
3497,141
3498,153
3499,136
3500,232
3501,162
3502,114
3503,147
3504,146
3505,152
3506,133
3507,142
3508,134
3509,152
3510,176
3511,131
3512,159
3513,161
3514,165
3515,141
3516,138
3517,143
3518,155
3519,122
3520,175
3521,119
3522,161
3523,145
3524,148
3525,168
3526,134
3527,155
3528,160
3529,157
353,1
3530,152
3531,183
3532,144
3533,181
3534,134
3535,173
3536,160
3537,167
3538,145
3539,128
3540,141
3541,152
3542,176
3543,148
3544,148
3545,152
3546,156
3547,151
3548,134
3549,126
355,1
3550,174
3551,151
3552,158
3553,168
3554,162
3555,173
3556,138
3557,179
3558,143
3559,146
3560,140
3561,158
3562,128
3563,126
3564,167
3565,172
3566,153
3567,140
3568,124
3569,140
3570,158
3571,151
3572,151
3573,139
3574,132
3575,151
3576,132
3577,141
3578,137
3579,150
3580,162
3581,148
3582,150
3583,138
3584,133
3585,151
3586,123
3587,136
3588,160
3589,118
3590,139
3591,152
3592,143
3593,155
3594,125
3595,157
3596,126
3597,119
3598,142
3599,130
36,1
3600,237
3601,139
3602,122
3603,138
3604,123
3605,134
3606,170
3607,135
3608,105
3609,147
3610,138
3611,152
3612,136
3613,145
3614,137
3615,144
3616,162
3617,126
3618,147
3619,129
3620,153
3621,147
3622,136
3623,167
3624,121
3625,168
3626,149
3627,139
3628,140
3629,124
3630,168
3631,178
3632,159
3633,154
3634,130
3635,160
3636,187
3637,125
3638,142
3639,153
364,1
3640,162
3641,153
3642,110
3643,135
3644,144
3645,146
3646,153
3647,126
3648,140
3649,135
365,1
3650,144
3651,127
3652,147
3653,117
3654,142
3655,149
3656,140
3657,131
3658,149
3659,140
3660,173
3661,149
3662,124
3663,151
3664,157
3665,162
3666,144
3667,157
3668,158
3669,148
3670,159
3671,141
3672,147
3673,130
3674,124
3675,147
3676,149
3677,136
3678,159
3679,130
3680,162
3681,139
3682,117
3683,120
3684,109
3685,139
3686,137
3687,134
3688,173
3689,114
3690,152
3691,156
3692,118
3693,119
3694,131
3695,124
3696,143
3697,151
3698,129
3699,130
3700,212
3701,144
3702,163
3703,151
3704,124
3705,131
3706,147
3707,162
3708,130
3709,133
3710,129
3711,175
3712,120
3713,157
3714,120
3715,148
3716,151
3717,148
3718,162
3719,131
372,1
3720,132
3721,136
3722,178
3723,141
3724,126
3725,150
3726,137
3727,160
3728,146
3729,138
3730,142
3731,151
3732,131
3733,166
3734,118
3735,124
3736,146
3737,181
3738,159
3739,138
3740,120
3741,153
3742,127
3743,129
3744,121
3745,147
3746,132
3747,160
3748,131
3749,137
375,1
3750,150
3751,131
3752,140
3753,116
3754,122
3755,119
3756,115
3757,150
3758,113
3759,142
376,1
3760,127
3761,113
3762,140
3763,148
3764,125
3765,135
3766,123
3767,156
3768,128
3769,121
3770,158
3771,156
3772,141
3773,152
3774,117
3775,145
3776,123
3777,131
3778,141
3779,150
3780,132
3781,136
3782,126
3783,131
3784,127
3785,136
3786,152
3787,123
3788,130
3789,131
379,1
3790,143
3791,131
3792,129
3793,111
3794,125
3795,136
3796,121
3797,142
3798,104
3799,140
38,1
380,1
3800,182
3801,154
3802,146
3803,133
3804,135
3805,136
3806,127
3807,112
3808,147
3809,135
3810,123
3811,173
3812,155
3813,151
3814,124
3815,136
3816,122
3817,129
3818,150
3819,131
3820,152
3821,142
3822,149
3823,129
3824,112
3825,138
3826,134
3827,134
3828,154
3829,121
3830,164
3831,133
3832,147
3833,186
3834,121
3835,125
3836,158
3837,150
3838,152
3839,130
3840,145
3841,129
3842,129
3843,131
3844,152
3845,137
3846,122
3847,124
3848,152
3849,129
3850,173
3851,126
3852,121
3853,116
3854,136
3855,148
3856,116
3857,139
3858,138
3859,122
3860,152
3861,128
3862,113
3863,145
3864,124
3865,154
3866,136
3867,136
3868,129
3869,111
3870,134
3871,111
3872,108
3873,133
3874,119
3875,124
3876,141
3877,156
3878,159
3879,111
3880,153
3881,137
3882,157
3883,144
3884,141
3885,135
3886,138
3887,124
3888,141
3889,145
3890,130
3891,117
3892,115
3893,134
3894,137
3895,112
3896,112
3897,100
3898,130
3899,128
3900,196
3901,132
3902,148
3903,145
3904,132
3905,130
3906,124
3907,119
3908,138
3909,127
3910,138
3911,158
3912,123
3913,151
3914,124
3915,146
3916,110
3917,141
3918,113
3919,130
3920,107
3921,137
3922,137
3923,151
3924,134
3925,124
3926,120
3927,102
3928,115
3929,107
393,1
3930,134
3931,141
3932,128
3933,142
3934,116
3935,127
3936,128
3937,143
3938,120
3939,150
3940,129
3941,130
3942,121
3943,120
3944,142
3945,117
3946,110
3947,122
3948,107
3949,129
3950,152
3951,123
3952,104
3953,125
3954,137
3955,141
3956,95
3957,102
3958,100
3959,153
3960,140
3961,117
3962,120
3963,115
3964,106
3965,109
3966,107
3967,118
3968,125
3969,136
3970,132
3971,111
3972,110
3973,108
3974,121
3975,114
3976,118
3977,159
3978,123
3979,128
398,1
3980,128
3981,146
3982,122
3983,98
3984,105
3985,123
3986,122
3987,110
3988,118
3989,156
399,1
3990,157
3991,145
3992,120
3993,141
3994,118
3995,132
3996,115
3997,134
3998,146
3999,124
4,2
400,1
4000,285
4001,145
4002,135
4003,143
4004,160
4005,140
4006,134
4007,130
4008,134
4009,127
4010,167
4011,123
4012,124
4013,110
4014,122
4015,125
4016,124
4017,135
4018,128
4019,112
4020,168
4021,135
4022,145
4023,130
4024,114
4025,121
4026,129
4027,115
4028,126
4029,101
4030,146
4031,147
4032,138
4033,153
4034,127
4035,120
4036,116
4037,114
4038,141
4039,111
4040,176
4041,144
4042,134
4043,129
4044,123
4045,122
4046,127
4047,119
4048,135
4049,118
405,1
4050,155
4051,121
4052,110
4053,117
4054,134
4055,120
4056,120
4057,101
4058,107
4059,113
4060,117
4061,133
4062,121
4063,125
4064,135
4065,117
4066,125
4067,126
4068,117
4069,104
407,2
4070,125
4071,119
4072,102
4073,116
4074,113
4075,102
4076,114
4077,125
4078,131
4079,114
4080,132
4081,125
4082,105
4083,115
4084,122
4085,109
4086,107
4087,119
4088,138
4089,112
4090,136
4091,114
4092,124
4093,112
4094,117
4095,117
4096,113
4097,127
4098,97
4099,128
410,1
4100,206
4101,156
4102,142
4103,127
4104,131
4105,131
4106,113
4107,122
4108,95
4109,112
4110,160
4111,160
4112,128
4113,110
4114,149
4115,128
4116,131
4117,107
4118,133
4119,122
4120,114
4121,169
4122,119
4123,122
4124,123
4125,121
4126,112
4127,118
4128,124
4129,113
4130,138
4131,134
4132,131
4133,140
4134,127
4135,128
4136,127
4137,129
4138,126
4139,126
4140,114
4141,146
4142,136
4143,131
4144,133
4145,147
4146,110
4147,110
4148,122
4149,113
415,1
4150,130
4151,141
4152,136
4153,121
4154,139
4155,154
4156,121
4157,143
4158,114
4159,92
4160,101
4161,118
4162,121
4163,118
4164,127
4165,116
4166,120
4167,113
4168,102
4169,131
4170,139
4171,136
4172,117
4173,128
4174,118
4175,126
4176,121
4177,142
4178,97
4179,114
4180,109
4181,115
4182,116
4183,104
4184,122
4185,115
4186,109
4187,107
4188,133
4189,111
419,1
4190,106
4191,124
4192,117
4193,93
4194,116
4195,123
4196,97
4197,100
4198,115
4199,91
420,1
4200,202
4201,121
4202,139
4203,122
4204,144
4205,123
4206,116
4207,123
4208,130
4209,125
4210,139
4211,132
4212,117
4213,117
4214,122
4215,129
4216,111
4217,143
4218,131
4219,138
422,1
4220,136
4221,161
4222,170
4223,119
4224,123
4225,130
4226,149
4227,125
4228,143
4229,143
4230,153
4231,132
4232,127
4233,115
4234,114
4235,126
4236,116
4237,126
4238,127
4239,115
4240,147
4241,137
4242,142
4243,122
4244,118
4245,146
4246,144
4247,112
4248,143
4249,117
4250,143
4251,113
4252,123
4253,121
4254,119
4255,138
4256,126
4257,96
4258,142
4259,119
426,1
4260,137
4261,118
4262,121
4263,104
4264,128
4265,115
4266,156
4267,127
4268,118
4269,127
4270,148
4271,129
4272,148
4273,122
4274,107
4275,124
4276,117
4277,143
4278,123
4279,116
428,1
4280,118
4281,137
4282,140
4283,109
4284,121
4285,102
4286,101
4287,117
4288,137
4289,119
429,1
4290,107
4291,129
4292,142
4293,112
4294,121
4295,123
4296,107
4297,102
4298,120
4299,119
430,1
4300,171
4301,126
4302,129
4303,122
4304,132
4305,128
4306,146
4307,128
4308,130
4309,127
4310,148
4311,151
4312,119
4313,146
4314,143
4315,139
4316,124
4317,113
4318,127
4319,131
432,1
4320,134
4321,145
4322,121
4323,152
4324,124
4325,129
4326,116
4327,122
4328,115
4329,110
4330,142
4331,143
4332,140
4333,138
4334,135
4335,158
4336,121
4337,131
4338,123
4339,141
4340,146
4341,123
4342,130
4343,143
4344,159
4345,128
4346,139
4347,109
4348,133
4349,119
435,1
4350,116
4351,121
4352,126
4353,138
4354,115
4355,138
4356,112
4357,115
4358,104
4359,112
4360,127
4361,133
4362,119
4363,147
4364,121
4365,127
4366,150
4367,119
4368,113
4369,117
4370,120
4371,117
4372,129
4373,138
4374,114
4375,150
4376,115
4377,144
4378,103
4379,108
438,1
4380,99
4381,120
4382,110
4383,137
4384,130
4385,114
4386,87
4387,94
4388,151
4389,125
4390,102
4391,135
4392,113
4393,114
4394,122
4395,107
4396,110
4397,106
4398,109
4399,132
44,2
440,1
4400,165
4401,152
4402,128
4403,135
4404,151
4405,105
4406,149
4407,115
4408,128
4409,128
4410,145
4411,142
4412,127
4413,133
4414,142
4415,168
4416,136
4417,153
4418,126
4419,122
4420,141
4421,137
4422,172
4423,132
4424,137
4425,137
4426,129
4427,112
4428,132
4429,142
4430,141
4431,134
4432,147
4433,159
4434,131
4435,123
4436,125
4437,114
4438,120
4439,117
444,1
4440,163
4441,166
4442,146
4443,147
4444,175
4445,144
4446,123
4447,157
4448,137
4449,142
4450,134
4451,153
4452,111
4453,125
4454,150
4455,182
4456,146
4457,122
4458,149
4459,115
4460,140
4461,138
4462,109
4463,130
4464,133
4465,116
4466,157
4467,139
4468,141
4469,129
4470,134
4471,135
4472,128
4473,108
4474,116
4475,142
4476,142
4477,134
4478,135
4479,108
4480,127
4481,139
4482,136
4483,132
4484,129
4485,110
4486,123
4487,134
4488,142
4489,116
4490,137
4491,130
4492,129
4493,115
4494,140
4495,122
4496,118
4497,106
4498,125
4499,127
4500,186
4501,124
4502,135
4503,132
4504,95
4505,151
4506,131
4507,129
4508,115
4509,119
4510,135
4511,142
4512,138
4513,121
4514,114
4515,141
4516,132
4517,130
4518,107
4519,100
452,1
4520,130
4521,119
4522,115
4523,99
4524,102
4525,142
4526,120
4527,124
4528,113
4529,138
4530,105
4531,143
4532,136
4533,133
4534,128
4535,137
4536,149
4537,110
4538,97
4539,132
4540,138
4541,140
4542,117
4543,138
4544,130
4545,135
4546,116
4547,116
4548,134
4549,123
455,1
4550,133
4551,131
4552,110
4553,122
4554,116
4555,167
4556,110
4557,126
4558,125
4559,133
4560,122
4561,127
4562,114
4563,107
4564,134
4565,138
4566,116
4567,151
4568,128
4569,130
4570,113
4571,127
4572,134
4573,107
4574,110
4575,130
4576,120
4577,134
4578,108
4579,111
458,1
4580,116
4581,115
4582,117
4583,123
4584,113
4585,135
4586,121
4587,118
4588,127
4589,108
459,2
4590,121
4591,121
4592,117
4593,101
4594,104
4595,111
4596,112
4597,108
4598,118
4599,111
4600,160
4601,131
4602,120
4603,108
4604,137
4605,125
4606,141
4607,100
4608,105
4609,130
461,1
4610,141
4611,118
4612,111
4613,119
4614,116
4615,121
4616,139
4617,103
4618,133
4619,102
4620,143
4621,134
4622,125
4623,127
4624,130
4625,115
4626,126
4627,95
4628,126
4629,118
4630,112
4631,124
4632,98
4633,126
4634,116
4635,123
4636,114
4637,106
4638,118
4639,113
4640,137
4641,133
4642,103
4643,125
4644,138
4645,124
4646,135
4647,119
4648,118
4649,124
4650,136
4651,104
4652,118
4653,113
4654,105
4655,142
4656,131
4657,101
4658,104
4659,115
4660,154
4661,114
4662,128
4663,120
4664,118
4665,126
4666,112
4667,118
4668,106
4669,99
4670,109
4671,103
4672,98
4673,125
4674,97
4675,132
4676,124
4677,141
4678,114
4679,110
4680,104
4681,133
4682,106
4683,116
4684,120
4685,129
4686,129
4687,114
4688,128
4689,103
469,3
4690,127
4691,125
4692,104
4693,108
4694,112
4695,119
4696,108
4697,88
4698,104
4699,131
47,1
4700,193
4701,108
4702,118
4703,96
4704,110
4705,111
4706,111
4707,130
4708,119
4709,95
471,1
4710,104
4711,138
4712,112
4713,117
4714,101
4715,98
4716,123
4717,105
4718,115
4719,121
472,1
4720,106
4721,112
4722,136
4723,97
4724,103
4725,121
4726,109
4727,127
4728,125
4729,107
4730,91
4731,112
4732,111
4733,110
4734,111
4735,116
4736,94
4737,112
4738,108
4739,100
4740,140
4741,118
4742,96
4743,122
4744,116
4745,117
4746,107
4747,117
4748,109
4749,109
4750,115
4751,113
4752,94
4753,109
4754,108
4755,111
4756,84
4757,135
4758,107
4759,106
476,1
4760,102
4761,115
4762,129
4763,105
4764,105
4765,110
4766,120
4767,111
4768,87
4769,108
477,1
4770,142
4771,115
4772,109
4773,108
4774,123
4775,139
4776,119
4777,144
4778,115
4779,124
4780,124
4781,111
4782,104
4783,104
4784,98
4785,87
4786,97
4787,115
4788,119
4789,113
4790,125
4791,111
4792,113
4793,87
4794,106
4795,93
4796,121
4797,122
4798,98
4799,98
4800,170
4801,107
4802,117
4803,121
4804,108
4805,96
4806,101
4807,110
4808,127
4809,100
4810,101
4811,120
4812,105
4813,107
4814,116
4815,98
4816,100
4817,113
4818,120
4819,113
4820,129
4821,114
4822,128
4823,111
4824,117
4825,123
4826,98
4827,105
4828,118
4829,99
483,2
4830,145
4831,93
4832,118
4833,132
4834,107
4835,113
4836,99
4837,106
4838,128
4839,102
4840,131
4841,127
4842,143
4843,109
4844,127
4845,116
4846,124
4847,120
4848,153
4849,128
4850,124
4851,108
4852,112
4853,126
4854,117
4855,117
4856,103
4857,100
4858,122
4859,117
4860,117
4861,117
4862,101
4863,116
4864,97
4865,102
4866,129
4867,97
4868,130
4869,128
487,1
4870,101
4871,123
4872,106
4873,106
4874,93
4875,98
4876,107
4877,143
4878,127
4879,100
4880,123
4881,123
4882,114
4883,96
4884,117
4885,124
4886,109
4887,113
4888,121
4889,111
4890,119
4891,108
4892,114
4893,114
4894,99
4895,117
4896,126
4897,112
4898,126
4899,104
4900,133
4901,104
4902,117
4903,108
4904,111
4905,103
4906,122
4907,104
4908,104
4909,121
4910,126
4911,131
4912,118
4913,101
4914,99
4915,101
4916,100
4917,98
4918,113
4919,128
4920,121
4921,107
4922,122
4923,98
4924,97
4925,115
4926,93
4927,91
4928,94
4929,112
4930,104
4931,105
4932,91
4933,113
4934,114
4935,109
4936,103
4937,102
4938,108
4939,95
4940,120
4941,115
4942,121
4943,118
4944,94
4945,100
4946,109
4947,99
4948,128
4949,135
4950,135
4951,91
4952,96
4953,96
4954,116
4955,138
4956,92
4957,97
4958,104
4959,117
496,2
4960,101
4961,106
4962,107
4963,106
4964,114
4965,110
4966,105
4967,101
4968,95
4969,139
4970,107
4971,105
4972,84
4973,90
4974,94
4975,96
4976,111
4977,116
4978,92
4979,107
4980,122
4981,108
4982,108
4983,111
4984,106
4985,106
4986,97
4987,97
4988,121
4989,140
4990,138
4991,114
4992,107
4993,115
4994,140
4995,111
4996,107
4997,99
4998,94
4999,130
5,5
5000,271
5001,161
5002,144
5003,140
5004,148
5005,149
5006,139
5007,133
5008,148
5009,137
5010,147
5011,135
5012,105
5013,155
5014,118
5015,130
5016,116
5017,144
5018,135
5019,118
5020,125
5021,126
5022,124
5023,124
5024,106
5025,139
5026,145
5027,118
5028,146
5029,123
5030,135
5031,124
5032,115
5033,137
5034,123
5035,148
5036,121
5037,126
5038,116
5039,123
504,1
5040,168
5041,136
5042,136
5043,109
5044,139
5045,119
5046,111
5047,120
5048,131
5049,107
5050,184
5051,115
5052,118
5053,137
5054,132
5055,153
5056,137
5057,126
5058,129
5059,134
5060,143
5061,129
5062,107
5063,132
5064,118
5065,124
5066,140
5067,114
5068,115
5069,141
5070,135
5071,128
5072,124
5073,107
5074,116
5075,142
5076,126
5077,120
5078,120
5079,101
508,1
5080,141
5081,124
5082,111
5083,115
5084,132
5085,121
5086,117
5087,109
5088,120
5089,107
5090,113
5091,105
5092,100
5093,109
5094,99
5095,117
5096,111
5097,128
5098,120
5099,108
5100,174
5101,138
5102,127
5103,130
5104,102
5105,131
5106,128
5107,123
5108,125
5109,124
511,1
5110,149
5111,157
5112,145
5113,123
5114,148
5115,126
5116,127
5117,123
5118,131
5119,133
5120,122
5121,130
5122,114
5123,113
5124,105
5125,132
5126,116
5127,129
5128,128
5129,111
5130,143
5131,137
5132,123
5133,114
5134,112
5135,126
5136,135
5137,126
5138,126
5139,119
5140,130
5141,145
5142,126
5143,129
5144,123
5145,126
5146,111
5147,112
5148,120
5149,94
515,2
5150,138
5151,180
5152,119
5153,119
5154,114
5155,150
5156,150
5157,111
5158,127
5159,119
5160,144
5161,149
5162,106
5163,94
5164,123
5165,120
5166,147
5167,90
5168,93
5169,121
517,1
5170,117
5171,140
5172,133
5173,107
5174,120
5175,126
5176,116
5177,118
5178,111
5179,111
518,1
5180,133
5181,155
5182,126
5183,124
5184,118
5185,118
5186,108
5187,143
5188,132
5189,119
519,1
5190,122
5191,132
5192,114
5193,112
5194,116
5195,110
5196,128
5197,108
5198,92
5199,133
5200,192
5201,142
5202,142
5203,115
5204,114
5205,135
5206,125
5207,112
5208,125
5209,124
5210,132
5211,134
5212,142
5213,108
5214,117
5215,127
5216,133
5217,120
5218,111
5219,137
5220,136
5221,136
5222,139
5223,134
5224,131
5225,166
5226,160
5227,129
5228,126
5229,134
5230,113
5231,112
5232,135
5233,132
5234,138
5235,134
5236,133
5237,110
5238,130
5239,112
524,1
5240,119
5241,131
5242,132
5243,138
5244,139
5245,115
5246,110
5247,96
5248,117
5249,139
525,1
5250,156
5251,150
5252,165
5253,127
5254,133
5255,159
5256,131
5257,113
5258,124
5259,127
5260,133
5261,121
5262,120
5263,142
5264,113
5265,118
5266,142
5267,144
5268,111
5269,125
5270,111
5271,123
5272,116
5273,111
5274,116
5275,113
5276,114
5277,130
5278,101
5279,120
5280,144
5281,118
5282,140
5283,116
5284,125
5285,129
5286,108
5287,114
5288,123
5289,113
5290,136
5291,115
5292,121
5293,119
5294,131
5295,118
5296,104
5297,117
5298,123
5299,112
5300,186
5301,122
5302,106
5303,144
5304,148
5305,124
5306,128
5307,100
5308,124
5309,124
5310,124
5311,128
5312,125
5313,142
5314,125
5315,113
5316,125
5317,101
5318,127
5319,122
5320,137
5321,154
5322,156
5323,142
5324,124
5325,134
5326,120
5327,126
5328,124
5329,119
5330,131
5331,146
5332,137
5333,154
5334,131
5335,144
5336,116
5337,122
5338,139
5339,147
5340,163
5341,131
5342,105
5343,144
5344,116
5345,129
5346,105
5347,117
5348,100
5349,126
535,1
5350,135
5351,124
5352,128
5353,145
5354,126
5355,131
5356,112
5357,143
5358,116
5359,103
536,1
5360,128
5361,114
5362,137
5363,132
5364,101
5365,85
5366,128
5367,111
5368,117
5369,121
5370,115
5371,112
5372,110
5373,123
5374,103
5375,117
5376,99
5377,143
5378,127
5379,109
538,1
5380,116
5381,124
5382,130
5383,122
5384,126
5385,124
5386,103
5387,107
5388,126
5389,99
539,1
5390,110
5391,115
5392,119
5393,133
5394,127
5395,120
5396,110
5397,130
5398,107
5399,117
5400,182
5401,127
5402,122
5403,117
5404,145
5405,117
5406,135
5407,112
5408,141
5409,118
5410,123
5411,125
5412,113
5413,127
5414,124
5415,139
5416,130
5417,137
5418,108
5419,119
5420,106
5421,130
5422,140
5423,137
5424,113
5425,130
5426,125
5427,113
5428,111
5429,103
543,1
5430,119
5431,99
5432,112
5433,111
5434,139
5435,163
5436,120
5437,125
5438,128
5439,104
5440,135
5441,115
5442,142
5443,129
5444,148
5445,128
5446,130
5447,133
5448,126
5449,132
5450,148
5451,126
5452,144
5453,123
5454,184
5455,159
5456,129
5457,125
5458,127
5459,131
5460,145
5461,122
5462,124
5463,104
5464,120
5465,119
5466,136
5467,144
5468,101
5469,133
5470,109
5471,99
5472,125
5473,100
5474,149
5475,125
5476,106
5477,126
5478,124
5479,97
5480,118
5481,110
5482,114
5483,119
5484,135
5485,110
5486,114
5487,116
5488,117
5489,139
5490,126
5491,128
5492,107
5493,110
5494,106
5495,124
5496,113
5497,111
5498,111
5499,125
55,1
550,1
5500,237
5501,146
5502,135
5503,109
5504,142
5505,165
5506,121
5507,127
5508,109
5509,109
5510,158
5511,197
5512,145
5513,137
5514,140
5515,167
5516,151
5517,146
5518,125
5519,144
5520,111
5521,123
5522,164
5523,132
5524,137
5525,155
5526,138
5527,124
5528,112
5529,137
553,1
5530,107
5531,122
5532,142
5533,144
5534,118
5535,144
5536,116
5537,119
5538,140
5539,114
5540,115
5541,132
5542,135
5543,128
5544,164
5545,137
5546,117
5547,141
5548,118
5549,114
5550,157
5551,133
5552,137
5553,141
5554,136
5555,188
5556,151
5557,151
5558,154
5559,132
5560,132
5561,152
5562,117
5563,120
5564,142
5565,143
5566,168
5567,130
5568,107
5569,111
5570,150
5571,114
5572,121
5573,118
5574,135
5575,133
5576,105
5577,153
5578,107
5579,122
5580,122
5581,115
5582,134
5583,135
5584,120
5585,131
5586,111
5587,114
5588,164
5589,124
5590,130
5591,103
5592,124
5593,95
5594,114
5595,137
5596,110
5597,89
5598,135
5599,146
5600,159
5601,123
5602,116
5603,110
5604,107
5605,132
5606,142
5607,118
5608,102
5609,119
5610,119
5611,143
5612,112
5613,113
5614,104
5615,122
5616,147
5617,126
5618,103
5619,116
5620,128
5621,122
5622,123
5623,109
5624,112
5625,104
5626,155
5627,108
5628,106
5629,112
563,1
5630,122
5631,121
5632,127
5633,145
5634,110
5635,97
5636,115
5637,107
5638,96
5639,104
564,1
5640,127
5641,112
5642,109
5643,89
5644,112
5645,107
5646,122
5647,98
5648,104
5649,128
5650,149
5651,117
5652,124
5653,113
5654,105
5655,129
5656,147
5657,112
5658,112
5659,108
5660,153
5661,134
5662,120
5663,109
5664,147
5665,152
5666,147
5667,117
5668,92
5669,119
5670,99
5671,105
5672,117
5673,103
5674,122
5675,129
5676,119
5677,143
5678,144
5679,117
5680,103
5681,106
5682,113
5683,113
5684,125
5685,130
5686,121
5687,107
5688,116
5689,113
569,1
5690,114
5691,99
5692,93
5693,105
5694,123
5695,92
5696,113
5697,122
5698,110
5699,114
5700,169
5701,102
5702,101
5703,106
5704,123
5705,125
5706,125
5707,124
5708,129
5709,129
5710,117
5711,131
5712,108
5713,104
5714,104
5715,109
5716,93
5717,120
5718,119
5719,106
5720,118
5721,116
5722,118
5723,114
5724,135
5725,111
5726,114
5727,136
5728,111
5729,104
573,1
5730,111
5731,130
5732,118
5733,118
5734,98
5735,111
5736,107
5737,127
5738,98
5739,100
5740,100
5741,119
5742,121
5743,104
5744,109
5745,107
5746,120
5747,120
5748,109
5749,91
5750,148
5751,122
5752,141
5753,109
5754,110
5755,110
5756,114
5757,167
5758,128
5759,104
5760,124
5761,101
5762,101
5763,99
5764,124
5765,115
5766,112
5767,149
5768,105
5769,108
5770,127
5771,128
5772,122
5773,108
5774,119
5775,135
5776,129
5777,111
5778,108
5779,109
5780,95
5781,114
5782,106
5783,87
5784,123
5785,91
5786,106
5787,121
5788,92
5789,99
5790,108
5791,106
5792,98
5793,91
5794,108
5795,114
5796,105
5797,119
5798,86
5799,137
58,1
5800,157
5801,150
5802,133
5803,127
5804,122
5805,128
5806,120
5807,97
5808,131
5809,116
581,1
5810,119
5811,132
5812,118
5813,126
5814,115
5815,105
5816,108
5817,93
5818,115
5819,97
5820,114
5821,101
5822,105
5823,122
5824,102
5825,128
5826,109
5827,104
5828,112
5829,114
5830,127
5831,118
5832,92
5833,101
5834,123
5835,112
5836,98
5837,108
5838,139
5839,121
5840,114
5841,116
5842,108
5843,79
5844,119
5845,119
5846,110
5847,115
5848,135
5849,97
585,1
5850,140
5851,132
5852,114
5853,104
5854,128
5855,122
5856,105
5857,127
5858,139
5859,88
5860,103
5861,117
5862,115
5863,108
5864,104
5865,113
5866,106
5867,101
5868,122
5869,88
5870,108
5871,107
5872,103
5873,84
5874,87
5875,123
5876,99
5877,121
5878,128
5879,95
588,1
5880,114
5881,120
5882,122
5883,103
5884,108
5885,121
5886,95
5887,127
5888,169
5889,127
589,1
5890,113
5891,95
5892,83
5893,111
5894,100
5895,112
5896,92
5897,99
5898,114
5899,121
590,1
5900,171
5901,118
5902,108
5903,99
5904,112
5905,114
5906,117
5907,97
5908,100
5909,119
5910,109
5911,115
5912,112
5913,109
5914,96
5915,102
5916,99
5917,101
5918,102
5919,114
5920,112
5921,86
5922,123
5923,88
5924,102
5925,92
5926,91
5927,112
5928,95
5929,88
593,1
5930,87
5931,108
5932,101
5933,116
5934,117
5935,99
5936,113
5937,104
5938,121
5939,114
5940,115
5941,106
5942,95
5943,116
5944,118
5945,97
5946,115
5947,89
5948,97
5949,115
5950,113
5951,127
5952,125
5953,111
5954,122
5955,131
5956,103
5957,96
5958,113
5959,116
5960,110
5961,106
5962,111
5963,94
5964,96
5965,103
5966,122
5967,105
5968,114
5969,108
597,1
5970,100
5971,110
5972,81
5973,101
5974,122
5975,103
5976,103
5977,105
5978,81
5979,114
5980,105
5981,116
5982,115
5983,93
5984,115
5985,88
5986,112
5987,86
5988,98
5989,107
599,1
5990,127
5991,127
5992,111
5993,120
5994,99
5995,126
5996,107
5997,97
5998,101
5999,116
6,3
6000,237
6001,129
6002,124
6003,148
6004,150
6005,131
6006,153
6007,140
6008,121
6009,128
6010,153
6011,128
6012,110
6013,124
6014,132
6015,122
6016,123
6017,138
6018,123
6019,132
6020,117
6021,126
6022,137
6023,114
6024,122
6025,144
6026,107
6027,132
6028,107
6029,120
6030,132
6031,136
6032,112
6033,143
6034,117
6035,120
6036,110
6037,119
6038,131
6039,115
6040,136
6041,132
6042,123
6043,105
6044,144
6045,125
6046,105
6047,123
6048,119
6049,125
6050,142
6051,117
6052,113
6053,112
6054,106
6055,127
6056,118
6057,122
6058,135
6059,120
6060,170
6061,134
6062,131
6063,138
6064,140
6065,147
6066,146
6067,149
6068,131
6069,138
6070,131
6071,118
6072,104
6073,102
6074,97
6075,123
6076,114
6077,131
6078,123
6079,125
6080,156
6081,128
6082,105
6083,113
6084,124
6085,119
6086,129
6087,105
6088,133
6089,109
6090,149
6091,115
6092,115
6093,113
6094,131
6095,115
6096,114
6097,102
6098,132
6099,123
6100,193
6101,131
6102,139
6103,147
6104,102
6105,134
6106,123
6107,118
6108,120
6109,133
6110,164
6111,161
6112,114
6113,134
6114,131
6115,129
6116,147
6117,130
6118,127
6119,139
6120,126
6121,138
6122,135
6123,151
6124,109
6125,124
6126,113
6127,121
6128,136
6129,114
6130,131
6131,119
6132,126
6133,148
6134,121
6135,104
6136,121
6137,121
6138,106
6139,121
6140,108
6141,125
6142,113
6143,118
6144,131
6145,114
6146,101
6147,116
6148,129
6149,111
615,1
6150,134
6151,132
6152,99
6153,123
6154,116
6155,122
6156,133
6157,115
6158,103
6159,130
6160,152
6161,159
6162,123
6163,127
6164,133
6165,121
6166,123
6167,102
6168,134
6169,129
6170,130
6171,140
6172,114
6173,117
6174,100
6175,114
6176,114
6177,140
6178,127
6179,115
6180,137
6181,125
6182,95
6183,107
6184,107
6185,103
6186,118
6187,112
6188,139
6189,112
6190,117
6191,147
6192,91
6193,130
6194,115
6195,119
6196,89
6197,94
6198,115
6199,125
620,2
6200,240
6201,124
6202,142
6203,121
6204,113
6205,128
6206,138
6207,129
6208,123
6209,134
6210,127
6211,144
6212,127
6213,124
6214,120
6215,118
6216,127
6217,120
6218,113
6219,110
6220,128
6221,124
6222,167
6223,114
6224,115
6225,129
6226,135
6227,106
6228,131
6229,114
623,1
6230,133
6231,123
6232,126
6233,137
6234,129
6235,122
6236,122
6237,119
6238,106
6239,89
6240,131
6241,111
6242,152
6243,105
6244,133
6245,98
6246,116
6247,108
6248,142
6249,133
6250,153
6251,123
6252,126
6253,125
6254,118
6255,120
6256,111
6257,119
6258,130
6259,124
626,1
6260,142
6261,136
6262,189
6263,122
6264,118
6265,118
6266,117
6267,118
6268,114
6269,106
6270,119
6271,143
6272,130
6273,108
6274,128
6275,127
6276,93
6277,130
6278,100
6279,123
6280,116
6281,138
6282,124
6283,114
6284,99
6285,121
6286,116
6287,100
6288,150
6289,117
6290,121
6291,97
6292,128
6293,106
6294,114
6295,104
6296,113
6297,119
6298,114
6299,122
630,1
6300,169
6301,120
6302,118
6303,132
6304,109
6305,115
6306,120
6307,112
6308,119
6309,133
6310,134
6311,133
6312,102
6313,122
6314,104
6315,109
6316,120
6317,118
6318,110
6319,135
6320,125
6321,121
6322,144
6323,126
6324,100
6325,119
6326,107
6327,130
6328,117
6329,108
6330,169
6331,129
6332,128
6333,138
6334,130
6335,113
6336,140
6337,103
6338,120
6339,106
6340,125
6341,105
6342,110
6343,104
6344,94
6345,125
6346,95
6347,114
6348,119
6349,120
6350,126
6351,121
6352,113
6353,119
6354,111
6355,137
6356,148
6357,111
6358,114
6359,131
6360,128
6361,119
6362,134
6363,151
6364,122
6365,127
6366,132
6367,112
6368,119
6369,141
6370,129
6371,125
6372,114
6373,142
6374,122
6375,114
6376,109
6377,140
6378,112
6379,105
638,1
6380,136
6381,118
6382,135
6383,106
6384,105
6385,102
6386,89
6387,97
6388,121
6389,107
6390,117
6391,113
6392,134
6393,106
6394,107
6395,114
6396,105
6397,118
6398,121
6399,116
6400,143
6401,130
6402,124
6403,138
6404,132
6405,135
6406,138
6407,133
6408,123
6409,106
6410,132
6411,155
6412,138
6413,122
6414,129
6415,111
6416,102
6417,129
6418,122
6419,116
6420,156
6421,124
6422,127
6423,105
6424,135
6425,114
6426,119
6427,106
6428,123
6429,124
6430,103
6431,134
6432,119
6433,125
6434,131
6435,122
6436,100
6437,114
6438,110
6439,105
6440,111
6441,138
6442,106
6443,123
6444,170
6445,129
6446,134
6447,125
6448,120
6449,123
6450,127
6451,113
6452,112
6453,114
6454,132
6455,159
6456,131
6457,109
6458,118
6459,111
6460,130
6461,134
6462,112
6463,120
6464,140
6465,121
6466,127
6467,109
6468,137
6469,93
647,1
6470,113
6471,117
6472,120
6473,108
6474,111
6475,140
6476,106
6477,110
6478,114
6479,100
6480,119
6481,120
6482,123
6483,95
6484,129
6485,114
6486,118
6487,107
6488,144
6489,109
6490,125
6491,107
6492,133
6493,110
6494,125
6495,121
6496,126
6497,105
6498,127
6499,110
6500,179
6501,122
6502,99
6503,138
6504,128
6505,133
6506,120
6507,97
6508,130
6509,122
6510,117
6511,149
6512,113
6513,117
6514,144
6515,136
6516,121
6517,115
6518,125
6519,133
6520,129
6521,119
6522,123
6523,111
6524,119
6525,133
6526,105
6527,107
6528,115
6529,111
6530,105
6531,138
6532,111
6533,149
6534,109
6535,112
6536,113
6537,94
6538,117
6539,112
654,1
6540,119
6541,131
6542,107
6543,113
6544,139
6545,141
6546,125
6547,145
6548,115
6549,109
6550,193
6551,127
6552,112
6553,108
6554,114
6555,137
6556,115
6557,123
6558,130
6559,140
6560,135
6561,129
6562,110
6563,131
6564,142
6565,151
6566,126
6567,115
6568,97
6569,141
6570,121
6571,107
6572,132
6573,96
6574,128
6575,100
6576,126
6577,134
6578,136
6579,110
6580,114
6581,117
6582,96
6583,106
6584,115
6585,115
6586,90
6587,98
6588,134
6589,112
6590,127
6591,110
6592,108
6593,110
6594,111
6595,109
6596,117
6597,110
6598,103
6599,129
66,1
660,1
6600,158
6601,120
6602,119
6603,117
6604,117
6605,117
6606,137
6607,127
6608,133
6609,118
6610,109
6611,145
6612,113
6613,105
6614,136
6615,126
6616,125
6617,122
6618,126
6619,118
6620,140
6621,106
6622,132
6623,115
6624,129
6625,99
6626,132
6627,95
6628,126
6629,106
6630,129
6631,114
6632,128
6633,112
6634,104
6635,126
6636,133
6637,118
6638,146
6639,126
6640,111
6641,88
6642,126
6643,119
6644,148
6645,108
6646,109
6647,132
6648,116
6649,107
665,1
6650,159
6651,127
6652,124
6653,116
6654,127
6655,134
6656,129
6657,117
6658,106
6659,109
6660,130
6661,121
6662,114
6663,98
6664,107
6665,115
6666,147
6667,103
6668,119
6669,132
6670,138
6671,120
6672,123
6673,140
6674,120
6675,95
6676,131
6677,126
6678,116
6679,115
668,1
6680,122
6681,125
6682,114
6683,116
6684,109
6685,117
6686,131
6687,118
6688,125
6689,114
669,1
6690,113
6691,131
6692,108
6693,122
6694,126
6695,125
6696,133
6697,85
6698,110
6699,125
670,1
6700,217
6701,116
6702,114
6703,117
6704,122
6705,101
6706,138
6707,118
6708,130
6709,106
6710,103
6711,155
6712,95
6713,119
6714,131
6715,125
6716,109
6717,118
6718,129
6719,109
672,1
6720,103
6721,114
6722,131
6723,99
6724,114
6725,123
6726,119
6727,120
6728,116
6729,92
673,1
6730,114
6731,126
6732,94
6733,125
6734,110
6735,99
6736,102
6737,110
6738,113
6739,108
6740,106
6741,114
6742,114
6743,116
6744,119
6745,112
6746,126
6747,137
6748,112
6749,108
6750,126
6751,128
6752,100
6753,94
6754,99
6755,137
6756,128
6757,116
6758,88
6759,102
6760,88
6761,113
6762,120
6763,104
6764,121
6765,121
6766,128
6767,133
6768,118
6769,102
6770,138
6771,145
6772,116
6773,113
6774,110
6775,112
6776,110
6777,146
6778,123
6779,125
678,1
6780,113
6781,98
6782,82
6783,102
6784,121
6785,108
6786,127
6787,135
6788,110
6789,150
6790,90
6791,92
6792,99
6793,101
6794,104
6795,118
6796,85
6797,111
6798,104
6799,114
6800,211
6801,84
6802,91
6803,107
6804,104
6805,126
6806,99
6807,85
6808,145
6809,112
6810,110
6811,115
6812,105
6813,98
6814,104
6815,125
6816,117
6817,107
6818,135
6819,110
682,1
6820,143
6821,105
6822,130
6823,108
6824,115
6825,125
6826,130
6827,103
6828,126
6829,95
6830,118
6831,128
6832,111
6833,113
6834,119
6835,101
6836,119
6837,98
6838,124
6839,111
6840,117
6841,109
6842,127
6843,113
6844,113
6845,122
6846,89
6847,108
6848,140
6849,120
6850,122
6851,120
6852,96
6853,117
6854,101
6855,129
6856,128
6857,104
6858,127
6859,113
6860,157
6861,107
6862,112
6863,108
6864,136
6865,122
6866,119
6867,106
6868,139
6869,120
6870,94
6871,96
6872,100
6873,103
6874,111
6875,113
6876,109
6877,122
6878,134
6879,100
6880,114
6881,126
6882,101
6883,122
6884,138
6885,115
6886,131
6887,105
6888,134
6889,127
6890,96
6891,97
6892,116
6893,80
6894,91
6895,129
6896,88
6897,101
6898,107
6899,97
6900,155
6901,101
6902,113
6903,104
6904,124
6905,111
6906,120
6907,101
6908,104
6909,116
6910,131
6911,126
6912,108
6913,91
6914,104
6915,110
6916,123
6917,101
6918,100
6919,120
6920,99
6921,91
6922,139
6923,118
6924,96
6925,127
6926,101
6927,121
6928,107
6929,116
6930,109
6931,113
6932,98
6933,123
6934,92
6935,109
6936,105
6937,99
6938,84
6939,123
694,1
6940,108
6941,109
6942,97
6943,103
6944,121
6945,100
6946,96
6947,91
6948,79
6949,122
6950,143
6951,118
6952,114
6953,96
6954,112
6955,118
6956,95
6957,89
6958,93
6959,107
6960,120
6961,111
6962,98
6963,122
6964,102
6965,106
6966,112
6967,105
6968,114
6969,145
6970,105
6971,115
6972,121
6973,126
6974,83
6975,104
6976,93
6977,115
6978,91
6979,104
698,1
6980,125
6981,113
6982,82
6983,112
6984,101
6985,127
6986,103
6987,108
6988,118
6989,135
6990,119
6991,104
6992,103
6993,111
6994,117
6995,130
6996,98
6997,118
6998,112
6999,133
7,1
70,1
700,1
7000,242
7001,155
7002,148
7003,144
7004,151
7005,150
7006,145
7007,140
7008,125
7009,137
701,1
7010,155
7011,151
7012,121
7013,126
7014,101
7015,136
7016,118
7017,132
7018,119
7019,135
7020,138
7021,116
7022,126
7023,113
7024,115
7025,116
7026,120
7027,122
7028,132
7029,128
7030,127
7031,124
7032,129
7033,147
7034,114
7035,125
7036,125
7037,126
7038,108
7039,91
7040,136
7041,107
7042,126
7043,115
7044,120
7045,124
7046,114
7047,137
7048,103
7049,100
7050,143
7051,133
7052,122
7053,111
7054,119
7055,129
7056,135
7057,125
7058,131
7059,114
706,1
7060,124
7061,122
7062,140
7063,128
7064,109
7065,117
7066,112
7067,113
7068,112
7069,112
7070,165
7071,144
7072,107
7073,114
7074,139
7075,126
7076,149
7077,144
7078,117
7079,115
708,2
7080,131
7081,122
7082,138
7083,91
7084,111
7085,116
7086,122
7087,113
7088,119
7089,103
709,1
7090,143
7091,109
7092,115
7093,94
7094,104
7095,110
7096,129
7097,109
7098,103
7099,130
71,1
7100,171
7101,114
7102,103
7103,133
7104,136
7105,122
7106,122
7107,138
7108,117
7109,103
7110,122
7111,154
7112,135
7113,139
7114,118
7115,129
7116,129
7117,148
7118,114
7119,139
7120,128
7121,147
7122,103
7123,125
7124,107
7125,122
7126,116
7127,106
7128,107
7129,84
713,1
7130,123
7131,113
7132,113
7133,133
7134,125
7135,113
7136,125
7137,116
7138,110
7139,107
7140,153
7141,121
7142,118
7143,112
7144,113
7145,102
7146,99
7147,106
7148,111
7149,131
715,1
7150,126
7151,137
7152,131
7153,107
7154,99
7155,131
7156,92
7157,124
7158,110
7159,101
7160,133
7161,130
7162,113
7163,108
7164,98
7165,115
7166,116
7167,113
7168,105
7169,96
717,1
7170,143
7171,163
7172,123
7173,116
7174,112
7175,131
7176,105
7177,141
7178,130
7179,118
7180,124
7181,151
7182,88
7183,108
7184,99
7185,120
7186,106
7187,113
7188,113
7189,112
719,1
7190,117
7191,103
7192,110
7193,94
7194,125
7195,115
7196,92
7197,102
7198,101
7199,124
72,1
720,2
7200,213
7201,119
7202,144
7203,114
7204,108
7205,130
7206,114
7207,126
7208,126
7209,113
7210,134
7211,119
7212,130
7213,116
7214,98
7215,118
7216,132
7217,137
7218,129
7219,102
7220,158
7221,114
7222,154
7223,128
7224,128
7225,140
7226,124
7227,140
7228,104
7229,125
7230,150
7231,144
7232,123
7233,126
7234,143
7235,108
7236,113
7237,113
7238,120
7239,128
7240,125
7241,119
7242,125
7243,109
7244,114
7245,112
7246,117
7247,133
7248,131
7249,110
7250,134
7251,103
7252,94
7253,114
7254,106
7255,123
7256,117
7257,114
7258,114
7259,109
7260,111
7261,105
7262,122
7263,127
7264,118
7265,115
7266,127
7267,112
7268,104
7269,113
7270,131
7271,138
7272,153
7273,122
7274,123
7275,135
7276,119
7277,123
7278,120
7279,103
7280,131
7281,128
7282,124
7283,97
7284,111
7285,113
7286,113
7287,113
7288,125
7289,100
729,1
7290,113
7291,108
7292,125
7293,81
7294,97
7295,106
7296,118
7297,103
7298,111
7299,110
7300,178
7301,107
7302,113
7303,138
7304,99
7305,109
7306,112
7307,112
7308,104
7309,107
7310,105
7311,127
7312,111
7313,124
7314,112
7315,111
7316,102
7317,109
7318,110
7319,120
7320,123
7321,128
7322,124
7323,120
7324,127
7325,120
7326,115
7327,112
7328,111
7329,124
7330,129
7331,121
7332,129
7333,119
7334,131
7335,143
7336,97
7337,146
7338,116
7339,121
7340,126
7341,123
7342,127
7343,95
7344,108
7345,127
7346,106
7347,96
7348,88
7349,101
735,1
7350,144
7351,107
7352,113
7353,127
7354,113
7355,111
7356,119
7357,110
7358,109
7359,108
7360,114
7361,138
7362,103
7363,136
7364,116
7365,89
7366,136
7367,109
7368,115
7369,110
7370,123
7371,116
7372,119
7373,139
7374,116
7375,117
7376,114
7377,138
7378,135
7379,98
7380,111
7381,120
7382,86
7383,114
7384,105
7385,88
7386,107
7387,110
7388,126
7389,98
7390,109
7391,120
7392,109
7393,109
7394,89
7395,102
7396,110
7397,116
7398,116
7399,124
7400,178
7401,107
7402,99
7403,97
7404,115
7405,128
7406,106
7407,119
7408,111
7409,103
7410,113
7411,128
7412,112
7413,119
7414,125
7415,101
7416,111
7417,123
7418,135
7419,87
7420,128
7421,128
7422,138
7423,108
7424,128
7425,131
7426,113
7427,106
7428,112
7429,108
7430,113
7431,132
7432,103
7433,103
7434,125
7435,106
7436,104
7437,108
7438,98
7439,97
744,1
7440,109
7441,117
7442,114
7443,128
7444,118
7445,103
7446,125
7447,132
7448,112
7449,136
7450,107
7451,124
7452,98
7453,121
7454,120
7455,117
7456,121
7457,95
7458,129
7459,122
7460,114
7461,93
7462,103
7463,109
7464,123
7465,123
7466,101
7467,104
7468,102
7469,102
7470,115
7471,97
7472,118
7473,116
7474,156
7475,134
7476,125
7477,110
7478,98
7479,107
7480,103
7481,106
7482,98
7483,111
7484,104
7485,103
7486,90
7487,103
7488,110
7489,98
7490,103
7491,104
7492,104
7493,99
7494,94
7495,80
7496,97
7497,94
7498,110
7499,131
7500,176
7501,116
7502,114
7503,114
7504,113
7505,116
7506,120
7507,91
7508,102
7509,103
7510,104
7511,134
7512,115
7513,100
7514,119
7515,117
7516,110
7517,114
7518,94
7519,102
752,2
7520,111
7521,114
7522,106
7523,101
7524,117
7525,128
7526,116
7527,108
7528,98
7529,107
7530,126
7531,93
7532,100
7533,97
7534,89
7535,107
7536,110
7537,112
7538,112
7539,76
7540,114
7541,129
7542,102
7543,97
7544,134
7545,121
7546,105
7547,96
7548,96
7549,91
7550,136
7551,114
7552,125
7553,127
7554,120
7555,144
7556,120
7557,120
7558,111
7559,137
756,1
7560,118
7561,114
7562,99
7563,121
7564,89
7565,134
7566,113
7567,114
7568,118
7569,121
7570,100
7571,112
7572,126
7573,113
7574,114
7575,137
7576,126
7577,118
7578,129
7579,107
758,1
7580,99
7581,107
7582,92
7583,83
7584,104
7585,101
7586,105
7587,99
7588,106
7589,102
759,1
7590,94
7591,100
7592,108
7593,98
7594,101
7595,101
7596,98
7597,90
7598,98
7599,103
7600,169
7601,117
7602,94
7603,103
7604,93
7605,103
7606,127
7607,107
7608,137
7609,107
7610,104
7611,137
7612,100
7613,105
7614,119
7615,117
7616,101
7617,104
7618,92
7619,93
762,1
7620,102
7621,116
7622,128
7623,103
7624,101
7625,119
7626,96
7627,125
7628,119
7629,94
7630,127
7631,78
7632,114
7633,112
7634,95
7635,106
7636,122
7637,99
7638,93
7639,97
7640,107
7641,122
7642,105
7643,111
7644,88
7645,112
7646,111
7647,92
7648,99
7649,95
765,1
7650,119
7651,89
7652,95
7653,108
7654,102
7655,118
7656,116
7657,108
7658,92
7659,96
7660,110
7661,113
7662,113
7663,105
7664,128
7665,148
7666,96
7667,94
7668,120
7669,108
767,1
7670,106
7671,112
7672,89
7673,108
7674,95
7675,104
7676,132
7677,128
7678,106
7679,97
7680,133
7681,102
7682,102
7683,82
7684,107
7685,90
7686,94
7687,113
7688,116
7689,91
7690,90
7691,104
7692,104
7693,90
7694,89
7695,99
7696,99
7697,98
7698,112
7699,92
7700,166
7701,117
7702,111
7703,115
7704,88
7705,114
7706,104
7707,159
7708,103
7709,88
7710,109
7711,134
7712,122
7713,125
7714,109
7715,117
7716,105
7717,128
7718,122
7719,113
7720,116
7721,111
7722,134
7723,105
7724,103
7725,130
7726,119
7727,112
7728,118
7729,109
7730,111
7731,104
7732,115
7733,125
7734,110
7735,124
7736,106
7737,122
7738,106
7739,105
7740,120
7741,116
7742,111
7743,87
7744,124
7745,109
7746,100
7747,123
7748,105
7749,115
7750,113
7751,109
7752,107
7753,100
7754,101
7755,135
7756,88
7757,106
7758,96
7759,121
776,1
7760,97
7761,89
7762,137
7763,90
7764,111
7765,97
7766,123
7767,115
7768,111
7769,113
7770,137
7771,122
7772,137
7773,118
7774,118
7775,134
7776,120
7777,186
7778,119
7779,122
778,1
7780,110
7781,104
7782,110
7783,98
7784,105
7785,105
7786,98
7787,116
7788,134
7789,104
7790,119
7791,102
7792,106
7793,101
7794,120
7795,94
7796,120
7797,110
7798,98
7799,117
7800,155
7801,81
7802,93
7803,95
7804,109
7805,108
7806,98
7807,94
7808,112
7809,94
781,1
7810,80
7811,136
7812,98
7813,90
7814,109
7815,103
7816,95
7817,103
7818,109
7819,100
7820,101
7821,115
7822,89
7823,99
7824,105
7825,96
7826,98
7827,94
7828,104
7829,98
7830,109
7831,97
7832,83
7833,112
7834,109
7835,92
7836,86
7837,95
7838,106
7839,101
7840,96
7841,81
7842,111
7843,85
7844,94
7845,98
7846,88
7847,96
7848,115
7849,104
785,4
7850,119
7851,101
7852,106
7853,92
7854,98
7855,106
7856,105
7857,101
7858,127
7859,88
7860,104
7861,92
7862,75
7863,80
7864,101
7865,109
7866,99
7867,92
7868,107
7869,101
7870,112
7871,102
7872,94
7873,102
7874,108
7875,90
7876,102
7877,127
7878,131
7879,103
7880,109
7881,98
7882,115
7883,104
7884,113
7885,109
7886,107
7887,115
7888,112
7889,106
7890,95
7891,102
7892,92
7893,81
7894,95
7895,94
7896,109
7897,109
7898,120
7899,112
7900,155
7901,90
7902,99
7903,104
7904,86
7905,108
7906,85
7907,92
7908,103
7909,116
7910,108
7911,133
7912,79
7913,93
7914,93
7915,89
7916,107
7917,100
7918,102
7919,116
792,1
7920,87
7921,90
7922,102
7923,97
7924,105
7925,99
7926,106
7927,94
7928,100
7929,115
7930,114
7931,97
7932,84
7933,89
7934,73
7935,100
7936,93
7937,82
7938,94
7939,118
7940,92
7941,91
7942,72
7943,105
7944,85
7945,94
7946,103
7947,71
7948,83
7949,120
7950,82
7951,69
7952,95
7953,92
7954,96
7955,105
7956,87
7957,93
7958,97
7959,107
7960,99
7961,87
7962,85
7963,78
7964,100
7965,81
7966,93
7967,95
7968,101
7969,99
7970,121
7971,74
7972,103
7973,106
7974,88
7975,83
7976,119
7977,120
7978,97
7979,134
7980,114
7981,90
7982,101
7983,106
7984,92
7985,105
7986,88
7987,89
7988,89
7989,107
7990,130
7991,100
7992,83
7993,94
7994,106
7995,81
7996,85
7997,108
7998,83
7999,97
8,1
8000,175
8001,126
8002,129
8003,109
8004,129
8005,125
8006,113
8007,143
8008,150
8009,150
8010,149
8011,118
8012,117
8013,144
8014,114
8015,117
8016,116
8017,124
8018,143
8019,119
8020,155
8021,98
8022,150
8023,111
8024,125
8025,137
8026,125
8027,110
8028,127
8029,123
8030,144
8031,140
8032,128
8033,120
8034,109
8035,115
8036,113
8037,106
8038,116
8039,132
804,1
8040,157
8041,127
8042,113
8043,109
8044,112
8045,107
8046,131
8047,125
8048,117
8049,125
8050,170
8051,123
8052,130
8053,104
8054,117
8055,160
8056,99
8057,111
8058,108
8059,121
806,1
8060,134
8061,110
8062,112
8063,139
8064,125
8065,115
8066,127
8067,107
8068,113
8069,123
8070,120
8071,101
8072,107
8073,124
8074,109
8075,109
8076,120
8077,140
8078,126
8079,124
8080,158
8081,133
8082,118
8083,122
8084,124
8085,120
8086,110
8087,119
8088,142
8089,146
8090,135
8091,120
8092,95
8093,116
8094,118
8095,115
8096,122
8097,122
8098,113
8099,119
81,1
8100,202
8101,144
8102,104
8103,114
8104,123
8105,112
8106,133
8107,100
8108,114
8109,116
8110,136
8111,160
8112,129
8113,129
8114,139
8115,115
8116,121
8117,131
8118,141
8119,123
812,1
8120,128
8121,112
8122,117
8123,120
8124,110
8125,127
8126,117
8127,112
8128,141
8129,113
8130,126
8131,139
8132,126
8133,131
8134,108
8135,127
8136,108
8137,106
8138,110
8139,120
814,1
8140,127
8141,130
8142,114
8143,117
8144,134
8145,109
8146,107
8147,97
8148,107
8149,102
815,1
8150,139
8151,122
8152,99
8153,115
8154,111
8155,120
8156,118
8157,106
8158,113
8159,107
8160,111
8161,134
8162,118
8163,111
8164,109
8165,91
8166,122
8167,115
8168,92
8169,130
8170,127
8171,124
8172,123
8173,122
8174,104
8175,102
8176,114
8177,150
8178,113
8179,116
8180,142
8181,160
8182,121
8183,118
8184,114
8185,104
8186,105
8187,104
8188,140
8189,119
8190,112
8191,114
8192,110
8193,110
8194,133
8195,106
8196,115
8197,89
8198,101
8199,115
8200,222
8201,136
8202,129
8203,118
8204,117
8205,127
8206,102
8207,112
8208,108
8209,119
8210,152
8211,140
8212,136
8213,128
8214,109
8215,121
8216,106
8217,123
8218,119
8219,142
8220,149
8221,123
8222,119
8223,124
8224,114
8225,129
8226,124
8227,129
8228,129
8229,136
8230,123
8231,114
8232,112
8233,101
8234,108
8235,108
8236,119
8237,84
8238,114
8239,128
8240,106
8241,111
8242,118
8243,127
8244,127
8245,116
8246,109
8247,102
8248,95
8249,122
8250,123
8251,128
8252,108
8253,102
8254,104
8255,132
8256,112
8257,105
8258,97
8259,114
8260,95
8261,132
8262,134
8263,115
8264,113
8265,100
8266,99
8267,120
8268,98
8269,108
8270,144
8271,138
8272,106
8273,113
8274,116
8275,98
8276,117
8277,122
8278,110
8279,122
828,1
8280,137
8281,131
8282,137
8283,111
8284,112
8285,124
8286,124
8287,105
8288,123
8289,129
8290,113
8291,97
8292,141
8293,92
8294,89
8295,91
8296,113
8297,104
8298,109
8299,120
830,1
8300,161
8301,132
8302,110
8303,130
8304,135
8305,105
8306,125
8307,108
8308,121
8309,96
8310,119
8311,117
8312,134
8313,125
8314,101
8315,115
8316,105
8317,109
8318,106
8319,92
8320,137
8321,121
8322,118
8323,112
8324,109
8325,128
8326,121
8327,116
8328,113
8329,97
8330,123
8331,134
8332,105
8333,153
8334,115
8335,119
8336,115
8337,115
8338,122
8339,118
834,1
8340,122
8341,133
8342,106
8343,103
8344,124
8345,113
8346,124
8347,98
8348,124
8349,100
835,1
8350,116
8351,128
8352,114
8353,137
8354,116
8355,118
8356,103
8357,111
8358,107
8359,101
836,1
8360,135
8361,126
8362,108
8363,133
8364,103
8365,124
8366,122
8367,111
8368,106
8369,97
8370,108
8371,102
8372,94
8373,122
8374,108
8375,97
8376,113
8377,105
8378,92
8379,79
8380,118
8381,114
8382,102
8383,116
8384,104
8385,112
8386,118
8387,104
8388,117
8389,103
8390,111
8391,107
8392,95
8393,108
8394,103
8395,125
8396,118
8397,100
8398,108
8399,125
840,1
8400,150
8401,122
8402,110
8403,103
8404,144
8405,112
8406,115
8407,109
8408,116
8409,117
8410,120
8411,127
8412,113
8413,99
8414,99
8415,99
8416,124
8417,88
8418,97
8419,102
8420,117
8421,121
8422,96
8423,102
8424,137
8425,123
8426,122
8427,96
8428,106
8429,115
8430,122
8431,92
8432,122
8433,103
8434,112
8435,102
8436,98
8437,103
8438,130
8439,102
8440,125
8441,118
8442,127
8443,108
8444,108
8445,118
8446,109
8447,125
8448,125
8449,114
8450,117
8451,115
8452,102
8453,114
8454,131
8455,113
8456,116
8457,95
8458,104
8459,101
8460,97
8461,125
8462,115
8463,85
8464,121
8465,124
8466,123
8467,115
8468,109
8469,103
8470,103
8471,114
8472,100
8473,124
8474,134
8475,108
8476,97
8477,122
8478,95
8479,105
8480,120
8481,119
8482,117
8483,111
8484,162
8485,126
8486,108
8487,126
8488,122
8489,93
8490,122
8491,93
8492,100
8493,101
8494,122
8495,108
8496,111
8497,97
8498,110
8499,110
850,1
8500,212
8501,98
8502,107
8503,113
8504,113
8505,139
8506,105
8507,95
8508,108
8509,85
8510,112
8511,133
8512,102
8513,120
8514,106
8515,131
8516,94
8517,114
8518,87
8519,99
8520,111
8521,112
8522,134
8523,116
8524,133
8525,121
8526,107
8527,100
8528,98
8529,110
853,1
8530,101
8531,104
8532,108
8533,120
8534,103
8535,100
8536,82
8537,93
8538,93
8539,90
8540,100
8541,103
8542,84
8543,86
8544,113
8545,127
8546,94
8547,106
8548,104
8549,118
855,1
8550,122
8551,114
8552,104
8553,111
8554,106
8555,139
8556,122
8557,129
8558,127
8559,109
8560,99
8561,104
8562,92
8563,101
8564,90
8565,121
8566,117
8567,94
8568,114
8569,100
857,2
8570,97
8571,89
8572,110
8573,89
8574,75
8575,121
8576,102
8577,125
8578,101
8579,80
8580,107
8581,100
8582,116
8583,100
8584,105
8585,152
8586,117
8587,115
8588,112
8589,106
8590,113
8591,105
8592,79
8593,86
8594,91
8595,134
8596,105
8597,106
8598,93
8599,107
86,1
8600,152
8601,122
8602,121
8603,109
8604,130
8605,129
8606,112
8607,107
8608,119
8609,111
861,1
8610,123
8611,120
8612,125
8613,111
8614,100
8615,100
8616,101
8617,91
8618,115
8619,96
8620,132
8621,110
8622,108
8623,97
8624,91
8625,96
8626,108
8627,104
8628,106
8629,104
863,2
8630,116
8631,104
8632,121
8633,107
8634,122
8635,104
8636,122
8637,92
8638,106
8639,77
8640,102
8641,98
8642,111
8643,93
8644,100
8645,119
8646,121
8647,110
8648,94
8649,104
8650,107
8651,116
8652,90
8653,101
8654,96
8655,112
8656,138
8657,82
8658,103
8659,102
866,1
8660,109
8661,104
8662,124
8663,110
8664,108
8665,109
8666,98
8667,117
8668,113
8669,106
8670,98
8671,85
8672,95
8673,79
8674,80
8675,106
8676,113
8677,107
8678,104
8679,109
8680,122
8681,113
8682,104
8683,102
8684,132
8685,111
8686,131
8687,127
8688,99
8689,85
8690,106
8691,106
8692,96
8693,93
8694,85
8695,94
8696,115
8697,106
8698,98
8699,107
8700,187
8701,92
8702,102
8703,94
8704,111
8705,121
8706,93
8707,116
8708,107
8709,100
8710,120
8711,107
8712,113
8713,108
8714,101
8715,97
8716,93
8717,107
8718,101
8719,97
8720,96
8721,109
8722,96
8723,97
8724,104
8725,101
8726,93
8727,105
8728,100
8729,87
8730,110
8731,77
8732,103
8733,116
8734,108
8735,103
8736,88
8737,110
8738,95
8739,94
874,1
8740,111
8741,98
8742,91
8743,115
8744,114
8745,102
8746,113
8747,113
8748,80
8749,88
875,1
8750,85
8751,100
8752,110
8753,84
8754,108
8755,104
8756,99
8757,94
8758,74
8759,90
8760,81
8761,97
8762,83
8763,90
8764,93
8765,111
8766,105
8767,117
8768,92
8769,109
8770,130
8771,106
8772,112
8773,88
8774,111
8775,95
8776,127
8777,135
8778,129
8779,107
8780,124
8781,117
8782,107
8783,88
8784,117
8785,89
8786,103
8787,132
8788,124
8789,96
8790,110
8791,96
8792,91
8793,92
8794,91
8795,94
8796,77
8797,106
8798,93
8799,98
8800,144
8801,122
8802,106
8803,111
8804,106
8805,98
8806,102
8807,105
8808,127
8809,120
8810,127
8811,120
8812,103
8813,110
8814,92
8815,89
8816,135
8817,109
8818,112
8819,113
882,1
8820,92
8821,112
8822,128
8823,112
8824,91
8825,107
8826,98
8827,92
8828,120
8829,80
8830,118
8831,180
8832,113
8833,105
8834,99
8835,99
8836,110
8837,102
8838,125
8839,123
8840,125
8841,102
8842,105
8843,113
8844,121
8845,119
8846,100
8847,108
8848,117
8849,117
885,1
8850,111
8851,116
8852,103
8853,117
8854,85
8855,114
8856,115
8857,99
8858,111
8859,104
886,1
8860,92
8861,98
8862,94
8863,84
8864,109
8865,109
8866,116
8867,112
8868,108
8869,87
887,1
8870,91
8871,99
8872,107
8873,106
8874,98
8875,110
8876,118
8877,109
8878,114
8879,97
888,1
8880,134
8881,134
8882,114
8883,103
8884,113
8885,106
8886,100
8887,110
8888,174
8889,100
8890,115
8891,121
8892,114
8893,106
8894,101
8895,79
8896,98
8897,93
8898,122
8899,125
89,1
8900,147
8901,96
8902,115
8903,101
8904,99
8905,107
8906,107
8907,99
8908,110
8909,111
8910,117
8911,114
8912,102
8913,111
8914,105
8915,97
8916,97
8917,95
8918,108
8919,107
8920,103
8921,96
8922,110
8923,110
8924,96
8925,100
8926,116
8927,100
8928,82
8929,101
893,1
8930,84
8931,100
8932,107
8933,117
8934,98
8935,96
8936,99
8937,97
8938,114
8939,103
8940,110
8941,117
8942,86
8943,84
8944,113
8945,105
8946,100
8947,100
8948,91
8949,119
895,2
8950,111
8951,92
8952,88
8953,97
8954,99
8955,107
8956,99
8957,90
8958,106
8959,128
8960,108
8961,92
8962,102
8963,107
8964,96
8965,91
8966,104
8967,98
8968,98
8969,96
8970,95
8971,97
8972,101
8973,80
8974,95
8975,95
8976,96
8977,121
8978,105
8979,106
8980,107
8981,103
8982,98
8983,93
8984,93
8985,105
8986,101
8987,101
8988,116
8989,115
8990,125
8991,117
8992,105
8993,100
8994,108
8995,104
8996,100
8997,115
8998,115
8999,119
9,3
900,1
9000,180
9001,122
9002,122
9003,132
9004,124
9005,122
9006,115
9007,128
9008,142
9009,116
9010,137
9011,118
9012,101
9013,118
9014,104
9015,102
9016,124
9017,119
9018,99
9019,108
9020,130
9021,106
9022,97
9023,102
9024,117
9025,102
9026,125
9027,101
9028,119
9029,111
9030,117
9031,98
9032,108
9033,123
9034,109
9035,106
9036,113
9037,107
9038,122
9039,97
904,1
9040,134
9041,108
9042,96
9043,107
9044,98
9045,111
9046,99
9047,104
9048,117
9049,91
9050,172
9051,99
9052,116
9053,117
9054,124
9055,119
9056,104
9057,109
9058,104
9059,106
9060,143
9061,124
9062,119
9063,130
9064,103
9065,116
9066,100
9067,109
9068,112
9069,118
907,1
9070,115
9071,86
9072,115
9073,98
9074,96
9075,112
9076,98
9077,111
9078,105
9079,104
9080,130
9081,96
9082,101
9083,109
9084,107
9085,97
9086,95
9087,90
9088,110
9089,134
9090,174
9091,114
9092,102
9093,101
9094,128
9095,136
9096,104
9097,113
9098,120
9099,137
91,1
9100,162
9101,137
9102,99
9103,106
9104,105
9105,111
9106,105
9107,102
9108,101
9109,120
911,1
9110,129
9111,131
9112,121
9113,102
9114,103
9115,123
9116,124
9117,126
9118,119
9119,129
9120,92
9121,131
9122,117
9123,123
9124,112
9125,102
9126,107
9127,96
9128,91
9129,104
9130,99
9131,127
9132,111
9133,112
9134,90
9135,100
9136,112
9137,110
9138,115
9139,107
9140,124
9141,107
9142,101
9143,100
9144,120
9145,117
9146,93
9147,91
9148,84
9149,106
9150,120
9151,130
9152,93
9153,104
9154,102
9155,133
9156,114
9157,90
9158,87
9159,107
916,1
9160,109
9161,108
9162,100
9163,106
9164,113
9165,111
9166,110
9167,79
9168,116
9169,108
9170,112
9171,123
9172,99
9173,88
9174,119
9175,117
9176,98
9177,133
9178,102
9179,94
9180,126
9181,123
9182,105
9183,98
9184,112
9185,113
9186,107
9187,100
9188,102
9189,89
919,1
9190,128
9191,146
9192,140
9193,123
9194,114
9195,123
9196,123
9197,130
9198,115
9199,123
92,1
9200,159
9201,125
9202,119
9203,104
9204,92
9205,101
9206,114
9207,106
9208,109
9209,98
9210,99
9211,122
9212,116
9213,117
9214,100
9215,109
9216,107
9217,106
9218,118
9219,119
9220,126
9221,128
9222,122
9223,112
9224,114
9225,114
9226,116
9227,131
9228,124
9229,126
9230,108
9231,114
9232,125
9233,125
9234,136
9235,104
9236,101
9237,102
9238,89
9239,118
9240,129
9241,98
9242,123
9243,104
9244,117
9245,87
9246,102
9247,95
9248,110
9249,95
9250,122
9251,82
9252,126
9253,120
9254,112
9255,125
9256,98
9257,79
9258,105
9259,89
926,1
9260,112
9261,100
9262,127
9263,103
9264,116
9265,86
9266,114
9267,113
9268,108
9269,115
927,1
9270,112
9271,102
9272,112
9273,104
9274,98
9275,109
9276,107
9277,122
9278,101
9279,106
9280,117
9281,93
9282,105
9283,84
9284,103
9285,118
9286,91
9287,90
9288,120
9289,120
929,1
9290,117
9291,140
9292,145
9293,116
9294,111
9295,101
9296,93
9297,115
9298,105
9299,130
930,1
9300,168
9301,100
9302,122
9303,109
9304,109
9305,126
9306,111
9307,123
9308,123
9309,93
9310,107
9311,142
9312,107
9313,119
9314,91
9315,106
9316,119
9317,113
9318,100
9319,108
9320,107
9321,108
9322,112
9323,123
9324,98
9325,111
9326,105
9327,118
9328,106
9329,96
9330,119
9331,114
9332,122
9333,132
9334,133
9335,129
9336,116
9337,101
9338,118
9339,118
9340,102
9341,119
9342,95
9343,105
9344,109
9345,101
9346,100
9347,90
9348,76
9349,89
9350,119
9351,106
9352,104
9353,111
9354,101
9355,118
9356,107
9357,99
9358,92
9359,97
936,2
9360,111
9361,100
9362,93
9363,116
9364,100
9365,94
9366,113
9367,102
9368,104
9369,85
937,1
9370,100
9371,116
9372,82
9373,110
9374,101
9375,84
9376,91
9377,92
9378,98
9379,116
9380,100
9381,100
9382,88
9383,115
9384,99
9385,95
9386,104
9387,105
9388,121
9389,97
9390,125
9391,131
9392,120
9393,143
9394,128
9395,97
9396,83
9397,103
9398,104
9399,117
9400,181
9401,100
9402,108
9403,99
9404,100
9405,107
9406,93
9407,93
9408,115
9409,119
9410,117
9411,135
9412,94
9413,100
9414,122
9415,121
9416,107
9417,110
9418,103
9419,115
9420,121
9421,87
9422,127
9423,95
9424,130
9425,103
9426,107
9427,95
9428,92
9429,86
9430,82
9431,90
9432,111
9433,116
9434,110
9435,102
9436,80
9437,89
9438,90
9439,108
944,1
9440,125
9441,110
9442,115
9443,113
9444,121
9445,114
9446,111
9447,116
9448,103
9449,132
945,1
9450,128
9451,102
9452,103
9453,100
9454,114
9455,135
9456,125
9457,89
9458,98
9459,109
9460,121
9461,84
9462,109
9463,117
9464,110
9465,124
9466,105
9467,108
9468,101
9469,92
9470,112
9471,97
9472,105
9473,85
9474,112
9475,102
9476,94
9477,113
9478,109
9479,110
948,1
9480,122
9481,84
9482,96
9483,107
9484,131
9485,123
9486,94
9487,113
9488,107
9489,111
9490,103
9491,122
9492,118
9493,104
9494,136
9495,122
9496,101
9497,83
9498,104
9499,114
950,1
9500,157
9501,94
9502,109
9503,107
9504,105
9505,126
9506,86
9507,114
9508,110
9509,100
9510,109
9511,104
9512,118
9513,103
9514,122
9515,131
9516,107
9517,103
9518,96
9519,86
9520,103
9521,103
9522,116
9523,112
9524,97
9525,117
9526,95
9527,94
9528,114
9529,105
9530,100
9531,99
9532,105
9533,129
9534,105
9535,115
9536,92
9537,115
9538,89
9539,107
9540,116
9541,108
9542,84
9543,96
9544,114
9545,100
9546,105
9547,110
9548,93
9549,104
9550,119
9551,116
9552,108
9553,108
9554,119
9555,127
9556,112
9557,106
9558,109
9559,108
9560,99
9561,95
9562,84
9563,89
9564,104
9565,116
9566,109
9567,94
9568,89
9569,86
9570,98
9571,102
9572,96
9573,91
9574,93
9575,118
9576,91
9577,112
9578,109
9579,123
958,1
9580,97
9581,97
9582,70
9583,102
9584,114
9585,105
9586,89
9587,87
9588,94
9589,105
9590,118
9591,105
9592,89
9593,102
9594,104
9595,133
9596,113
9597,101
9598,99
9599,127
96,1
9600,174
9601,104
9602,95
9603,96
9604,107
9605,105
9606,112
9607,105
9608,100
9609,104
9610,119
9611,93
9612,88
9613,103
9614,95
9615,116
9616,96
9617,97
9618,106
9619,98
962,1
9620,107
9621,105
9622,120
9623,90
9624,115
9625,110
9626,129
9627,93
9628,90
9629,98
9630,95
9631,97
9632,105
9633,116
9634,99
9635,111
9636,111
9637,107
9638,112
9639,124
9640,90
9641,101
9642,108
9643,114
9644,115
9645,100
9646,102
9647,76
9648,92
9649,95
9650,119
9651,89
9652,97
9653,93
9654,106
9655,101
9656,101
9657,98
9658,88
9659,113
9660,136
9661,105
9662,104
9663,129
9664,108
9665,124
9666,103
9667,102
9668,122
9669,127
967,1
9670,116
9671,107
9672,85
9673,108
9674,85
9675,102
9676,84
9677,119
9678,113
9679,106
9680,97
9681,103
9682,122
9683,97
9684,95
9685,103
9686,72
9687,91
9688,127
9689,103
9690,119
9691,119
9692,88
9693,89
9694,108
9695,105
9696,98
9697,100
9698,106
9699,98
9700,166
9701,84
9702,83
9703,103
9704,68
9705,90
9706,89
9707,115
9708,76
9709,94
9710,103
9711,114
9712,76
9713,78
9714,86
9715,80
9716,94
9717,109
9718,83
9719,73
9720,87
9721,93
9722,119
9723,95
9724,93
9725,69
9726,93
9727,116
9728,72
9729,95
9730,88
9731,101
9732,88
9733,108
9734,76
9735,89
9736,96
9737,94
9738,96
9739,96
9740,100
9741,82
9742,99
9743,93
9744,112
9745,87
9746,105
9747,111
9748,83
9749,77
9750,120
9751,84
9752,101
9753,67
9754,85
9755,90
9756,93
9757,102
9758,84
9759,78
976,1
9760,75
9761,62
9762,95
9763,80
9764,101
9765,98
9766,98
9767,92
9768,84
9769,75
977,1
9770,102
9771,101
9772,101
9773,101
9774,98
9775,90
9776,94
9777,105
9778,87
9779,103
9780,93
9781,82
9782,88
9783,103
9784,80
9785,72
9786,84
9787,97
9788,111
9789,91
979,1
9790,109
9791,89
9792,109
9793,101
9794,94
9795,104
9796,83
9797,103
9798,106
9799,99
9800,136
9801,94
9802,82
9803,91
9804,78
9805,91
9806,103
9807,93
9808,90
9809,89
9810,92
9811,112
9812,79
9813,87
9814,84
9815,78
9816,86
9817,91
9818,104
9819,104
9820,96
9821,91
9822,92
9823,84
9824,99
9825,101
9826,73
9827,69
9828,94
9829,84
983,1
9830,85
9831,74
9832,90
9833,87
9834,85
9835,90
9836,87
9837,78
9838,107
9839,92
9840,101
9841,88
9842,70
9843,77
9844,94
9845,94
9846,78
9847,71
9848,109
9849,84
9850,82
9851,78
9852,90
9853,69
9854,66
9855,105
9856,83
9857,83
9858,98
9859,84
986,1
9860,103
9861,64
9862,85
9863,96
9864,86
9865,99
9866,97
9867,84
9868,90
9869,75
9870,101
9871,102
9872,77
9873,78
9874,73
9875,84
9876,81
9877,97
9878,113
9879,83
9880,109
9881,99
9882,97
9883,99
9884,92
9885,101
9886,105
9887,112
9888,106
9889,90
989,1
9890,111
9891,91
9892,82
9893,111
9894,90
9895,87
9896,79
9897,105
9898,108
9899,96
9900,133
9901,119
9902,107
9903,81
9904,84
9905,73
9906,96
9907,94
9908,106
9909,135
9910,114
9911,107
9912,138
9913,108
9914,103
9915,91
9916,91
9917,99
9918,83
9919,112
992,1
9920,113
9921,81
9922,112
9923,82
9924,90
9925,92
9926,106
9927,105
9928,106
9929,101
9930,92
9931,99
9932,94
9933,134
9934,85
9935,105
9936,85
9937,77
9938,80
9939,86
9940,105
9941,78
9942,91
9943,99
9944,105
9945,93
9946,87
9947,102
9948,85
9949,87
9950,106
9951,86
9952,91
9953,86
9954,89
9955,106
9956,84
9957,97
9958,93
9959,107
996,1
9960,101
9961,79
9962,97
9963,86
9964,94
9965,67
9966,94
9967,97
9968,95
9969,104
9970,82
9971,105
9972,83
9973,95
9974,76
9975,94
9976,107
9977,121
9978,90
9979,112
9980,99
9981,102
9982,102
9983,85
9984,105
9985,102
9986,108
9987,89
9988,112
9989,107
9990,123
9991,108
9992,105
9993,111
9994,99
9995,89
9996,108
9997,115
9998,118
9999,128
