AgeRegistered,Count
-1980.55,1
-1972.87,1
-1798.84,1
-1798.33,1
-1795.15,1
-1789.93,1
-1783.34,1
-1781.86,1
-1773,1
-1766.32,1
-1754.3,1
-1731.03,1
-1727.93,1
-1722.54,1
-195.82,1
-190.57,1
-188.86,1
-185.71,1
-185,1
-184.18,1
-184.12,2
-183.81,1
-182.93,1
-180.39,1
-180.1,1
-179.33,1
-176.81,1
-176.34,1
-172.11,1
-171.94,1
-170.77,1
-170.42,1
-170.3,1
-167.27,1
-165.31,1
-164.46,1
-160.1,1
-157.29,1
-156.23,1
-155.88,1
-154.26,1
-147.31,1
-131.13,1
-91.01,1
-81.41,1
-80.8,1
-77.01,1
-75.75,1
-75.6,1
-75.59,1
-75.56,1
-75.53,1
-75.36,1
-75.24,1
-75.12,1
-75.11,1
-74.94,1
-74.83,1
-74.76,1
-74.68,1
-74.57,1
-74.38,1
-74.33,1
-74.11,1
-73.92,1
-73.52,1
-73.31,1
-73.03,1
-72.64,1
-71.74,1
-71.12,1
-71.11,1
-71.04,1
-70.63,1
-69.6,1
-69.53,1
-68.18,1
-68.14,1
-68.09,1
-68.05,1
-68.03,1
-66.52,1
-66.07,1
-65.83,1
-65.76,1
-65.57,1
-65.45,1
-65.44,1
-65.38,1
-64.88,1
-64.87,2
-64.85,1
-64.55,1
-64.34,1
-64.19,1
-63.64,1
-63.5,1
-63.47,1
-63.1,1
-63,1
-62.7,1
-62.68,1
-62.63,1
-61.89,1
-61.86,1
-61.62,1
-61.33,1
-61.19,1
-60.89,1
-60.82,1
-60.76,1
-60.11,1
-59.91,1
-59.81,1
-59.68,1
-59.67,1
-59.56,1
-59.36,1
-59.02,1
-58.69,1
-58.68,1
-58.64,1
-58.16,1
-58.07,1
-57.98,1
-57.89,1
-57.67,1
-57.66,1
-57.59,1
-57.37,1
-57.32,1
-57.08,1
-56.41,1
-56.37,1
-56.3,1
-55.92,1
-55.74,1
-55.71,1
-55.51,1
-55.14,1
-55.08,1
-54.93,1
-54.81,1
-54.45,1
-54.28,1
-54.11,1
-54.09,1
-53.85,1
-53.82,1
-53.78,1
-53.76,1
-53.6,1
-53.56,2
-53.54,1
-53.43,1
-53.36,1
-52.96,1
-52.51,1
-52.44,1
-51.91,1
-51.78,1
-51.73,1
-51.62,1
-51.61,1
-51.39,1
-51.37,1
-51.31,1
-51.21,1
-51.05,1
-51.02,1
-50.72,1
-50.54,1
-50.33,1
-50.22,1
-49.63,1
-49.57,1
-49.52,1
-49.38,1
-49.3,1
-49.26,1
-49.17,1
-49.07,1
-48.98,1
-48.63,1
-47.85,1
-47.69,1
-47.54,1
-47.53,1
-47.24,1
-47.23,1
-46.76,1
-46.61,1
-46.55,1
-46.44,1
-46.24,1
-46.19,1
-45.02,1
-44.71,1
-44.49,1
-44.03,1
-44.01,1
-43.79,1
-43.73,1
-43.65,1
-43.58,1
-43.22,1
-43.11,1
-42.88,1
-42.8,2
-42.6,1
-42.34,1
-42.07,1
-41.78,1
-41.53,1
-41.52,1
-41.4,1
-41.12,1
-41.05,1
-40.92,1
-40.77,1
-40.33,1
-40.08,1
-39.93,1
-39.79,1
-39.78,1
-39.69,1
-39.63,1
-39.4,1
-39.12,1
-39.08,1
-38.84,1
-38.83,1
-38.18,1
-37.41,1
-37.38,1
-36.97,1
-36.94,1
-36.86,1
-36.56,1
-36.55,1
-36.53,1
-36.42,1
-36.13,1
-36.05,1
-35.49,1
-35.01,1
-34.86,1
-34.42,2
-33.7,1
-33.21,1
-32.45,1
-31.75,1
-30.87,1
-30,1
-28.45,1
-28.4,1
-27.02,1
-26.51,1
-24.44,1
-23.24,1
-20.47,1
-17.69,1
-13.03,1
-12.07,2
-11.65,1
-9.37,1
-7.46,1
-5.54,1
-2.96,1
-2.94,1
-2.42,1
-2.3,1
-2.2,1
-2.09,1
-1.95,1
-1.85,1
-1.38,1
-1.37,1
-0.86,1
-0.61,1
-0.42,1
-0.41,1
-0.39,1
-0.36,1
-0.27,1
-0.2,1
-0.11,1
-0.1,3
-0.08,1
-0.04,1
-0.03,1
-0.02,1
-0.01,3
0,59
0.01,2
0.02,3
0.03,2
0.1,2
0.11,1
0.16,1
0.17,1
0.19,1
0.22,1
0.25,1
0.26,1
0.28,1
0.39,1
0.41,1
0.42,1
0.43,2
0.46,1
0.47,1
0.52,1
0.57,1
0.59,1
0.6,1
0.61,1
0.75,1
0.96,1
1.13,1
1.14,1
1.3,1
1.54,1
1.78,1
1.79,1
1.98,1
2.81,1
3.04,1
3.32,1
3.71,1
3.78,1
4.28,1
4.38,1
4.85,1
4.95,1
5.88,1
6.03,1
6.14,1
6.36,1
6.38,1
6.52,1
6.79,1
6.87,1
7.12,1
7.61,1
7.73,1
7.81,1
8.23,1
8.33,2
8.41,1
9.01,1
9.25,1
9.31,1
9.34,1
9.42,1
9.44,1
9.66,1
10.15,2
10.27,1
10.8,1
10.99,2
11.04,1
11.13,1
11.31,1
11.93,1
11.94,1
12.16,1
12.61,1
12.65,1
12.85,1
12.88,1
12.96,1
13.22,1
13.3,1
13.31,1
13.61,1
13.62,1
13.64,1
13.7,1
13.78,1
13.98,1
13.99,1
14.08,1
14.1,1
14.15,1
14.32,1
14.48,1
14.52,1
14.75,1
14.76,1
14.91,1
14.99,1
15.03,1
15.07,1
15.1,1
15.12,1
15.18,1
15.21,1
15.37,1
15.47,1
15.58,1
15.63,1
15.65,1
15.71,1
15.73,1
15.74,1
15.78,1
15.8,1
15.81,2
15.94,1
15.95,1
15.96,1
15.98,2
15.99,2
16.02,1
16.04,2
16.06,2
16.08,1
16.09,3
16.1,1
16.12,3
16.13,4
16.15,2
16.16,1
16.17,2
16.18,1
16.19,1
16.2,1
16.21,1
16.22,1
16.23,1
16.25,2
16.26,1
16.28,2
16.29,1
16.3,3
16.31,1
16.32,1
16.33,3
16.34,2
16.35,1
16.38,1
16.39,2
16.4,1
16.41,1
16.42,2
16.43,2
16.44,1
16.46,1
16.47,2
16.48,1
16.49,1
16.5,2
16.51,1
16.52,2
16.53,2
16.54,3
16.56,1
16.57,4
16.59,1
16.6,3
16.61,2
16.63,2
16.64,2
16.65,3
16.66,2
16.67,3
16.68,3
16.69,2
16.7,4
16.71,4
16.72,1
16.73,4
16.74,2
16.75,1
16.76,3
16.77,2
16.78,2
16.79,1
16.8,4
16.81,2
16.82,2
16.84,5
16.85,3
16.86,5
16.87,7
16.88,2
16.89,3
16.9,3
16.91,9
16.92,2
16.93,6
16.94,8
16.95,4
16.96,5
16.97,10
16.98,3
16.99,7
17,534
17.01,633
17.02,579
17.03,448
17.04,293
17.05,397
17.06,302
17.07,362
17.08,370
17.09,259
17.1,316
17.11,300
17.12,232
17.13,335
17.14,286
17.15,251
17.16,317
17.17,310
17.18,220
17.19,320
17.2,317
17.21,262
17.22,322
17.23,326
17.24,238
17.25,325
17.26,317
17.27,269
17.28,294
17.29,287
17.3,350
17.31,314
17.32,245
17.33,366
17.34,367
17.35,231
17.36,392
17.37,324
17.38,273
17.39,312
17.4,380
17.41,283
17.42,409
17.43,355
17.44,292
17.45,371
17.46,426
17.47,278
17.48,403
17.49,408
17.5,288
17.51,399
17.52,376
17.53,326
17.54,433
17.55,302
17.56,446
17.57,423
17.58,321
17.59,461
17.6,426
17.61,352
17.62,430
17.63,459
17.64,310
17.65,505
17.66,467
17.67,377
17.68,462
17.69,509
17.7,375
17.71,506
17.72,504
17.73,376
17.74,574
17.75,523
17.76,386
17.77,571
17.78,398
17.79,570
17.8,595
17.81,444
17.82,638
17.83,604
17.84,509
17.85,641
17.86,746
17.87,544
17.88,793
17.89,734
17.9,595
17.91,829
17.92,985
17.93,745
17.94,1188
17.95,1497
17.96,1155
17.97,1716
17.98,1726
17.99,1499
18,14778
18.01,4147
18.02,4341
18.03,4055
18.04,2683
18.05,3645
18.06,3300
18.07,2553
18.08,3041
18.09,3128
18.1,2050
18.11,2835
18.12,2585
18.13,2012
18.14,2406
18.15,2540
18.16,1816
18.17,2384
18.18,2250
18.19,1735
18.2,2099
18.21,2206
18.22,1553
18.23,2057
18.24,1447
18.25,2021
18.26,2033
18.27,1376
18.28,1903
18.29,1851
18.3,1452
18.31,1710
18.32,1897
18.33,1245
18.34,1778
18.35,1616
18.36,1327
18.37,1556
18.38,1660
18.39,1251
18.4,1622
18.41,1528
18.42,1207
18.43,1543
18.44,1541
18.45,1106
18.46,1542
18.47,1110
18.48,1430
18.49,1524
18.5,1102
18.51,1499
18.52,1372
18.53,1097
18.54,1301
18.55,1449
18.56,925
18.57,1341
18.58,1285
18.59,993
18.6,1221
18.61,1305
18.62,961
18.63,1257
18.64,1176
18.65,946
18.66,1152
18.67,1207
18.68,899
18.69,1155
18.7,1250
18.71,824
18.72,1179
18.73,773
18.74,1212
18.75,1095
18.76,849
18.77,1109
18.78,1123
18.79,741
18.8,1119
18.81,984
18.82,836
18.83,1001
18.84,985
18.85,709
18.86,1033
18.87,987
18.88,814
18.89,969
18.9,1029
18.91,773
18.92,1031
18.93,1053
18.94,799
18.95,1044
18.96,755
18.97,1017
18.98,1091
18.99,992
19,1305
19.01,1264
19.02,725
19.03,1020
19.04,931
19.05,790
19.06,906
19.07,902
19.08,662
19.09,900
19.1,849
19.11,634
19.12,835
19.13,795
19.14,629
19.15,843
19.16,879
19.17,600
19.18,843
19.19,598
19.2,868
19.21,836
19.22,616
19.23,790
19.24,831
19.25,584
19.26,863
19.27,759
19.28,561
19.29,764
19.3,791
19.31,565
19.32,855
19.33,748
19.34,561
19.35,773
19.36,757
19.37,591
19.38,746
19.39,782
19.4,547
19.41,815
19.42,550
19.43,751
19.44,682
19.45,598
19.46,726
19.47,769
19.48,526
19.49,758
19.5,674
19.51,585
19.52,668
19.53,684
19.54,521
19.55,705
19.56,714
19.57,561
19.58,694
19.59,694
19.6,509
19.61,675
19.62,706
19.63,468
19.64,696
19.65,477
19.66,690
19.67,697
19.68,508
19.69,559
19.7,642
19.71,416
19.72,564
19.73,587
19.74,478
19.75,545
19.76,608
19.77,427
19.78,590
19.79,558
19.8,418
19.81,581
19.82,564
19.83,458
19.84,578
19.85,571
19.86,405
19.87,593
19.88,433
19.89,574
19.9,602
19.91,478
19.92,581
19.93,596
19.94,410
19.95,637
19.96,551
19.97,470
19.98,641
19.99,834
20,777
20.01,785
20.02,699
20.03,540
20.04,629
20.05,591
20.06,443
20.07,604
20.08,572
20.09,344
20.1,534
20.11,491
20.12,390
20.13,510
20.14,398
20.15,504
20.16,495
20.17,387
20.18,548
20.19,449
20.2,376
20.21,451
20.22,477
20.23,357
20.24,490
20.25,496
20.26,331
20.27,482
20.28,481
20.29,351
20.3,461
20.31,519
20.32,334
20.33,453
20.34,415
20.35,354
20.36,449
20.37,384
20.38,437
20.39,434
20.4,361
20.41,507
20.42,456
20.43,335
20.44,422
20.45,481
20.46,309
20.47,476
20.48,480
20.49,334
20.5,450
20.51,451
20.52,337
20.53,430
20.54,475
20.55,329
20.56,434
20.57,423
20.58,334
20.59,403
20.6,331
20.61,471
20.62,470
20.63,331
20.64,491
20.65,434
20.66,349
20.67,423
20.68,456
20.69,343
20.7,429
20.71,423
20.72,370
20.73,432
20.74,458
20.75,316
20.76,451
20.77,435
20.78,317
20.79,438
20.8,416
20.81,343
20.82,392
20.83,334
20.84,422
20.85,440
20.86,302
20.87,434
20.88,397
20.89,314
20.9,425
20.91,448
20.92,306
20.93,424
20.94,460
20.95,299
20.96,411
20.97,406
20.98,371
20.99,478
21,7233
21.01,6574
21.02,5143
21.03,3373
21.04,2007
21.05,2283
21.06,1591
21.07,1855
21.08,1790
21.09,1141
21.1,1494
21.11,1319
21.12,959
21.13,1076
21.14,995
21.15,682
21.16,873
21.17,793
21.18,559
21.19,713
21.2,706
21.21,482
21.22,644
21.23,641
21.24,416
21.25,586
21.26,580
21.27,412
21.28,595
21.29,445
21.3,505
21.31,502
21.32,327
21.33,532
21.34,465
21.35,404
21.36,438
21.37,455
21.38,325
21.39,457
21.4,429
21.41,373
21.42,465
21.43,435
21.44,328
21.45,430
21.46,450
21.47,321
21.48,468
21.49,412
21.5,303
21.51,419
21.52,432
21.53,336
21.54,426
21.55,324
21.56,380
21.57,394
21.58,297
21.59,397
21.6,382
21.61,320
21.62,394
21.63,405
21.64,301
21.65,429
21.66,419
21.67,275
21.68,412
21.69,427
21.7,273
21.71,437
21.72,427
21.73,302
21.74,366
21.75,388
21.76,241
21.77,406
21.78,313
21.79,433
21.8,377
21.81,297
21.82,396
21.83,413
21.84,283
21.85,424
21.86,416
21.87,309
21.88,409
21.89,445
21.9,306
21.91,442
21.92,437
21.93,306
21.94,443
21.95,378
21.96,327
21.97,410
21.98,506
21.99,388
22,661
22.01,373
22.02,497
22.03,472
22.04,364
22.05,416
22.06,421
22.07,320
22.08,469
22.09,388
22.1,334
22.11,426
22.12,431
22.13,324
22.14,452
22.15,429
22.16,278
22.17,415
22.18,388
22.19,342
22.2,383
22.21,404
22.22,309
22.23,409
22.24,285
22.25,471
22.26,431
22.27,307
22.28,360
22.29,443
22.3,315
22.31,402
22.32,420
22.33,285
22.34,431
22.35,452
22.36,312
22.37,412
22.38,405
22.39,272
22.4,398
22.41,396
22.42,303
22.43,422
22.44,463
22.45,293
22.46,413
22.47,308
22.48,413
22.49,394
22.5,358
22.51,388
22.52,431
22.53,301
22.54,451
22.55,427
22.56,310
22.57,440
22.58,441
22.59,340
22.6,424
22.61,425
22.62,269
22.63,423
22.64,433
22.65,314
22.66,423
22.67,410
22.68,286
22.69,435
22.7,434
22.71,329
22.72,396
22.73,325
22.74,435
22.75,411
22.76,294
22.77,456
22.78,416
22.79,322
22.8,429
22.81,451
22.82,321
22.83,451
22.84,453
22.85,350
22.86,467
22.87,420
22.88,389
22.89,446
22.9,472
22.91,337
22.92,528
22.93,469
22.94,380
22.95,510
22.96,410
22.97,563
22.98,599
22.99,512
23,894
23.01,746
23.02,485
23.03,597
23.04,583
23.05,413
23.06,545
23.07,510
23.08,344
23.09,518
23.1,481
23.11,363
23.12,445
23.13,483
23.14,359
23.15,491
23.16,467
23.17,374
23.18,472
23.19,374
23.2,500
23.21,480
23.22,353
23.23,453
23.24,479
23.25,336
23.26,462
23.27,482
23.28,359
23.29,470
23.3,450
23.31,330
23.32,499
23.33,422
23.34,334
23.35,473
23.36,497
23.37,338
23.38,465
23.39,429
23.4,380
23.41,413
23.42,369
23.43,478
23.44,467
23.45,356
23.46,474
23.47,463
23.48,351
23.49,445
23.5,438
23.51,342
23.52,458
23.53,477
23.54,324
23.55,464
23.56,436
23.57,404
23.58,430
23.59,476
23.6,333
23.61,467
23.62,449
23.63,366
23.64,465
23.65,389
23.66,460
23.67,480
23.68,329
23.69,504
23.7,445
23.71,340
23.72,461
23.73,478
23.74,369
23.75,475
23.76,509
23.77,320
23.78,494
23.79,480
23.8,383
23.81,469
23.82,499
23.83,369
23.84,468
23.85,476
23.86,410
23.87,512
23.88,363
23.89,482
23.9,529
23.91,348
23.92,537
23.93,474
23.94,442
23.95,556
23.96,598
23.97,474
23.98,649
23.99,907
24,843
24.01,758
24.02,686
24.03,473
24.04,635
24.05,586
24.06,422
24.07,578
24.08,547
24.09,414
24.1,514
24.11,558
24.12,387
24.13,518
24.14,362
24.15,528
24.16,486
24.17,413
24.18,502
24.19,509
24.2,383
24.21,474
24.22,510
24.23,353
24.24,512
24.25,479
24.26,402
24.27,447
24.28,528
24.29,334
24.3,484
24.31,469
24.32,390
24.33,460
24.34,460
24.35,380
24.36,489
24.37,340
24.38,480
24.39,465
24.4,366
24.41,486
24.42,485
24.43,362
24.44,475
24.45,455
24.46,340
24.47,466
24.48,507
24.49,413
24.5,495
24.51,467
24.52,346
24.53,495
24.54,524
24.55,373
24.56,466
24.57,497
24.58,313
24.59,521
24.6,341
24.61,500
24.62,483
24.63,361
24.64,447
24.65,490
24.66,379
24.67,532
24.68,504
24.69,351
24.7,506
24.71,483
24.72,332
24.73,491
24.74,485
24.75,338
24.76,487
24.77,495
24.78,399
24.79,490
24.8,504
24.81,363
24.82,491
24.83,346
24.84,523
24.85,494
24.86,386
24.87,542
24.88,516
24.89,403
24.9,532
24.91,544
24.92,379
24.93,521
24.94,530
24.95,416
24.96,548
24.97,615
24.98,475
24.99,737
25,749
25.01,560
25.02,594
25.03,573
25.04,475
25.05,599
25.06,377
25.07,540
25.08,524
25.09,443
25.1,587
25.11,517
25.12,392
25.13,553
25.14,535
25.15,385
25.16,542
25.17,553
25.18,410
25.19,516
25.2,529
25.21,376
25.22,550
25.23,452
25.24,415
25.25,471
25.26,543
25.27,358
25.28,524
25.29,357
25.3,485
25.31,480
25.32,379
25.33,507
25.34,475
25.35,389
25.36,511
25.37,541
25.38,352
25.39,476
25.4,500
25.41,379
25.42,484
25.43,485
25.44,348
25.45,527
25.46,489
25.47,424
25.48,482
25.49,506
25.5,362
25.51,494
25.52,455
25.53,357
25.54,487
25.55,357
25.56,517
25.57,472
25.58,344
25.59,533
25.6,502
25.61,352
25.62,515
25.63,499
25.64,397
25.65,490
25.66,521
25.67,378
25.68,519
25.69,478
25.7,381
25.71,520
25.72,508
25.73,366
25.74,497
25.75,496
25.76,391
25.77,519
25.78,353
25.79,539
25.8,524
25.81,383
25.82,531
25.83,526
25.84,402
25.85,505
25.86,495
25.87,386
25.88,505
25.89,523
25.9,404
25.91,505
25.92,597
25.93,415
25.94,552
25.95,568
25.96,435
25.97,630
25.98,626
25.99,556
26,812
26.01,553
26.02,652
26.03,620
26.04,455
26.05,572
26.06,561
26.07,391
26.08,527
26.09,521
26.1,411
26.11,539
26.12,540
26.13,380
26.14,550
26.15,527
26.16,412
26.17,480
26.18,528
26.19,375
26.2,529
26.21,523
26.22,400
26.23,534
26.24,401
26.25,499
26.26,521
26.27,377
26.28,523
26.29,476
26.3,360
26.31,537
26.32,546
26.33,373
26.34,526
26.35,528
26.36,384
26.37,549
26.38,546
26.39,392
26.4,461
26.41,516
26.42,339
26.43,523
26.44,482
26.45,421
26.46,511
26.47,408
26.48,521
26.49,527
26.5,377
26.51,512
26.52,561
26.53,392
26.54,500
26.55,536
26.56,394
26.57,501
26.58,563
26.59,393
26.6,528
26.61,511
26.62,410
26.63,520
26.64,533
26.65,381
26.66,545
26.67,535
26.68,425
26.69,516
26.7,546
26.71,400
26.72,511
26.73,408
26.74,513
26.75,530
26.76,375
26.77,502
26.78,503
26.79,435
26.8,520
26.81,528
26.82,378
26.83,530
26.84,526
26.85,403
26.86,570
26.87,583
26.88,452
26.89,617
26.9,676
26.91,499
26.92,640
26.93,748
26.94,581
26.95,790
26.96,702
26.97,1014
26.98,1223
26.99,1302
27,2732
27.01,2100
27.02,1187
27.03,1265
27.04,1224
27.05,773
27.06,1015
27.07,959
27.08,705
27.09,772
27.1,835
27.11,526
27.12,754
27.13,672
27.14,472
27.15,655
27.16,630
27.17,464
27.18,618
27.19,485
27.2,613
27.21,604
27.22,427
27.23,560
27.24,543
27.25,416
27.26,566
27.27,561
27.28,435
27.29,564
27.3,535
27.31,410
27.32,534
27.33,533
27.34,389
27.35,533
27.36,561
27.37,386
27.38,522
27.39,503
27.4,439
27.41,504
27.42,382
27.43,487
27.44,505
27.45,392
27.46,514
27.47,535
27.48,367
27.49,511
27.5,512
27.51,383
27.52,526
27.53,501
27.54,410
27.55,525
27.56,497
27.57,407
27.58,478
27.59,482
27.6,403
27.61,548
27.62,503
27.63,367
27.64,520
27.65,381
27.66,523
27.67,512
27.68,360
27.69,535
27.7,483
27.71,397
27.72,507
27.73,558
27.74,350
27.75,520
27.76,478
27.77,392
27.78,530
27.79,542
27.8,381
27.81,532
27.82,533
27.83,376
27.84,517
27.85,546
27.86,381
27.87,516
27.88,421
27.89,584
27.9,612
27.91,468
27.92,632
27.93,601
27.94,471
27.95,629
27.96,723
27.97,570
27.98,970
27.99,1282
28,1490
28.01,1236
28.02,1037
28.03,602
28.04,830
28.05,706
28.06,509
28.07,672
28.08,698
28.09,472
28.1,609
28.11,571
28.12,433
28.13,575
28.14,434
28.15,561
28.16,564
28.17,423
28.18,587
28.19,573
28.2,417
28.21,543
28.22,536
28.23,434
28.24,566
28.25,613
28.26,427
28.27,538
28.28,535
28.29,367
28.3,480
28.31,544
28.32,367
28.33,498
28.34,481
28.35,354
28.36,518
28.37,375
28.38,521
28.39,497
28.4,382
28.41,503
28.42,523
28.43,415
28.44,502
28.45,513
28.46,419
28.47,489
28.48,505
28.49,409
28.5,524
28.51,484
28.52,393
28.53,509
28.54,512
28.55,418
28.56,497
28.57,484
28.58,357
28.59,521
28.6,332
28.61,553
28.62,495
28.63,390
28.64,522
28.65,538
28.66,352
28.67,517
28.68,495
28.69,367
28.7,463
28.71,524
28.72,406
28.73,539
28.74,535
28.75,372
28.76,513
28.77,499
28.78,381
28.79,517
28.8,516
28.81,365
28.82,505
28.83,372
28.84,527
28.85,559
28.86,410
28.87,498
28.88,564
28.89,427
28.9,585
28.91,555
28.92,434
28.93,568
28.94,648
28.95,470
28.96,625
28.97,690
28.98,594
28.99,1043
29,1348
29.01,807
29.02,865
29.03,776
29.04,545
29.05,680
29.06,463
29.07,669
29.08,613
29.09,413
29.1,585
29.11,592
29.12,432
29.13,577
29.14,578
29.15,407
29.16,523
29.17,521
29.18,417
29.19,552
29.2,501
29.21,426
29.22,560
29.23,531
29.24,422
29.25,487
29.26,528
29.27,408
29.28,528
29.29,346
29.3,545
29.31,541
29.32,444
29.33,517
29.34,495
29.35,370
29.36,490
29.37,507
29.38,388
29.39,498
29.4,537
29.41,403
29.42,532
29.43,476
29.44,388
29.45,529
29.46,480
29.47,392
29.48,487
29.49,462
29.5,358
29.51,534
29.52,512
29.53,418
29.54,518
29.55,399
29.56,533
29.57,525
29.58,374
29.59,517
29.6,519
29.61,408
29.62,527
29.63,485
29.64,401
29.65,485
29.66,505
29.67,395
29.68,555
29.69,519
29.7,428
29.71,533
29.72,520
29.73,357
29.74,568
29.75,522
29.76,433
29.77,501
29.78,412
29.79,496
29.8,517
29.81,381
29.82,543
29.83,531
29.84,400
29.85,540
29.86,583
29.87,417
29.88,578
29.89,525
29.9,419
29.91,575
29.92,612
29.93,449
29.94,606
29.95,633
29.96,518
29.97,752
29.98,859
29.99,836
30,1469
30.01,834
30.02,863
30.03,735
30.04,540
30.05,684
30.06,656
30.07,499
30.08,616
30.09,635
30.1,402
30.11,551
30.12,566
30.13,406
30.14,568
30.15,554
30.16,411
30.17,525
30.18,555
30.19,389
30.2,538
30.21,530
30.22,412
30.23,565
30.24,402
30.25,536
30.26,539
30.27,379
30.28,511
30.29,464
30.3,398
30.31,533
30.32,552
30.33,395
30.34,559
30.35,503
30.36,375
30.37,493
30.38,526
30.39,404
30.4,525
30.41,521
30.42,374
30.43,511
30.44,496
30.45,388
30.46,455
30.47,412
30.48,445
30.49,525
30.5,367
30.51,521
30.52,446
30.53,390
30.54,503
30.55,479
30.56,368
30.57,541
30.58,506
30.59,426
30.6,521
30.61,493
30.62,363
30.63,520
30.64,507
30.65,417
30.66,512
30.67,545
30.68,377
30.69,519
30.7,471
30.71,357
30.72,496
30.73,364
30.74,507
30.75,543
30.76,419
30.77,484
30.78,569
30.79,409
30.8,530
30.81,515
30.82,405
30.83,509
30.84,500
30.85,384
30.86,535
30.87,563
30.88,404
30.89,523
30.9,526
30.91,435
30.92,544
30.93,603
30.94,407
30.95,604
30.96,451
30.97,665
30.98,685
30.99,694
31,1014
31.01,860
31.02,513
31.03,663
31.04,652
31.05,464
31.06,622
31.07,585
31.08,436
31.09,582
31.1,588
31.11,394
31.12,557
31.13,515
31.14,412
31.15,520
31.16,510
31.17,400
31.18,558
31.19,377
31.2,558
31.21,521
31.22,385
31.23,503
31.24,563
31.25,341
31.26,558
31.27,530
31.28,383
31.29,551
31.3,499
31.31,387
31.32,479
31.33,511
31.34,395
31.35,511
31.36,513
31.37,406
31.38,549
31.39,557
31.4,346
31.41,504
31.42,356
31.43,524
31.44,500
31.45,381
31.46,491
31.47,513
31.48,381
31.49,482
31.5,497
31.51,384
31.52,484
31.53,532
31.54,369
31.55,519
31.56,502
31.57,324
31.58,538
31.59,478
31.6,423
31.61,520
31.62,536
31.63,352
31.64,532
31.65,406
31.66,498
31.67,481
31.68,404
31.69,507
31.7,545
31.71,409
31.72,551
31.73,516
31.74,366
31.75,576
31.76,544
31.77,364
31.78,546
31.79,518
31.8,387
31.81,512
31.82,513
31.83,408
31.84,496
31.85,539
31.86,430
31.87,560
31.88,405
31.89,526
31.9,522
31.91,422
31.92,595
31.93,610
31.94,450
31.95,694
31.96,631
31.97,579
31.98,863
31.99,1358
32,1231
32.01,1034
32.02,843
32.03,561
32.04,683
32.05,650
32.06,491
32.07,636
32.08,599
32.09,460
32.1,636
32.11,589
32.12,450
32.13,540
32.14,404
32.15,532
32.16,516
32.17,406
32.18,494
32.19,485
32.2,397
32.21,498
32.22,516
32.23,381
32.24,512
32.25,532
32.26,384
32.27,536
32.28,493
32.29,404
32.3,513
32.31,512
32.32,383
32.33,476
32.34,437
32.35,370
32.36,452
32.37,383
32.38,505
32.39,510
32.4,385
32.41,527
32.42,524
32.43,362
32.44,496
32.45,502
32.46,353
32.47,493
32.48,489
32.49,379
32.5,479
32.51,508
32.52,367
32.53,479
32.54,496
32.55,333
32.56,498
32.57,491
32.58,366
32.59,480
32.6,421
32.61,518
32.62,509
32.63,374
32.64,461
32.65,550
32.66,401
32.67,484
32.68,519
32.69,387
32.7,492
32.71,530
32.72,366
32.73,513
32.74,521
32.75,401
32.76,478
32.77,490
32.78,327
32.79,517
32.8,513
32.81,354
32.82,487
32.83,410
32.84,529
32.85,533
32.86,382
32.87,564
32.88,532
32.89,430
32.9,574
32.91,546
32.92,444
32.93,611
32.94,653
32.95,476
32.96,715
32.97,820
32.98,666
32.99,1096
33,1708
33.01,926
33.02,983
33.03,897
33.04,614
33.05,726
33.06,551
33.07,690
33.08,677
33.09,486
33.1,675
33.11,629
33.12,416
33.13,553
33.14,563
33.15,452
33.16,584
33.17,593
33.18,411
33.19,536
33.2,533
33.21,400
33.22,501
33.23,544
33.24,352
33.25,548
33.26,522
33.27,376
33.28,495
33.29,402
33.3,506
33.31,509
33.32,414
33.33,497
33.34,486
33.35,398
33.36,477
33.37,489
33.38,371
33.39,495
33.4,494
33.41,364
33.42,475
33.43,464
33.44,385
33.45,514
33.46,520
33.47,329
33.48,512
33.49,474
33.5,368
33.51,482
33.52,506
33.53,380
33.54,473
33.55,369
33.56,532
33.57,506
33.58,384
33.59,528
33.6,522
33.61,348
33.62,512
33.63,482
33.64,348
33.65,514
33.66,464
33.67,352
33.68,523
33.69,517
33.7,373
33.71,476
33.72,486
33.73,385
33.74,452
33.75,485
33.76,340
33.77,490
33.78,385
33.79,530
33.8,476
33.81,348
33.82,509
33.83,514
33.84,387
33.85,523
33.86,505
33.87,391
33.88,516
33.89,500
33.9,402
33.91,527
33.92,554
33.93,426
33.94,595
33.95,600
33.96,465
33.97,635
33.98,757
33.99,795
34,1271
34.01,738
34.02,808
34.03,688
34.04,518
34.05,630
34.06,601
34.07,474
34.08,575
34.09,597
34.1,424
34.11,579
34.12,564
34.13,408
34.14,478
34.15,552
34.16,370
34.17,518
34.18,491
34.19,372
34.2,512
34.21,528
34.22,369
34.23,491
34.24,387
34.25,479
34.26,512
34.27,349
34.28,522
34.29,440
34.3,374
34.31,479
34.32,530
34.33,369
34.34,470
34.35,477
34.36,361
34.37,486
34.38,504
34.39,357
34.4,489
34.41,446
34.42,339
34.43,471
34.44,464
34.45,330
34.46,484
34.47,327
34.48,495
34.49,480
34.5,363
34.51,465
34.52,426
34.53,359
34.54,523
34.55,533
34.56,363
34.57,487
34.58,526
34.59,337
34.6,451
34.61,492
34.62,341
34.63,465
34.64,435
34.65,383
34.66,477
34.67,471
34.68,307
34.69,484
34.7,481
34.71,349
34.72,478
34.73,372
34.74,459
34.75,491
34.76,377
34.77,491
34.78,504
34.79,354
34.8,473
34.81,458
34.82,356
34.83,526
34.84,502
34.85,394
34.86,492
34.87,523
34.88,398
34.89,482
34.9,525
34.91,409
34.92,511
34.93,591
34.94,446
34.95,619
34.96,473
34.97,646
34.98,850
34.99,782
35,1368
35.01,992
35.02,579
35.03,716
35.04,607
35.05,487
35.06,570
35.07,575
35.08,416
35.09,589
35.1,529
35.11,427
35.12,506
35.13,555
35.14,370
35.15,543
35.16,492
35.17,370
35.18,501
35.19,377
35.2,514
35.21,494
35.22,368
35.23,493
35.24,465
35.25,370
35.26,497
35.27,480
35.28,356
35.29,458
35.3,462
35.31,357
35.32,476
35.33,462
35.34,365
35.35,446
35.36,428
35.37,363
35.38,441
35.39,445
35.4,344
35.41,467
35.42,373
35.43,461
35.44,472
35.45,339
35.46,422
35.47,465
35.48,373
35.49,423
35.5,422
35.51,372
35.52,451
35.53,484
35.54,353
35.55,463
35.56,455
35.57,372
35.58,439
35.59,484
35.6,353
35.61,465
35.62,432
35.63,342
35.64,444
35.65,342
35.66,446
35.67,446
35.68,330
35.69,467
35.7,467
35.71,360
35.72,447
35.73,459
35.74,366
35.75,483
35.76,459
35.77,355
35.78,483
35.79,478
35.8,349
35.81,514
35.82,473
35.83,354
35.84,490
35.85,506
35.86,363
35.87,524
35.88,396
35.89,507
35.9,549
35.91,401
35.92,599
35.93,616
35.94,452
35.95,699
35.96,696
35.97,629
35.98,1041
35.99,1712
36,1603
36.01,1356
36.02,964
36.03,674
36.04,737
36.05,703
36.06,491
36.07,596
36.08,550
36.09,441
36.1,496
36.11,518
36.12,371
36.13,519
36.14,376
36.15,489
36.16,543
36.17,326
36.18,451
36.19,470
36.2,354
36.21,477
36.22,488
36.23,359
36.24,463
36.25,412
36.26,346
36.27,450
36.28,435
36.29,332
36.3,466
36.31,472
36.32,336
36.33,454
36.34,478
36.35,319
36.36,461
36.37,335
36.38,457
36.39,458
36.4,312
36.41,451
36.42,409
36.43,320
36.44,474
36.45,425
36.46,310
36.47,427
36.48,416
36.49,339
36.5,440
36.51,402
36.52,310
36.53,455
36.54,428
36.55,360
36.56,424
36.57,444
36.58,321
36.59,411
36.6,292
36.61,446
36.62,435
36.63,358
36.64,416
36.65,421
36.66,366
36.67,373
36.68,459
36.69,338
36.7,435
36.71,438
36.72,341
36.73,423
36.74,445
36.75,321
36.76,440
36.77,453
36.78,310
36.79,425
36.8,456
36.81,346
36.82,429
36.83,364
36.84,454
36.85,446
36.86,326
36.87,450
36.88,466
36.89,380
36.9,477
36.91,497
36.92,352
36.93,484
36.94,539
36.95,395
36.96,574
36.97,585
36.98,488
36.99,834
37,1017
37.01,581
37.02,686
37.03,609
37.04,400
37.05,607
37.06,415
37.07,511
37.08,495
37.09,369
37.1,518
37.11,437
37.12,362
37.13,448
37.14,440
37.15,357
37.16,454
37.17,422
37.18,344
37.19,438
37.2,444
37.21,333
37.22,462
37.23,475
37.24,338
37.25,467
37.26,458
37.27,319
37.28,442
37.29,323
37.3,421
37.31,405
37.32,331
37.33,419
37.34,415
37.35,356
37.36,383
37.37,447
37.38,321
37.39,431
37.4,411
37.41,329
37.42,434
37.43,434
37.44,307
37.45,431
37.46,410
37.47,338
37.48,420
37.49,460
37.5,327
37.51,424
37.52,432
37.53,308
37.54,427
37.55,316
37.56,433
37.57,423
37.58,311
37.59,433
37.6,442
37.61,310
37.62,480
37.63,458
37.64,318
37.65,425
37.66,447
37.67,294
37.68,446
37.69,418
37.7,320
37.71,447
37.72,433
37.73,328
37.74,447
37.75,408
37.76,306
37.77,415
37.78,321
37.79,425
37.8,452
37.81,321
37.82,441
37.83,443
37.84,320
37.85,442
37.86,467
37.87,327
37.88,421
37.89,434
37.9,365
37.91,455
37.92,459
37.93,372
37.94,495
37.95,517
37.96,393
37.97,571
37.98,684
37.99,605
38,974
38.01,547
38.02,640
38.03,545
38.04,420
38.05,538
38.06,514
38.07,353
38.08,474
38.09,491
38.1,359
38.11,423
38.12,432
38.13,331
38.14,462
38.15,397
38.16,306
38.17,423
38.18,416
38.19,321
38.2,424
38.21,445
38.22,280
38.23,419
38.24,336
38.25,436
38.26,407
38.27,306
38.28,419
38.29,385
38.3,293
38.31,429
38.32,406
38.33,321
38.34,390
38.35,424
38.36,285
38.37,420
38.38,386
38.39,315
38.4,397
38.41,403
38.42,340
38.43,415
38.44,406
38.45,288
38.46,398
38.47,291
38.48,410
38.49,452
38.5,309
38.51,382
38.52,405
38.53,291
38.54,411
38.55,405
38.56,294
38.57,366
38.58,427
38.59,318
38.6,422
38.61,461
38.62,303
38.63,417
38.64,392
38.65,316
38.66,402
38.67,400
38.68,307
38.69,404
38.7,397
38.71,287
38.72,367
38.73,305
38.74,378
38.75,418
38.76,295
38.77,404
38.78,393
38.79,326
38.8,388
38.81,407
38.82,323
38.83,409
38.84,428
38.85,305
38.86,404
38.87,469
38.88,325
38.89,432
38.9,492
38.91,351
38.92,479
38.93,480
38.94,360
38.95,481
38.96,395
38.97,563
38.98,641
38.99,575
39,908
39.01,754
39.02,499
39.03,580
39.04,506
39.05,402
39.06,502
39.07,498
39.08,345
39.09,454
39.1,464
39.11,329
39.12,417
39.13,449
39.14,321
39.15,382
39.16,410
39.17,321
39.18,416
39.19,313
39.2,384
39.21,454
39.22,272
39.23,425
39.24,411
39.25,320
39.26,391
39.27,410
39.28,285
39.29,400
39.3,392
39.31,306
39.32,371
39.33,382
39.34,309
39.35,383
39.36,413
39.37,274
39.38,379
39.39,385
39.4,292
39.41,357
39.42,274
39.43,366
39.44,376
39.45,279
39.46,380
39.47,386
39.48,293
39.49,408
39.5,374
39.51,279
39.52,400
39.53,359
39.54,298
39.55,387
39.56,393
39.57,283
39.58,388
39.59,404
39.6,285
39.61,376
39.62,403
39.63,303
39.64,396
39.65,277
39.66,394
39.67,387
39.68,283
39.69,410
39.7,381
39.71,293
39.72,378
39.73,418
39.74,301
39.75,388
39.76,383
39.77,316
39.78,380
39.79,417
39.8,315
39.81,433
39.82,419
39.83,291
39.84,429
39.85,416
39.86,346
39.87,446
39.88,319
39.89,450
39.9,467
39.91,334
39.92,508
39.93,535
39.94,428
39.95,569
39.96,630
39.97,600
39.98,928
39.99,1340
40,1269
40.01,998
40.02,761
40.03,505
40.04,587
40.05,544
40.06,371
40.07,475
40.08,496
40.09,366
40.1,422
40.11,437
40.12,305
40.13,430
40.14,318
40.15,411
40.16,412
40.17,282
40.18,388
40.19,369
40.2,264
40.21,386
40.22,338
40.23,282
40.24,375
40.25,380
40.26,264
40.27,334
40.28,376
40.29,292
40.3,364
40.31,357
40.32,289
40.33,393
40.34,351
40.35,244
40.36,355
40.37,293
40.38,358
40.39,360
40.4,274
40.41,374
40.42,352
40.43,263
40.44,340
40.45,366
40.46,252
40.47,346
40.48,358
40.49,281
40.5,351
40.51,350
40.52,253
40.53,370
40.54,362
40.55,274
40.56,356
40.57,361
40.58,266
40.59,366
40.6,247
40.61,385
40.62,343
40.63,291
40.64,358
40.65,373
40.66,249
40.67,372
40.68,363
40.69,287
40.7,356
40.71,354
40.72,287
40.73,340
40.74,378
40.75,283
40.76,381
40.77,383
40.78,296
40.79,359
40.8,342
40.81,262
40.82,389
40.83,284
40.84,378
40.85,384
40.86,299
40.87,369
40.88,414
40.89,310
40.9,424
40.91,440
40.92,336
40.93,417
40.94,462
40.95,409
40.96,482
40.97,559
40.98,451
40.99,768
41,1046
41.01,602
41.02,570
41.03,552
41.04,369
41.05,508
41.06,340
41.07,452
41.08,447
41.09,326
41.1,430
41.11,417
41.12,292
41.13,412
41.14,387
41.15,323
41.16,359
41.17,399
41.18,285
41.19,373
41.2,389
41.21,263
41.22,376
41.23,400
41.24,286
41.25,362
41.26,354
41.27,269
41.28,370
41.29,250
41.3,389
41.31,368
41.32,276
41.33,372
41.34,358
41.35,252
41.36,342
41.37,340
41.38,258
41.39,359
41.4,358
41.41,290
41.42,334
41.43,344
41.44,262
41.45,381
41.46,348
41.47,277
41.48,340
41.49,340
41.5,234
41.51,336
41.52,315
41.53,262
41.54,376
41.55,271
41.56,354
41.57,388
41.58,279
41.59,337
41.6,336
41.61,276
41.62,359
41.63,335
41.64,284
41.65,358
41.66,362
41.67,256
41.68,366
41.69,339
41.7,292
41.71,331
41.72,330
41.73,229
41.74,326
41.75,349
41.76,283
41.77,340
41.78,267
41.79,353
41.8,404
41.81,259
41.82,365
41.83,349
41.84,288
41.85,375
41.86,393
41.87,312
41.88,380
41.89,371
41.9,299
41.91,398
41.92,415
41.93,341
41.94,435
41.95,482
41.96,340
41.97,561
41.98,629
41.99,636
42,1030
42.01,621
42.02,626
42.03,536
42.04,382
42.05,462
42.06,458
42.07,334
42.08,405
42.09,378
42.1,307
42.11,409
42.12,365
42.13,268
42.14,377
42.15,320
42.16,286
42.17,338
42.18,380
42.19,274
42.2,378
42.21,329
42.22,285
42.23,290
42.24,241
42.25,334
42.26,353
42.27,253
42.28,321
42.29,348
42.3,254
42.31,358
42.32,330
42.33,237
42.34,343
42.35,326
42.36,266
42.37,336
42.38,330
42.39,251
42.4,350
42.41,294
42.42,223
42.43,327
42.44,335
42.45,258
42.46,322
42.47,241
42.48,312
42.49,360
42.5,256
42.51,300
42.52,320
42.53,236
42.54,314
42.55,327
42.56,260
42.57,341
42.58,362
42.59,227
42.6,341
42.61,327
42.62,232
42.63,307
42.64,324
42.65,271
42.66,317
42.67,346
42.68,251
42.69,354
42.7,355
42.71,242
42.72,307
42.73,268
42.74,334
42.75,350
42.76,279
42.77,337
42.78,331
42.79,249
42.8,333
42.81,334
42.82,262
42.83,331
42.84,333
42.85,260
42.86,344
42.87,353
42.88,273
42.89,399
42.9,363
42.91,290
42.92,359
42.93,390
42.94,291
42.95,412
42.96,308
42.97,451
42.98,504
42.99,488
43,749
43.01,564
43.02,360
43.03,483
43.04,452
43.05,318
43.06,409
43.07,386
43.08,322
43.09,364
43.1,384
43.11,283
43.12,342
43.13,300
43.14,247
43.15,355
43.16,337
43.17,246
43.18,335
43.19,258
43.2,316
43.21,340
43.22,219
43.23,347
43.24,310
43.25,255
43.26,329
43.27,339
43.28,236
43.29,326
43.3,335
43.31,248
43.32,310
43.33,315
43.34,243
43.35,295
43.36,337
43.37,226
43.38,333
43.39,319
43.4,212
43.41,322
43.42,209
43.43,324
43.44,315
43.45,233
43.46,333
43.47,337
43.48,236
43.49,343
43.5,318
43.51,248
43.52,327
43.53,297
43.54,229
43.55,301
43.56,308
43.57,246
43.58,316
43.59,341
43.6,245
43.61,310
43.62,334
43.63,258
43.64,356
43.65,243
43.66,301
43.67,338
43.68,255
43.69,337
43.7,327
43.71,222
43.72,317
43.73,328
43.74,225
43.75,299
43.76,298
43.77,215
43.78,341
43.79,319
43.8,232
43.81,316
43.82,312
43.83,246
43.84,306
43.85,361
43.86,247
43.87,408
43.88,282
43.89,381
43.9,393
43.91,309
43.92,474
43.93,454
43.94,319
43.95,482
43.96,551
43.97,459
43.98,806
43.99,1140
44,1118
44.01,908
44.02,619
44.03,414
44.04,490
44.05,444
44.06,317
44.07,382
44.08,365
44.09,277
44.1,349
44.11,362
44.12,257
44.13,320
44.14,247
44.15,353
44.16,319
44.17,206
44.18,300
44.19,341
44.2,226
44.21,320
44.22,314
44.23,243
44.24,311
44.25,317
44.26,239
44.27,304
44.28,290
44.29,210
44.3,301
44.31,326
44.32,209
44.33,294
44.34,309
44.35,229
44.36,314
44.37,223
44.38,300
44.39,294
44.4,226
44.41,308
44.42,301
44.43,219
44.44,319
44.45,305
44.46,221
44.47,299
44.48,291
44.49,213
44.5,262
44.51,294
44.52,251
44.53,302
44.54,282
44.55,220
44.56,309
44.57,299
44.58,224
44.59,304
44.6,223
44.61,279
44.62,307
44.63,222
44.64,290
44.65,291
44.66,223
44.67,315
44.68,288
44.69,218
44.7,292
44.71,310
44.72,212
44.73,300
44.74,270
44.75,239
44.76,291
44.77,284
44.78,215
44.79,346
44.8,312
44.81,256
44.82,312
44.83,209
44.84,325
44.85,311
44.86,226
44.87,298
44.88,334
44.89,241
44.9,302
44.91,337
44.92,263
44.93,330
44.94,360
44.95,312
44.96,428
44.97,420
44.98,366
44.99,658
45,779
45.01,448
45.02,460
45.03,377
45.04,275
45.05,382
45.06,281
45.07,361
45.08,333
45.09,256
45.1,316
45.11,308
45.12,221
45.13,307
45.14,320
45.15,225
45.16,321
45.17,306
45.18,229
45.19,300
45.2,296
45.21,217
45.22,322
45.23,326
45.24,177
45.25,298
45.26,292
45.27,217
45.28,309
45.29,234
45.3,298
45.31,290
45.32,235
45.33,280
45.34,273
45.35,213
45.36,274
45.37,258
45.38,220
45.39,285
45.4,289
45.41,204
45.42,294
45.43,293
45.44,205
45.45,281
45.46,295
45.47,199
45.48,263
45.49,276
45.5,235
45.51,296
45.52,270
45.53,244
45.54,273
45.55,225
45.56,283
45.57,283
45.58,189
45.59,293
45.6,296
45.61,206
45.62,301
45.63,284
45.64,221
45.65,287
45.66,298
45.67,210
45.68,252
45.69,291
45.7,198
45.71,267
45.72,286
45.73,192
45.74,264
45.75,280
45.76,203
45.77,268
45.78,242
45.79,293
45.8,319
45.81,200
45.82,311
45.83,283
45.84,232
45.85,305
45.86,317
45.87,250
45.88,317
45.89,317
45.9,250
45.91,330
45.92,326
45.93,247
45.94,380
45.95,381
45.96,302
45.97,434
45.98,537
45.99,512
46,823
46.01,463
46.02,447
46.03,428
46.04,310
46.05,352
46.06,381
46.07,276
46.08,329
46.09,329
46.1,224
46.11,313
46.12,296
46.13,241
46.14,322
46.15,278
46.16,243
46.17,296
46.18,314
46.19,215
46.2,301
46.21,307
46.22,204
46.23,271
46.24,236
46.25,268
46.26,292
46.27,218
46.28,297
46.29,268
46.3,214
46.31,251
46.32,296
46.33,217
46.34,250
46.35,283
46.36,210
46.37,253
46.38,295
46.39,186
46.4,296
46.41,270
46.42,189
46.43,285
46.44,299
46.45,178
46.46,315
46.47,192
46.48,260
46.49,273
46.5,206
46.51,263
46.52,241
46.53,202
46.54,254
46.55,286
46.56,178
46.57,253
46.58,274
46.59,213
46.6,276
46.61,256
46.62,209
46.63,268
46.64,269
46.65,215
46.66,260
46.67,265
46.68,198
46.69,269
46.7,291
46.71,204
46.72,271
46.73,198
46.74,284
46.75,262
46.76,190
46.77,248
46.78,284
46.79,193
46.8,283
46.81,255
46.82,218
46.83,276
46.84,293
46.85,211
46.86,271
46.87,285
46.88,234
46.89,292
46.9,280
46.91,221
46.92,322
46.93,348
46.94,225
46.95,322
46.96,262
46.97,372
46.98,404
46.99,410
47,599
47.01,542
47.02,329
47.03,378
47.04,370
47.05,291
47.06,321
47.07,368
47.08,279
47.09,299
47.1,317
47.11,239
47.12,301
47.13,298
47.14,219
47.15,275
47.16,271
47.17,225
47.18,265
47.19,208
47.2,266
47.21,236
47.22,229
47.23,263
47.24,275
47.25,181
47.26,284
47.27,248
47.28,188
47.29,284
47.3,238
47.31,202
47.32,250
47.33,244
47.34,209
47.35,247
47.36,273
47.37,197
47.38,264
47.39,272
47.4,203
47.41,258
47.42,189
47.43,271
47.44,266
47.45,204
47.46,254
47.47,256
47.48,201
47.49,277
47.5,254
47.51,207
47.52,279
47.53,281
47.54,185
47.55,285
47.56,296
47.57,201
47.58,261
47.59,254
47.6,214
47.61,281
47.62,242
47.63,224
47.64,291
47.65,203
47.66,283
47.67,274
47.68,206
47.69,265
47.7,303
47.71,189
47.72,282
47.73,256
47.74,179
47.75,266
47.76,258
47.77,189
47.78,265
47.79,292
47.8,217
47.81,262
47.82,274
47.83,207
47.84,265
47.85,275
47.86,219
47.87,330
47.88,244
47.89,359
47.9,344
47.91,258
47.92,370
47.93,396
47.94,312
47.95,415
47.96,447
47.97,388
47.98,680
47.99,1110
48,955
48.01,784
48.02,570
48.03,330
48.04,448
48.05,403
48.06,276
48.07,316
48.08,313
48.09,228
48.1,279
48.11,297
48.12,262
48.13,284
48.14,215
48.15,263
48.16,287
48.17,224
48.18,294
48.19,259
48.2,198
48.21,275
48.22,277
48.23,194
48.24,250
48.25,242
48.26,194
48.27,258
48.28,229
48.29,195
48.3,222
48.31,270
48.32,187
48.33,275
48.34,246
48.35,181
48.36,254
48.37,176
48.38,264
48.39,240
48.4,215
48.41,259
48.42,257
48.43,203
48.44,242
48.45,257
48.46,162
48.47,234
48.48,227
48.49,187
48.5,234
48.51,262
48.52,216
48.53,256
48.54,264
48.55,194
48.56,224
48.57,234
48.58,175
48.59,212
48.6,185
48.61,243
48.62,242
48.63,175
48.64,220
48.65,247
48.66,203
48.67,270
48.68,259
48.69,179
48.7,264
48.71,283
48.72,177
48.73,260
48.74,257
48.75,158
48.76,260
48.77,250
48.78,176
48.79,261
48.8,258
48.81,189
48.82,231
48.83,192
48.84,261
48.85,226
48.86,188
48.87,276
48.88,245
48.89,207
48.9,274
48.91,273
48.92,212
48.93,285
48.94,278
48.95,217
48.96,335
48.97,356
48.98,288
48.99,473
49,586
49.01,323
49.02,391
49.03,348
49.04,223
49.05,309
49.06,234
49.07,288
49.08,283
49.09,204
49.1,301
49.11,270
49.12,192
49.13,266
49.14,270
49.15,193
49.16,254
49.17,236
49.18,183
49.19,245
49.2,253
49.21,180
49.22,227
49.23,221
49.24,190
49.25,230
49.26,230
49.27,182
49.28,236
49.29,172
49.3,238
49.31,268
49.32,149
49.33,246
49.34,240
49.35,203
49.36,245
49.37,266
49.38,181
49.39,261
49.4,233
49.41,165
49.42,259
49.43,233
49.44,182
49.45,253
49.46,247
49.47,169
49.48,247
49.49,262
49.5,193
49.51,255
49.52,240
49.53,193
49.54,238
49.55,172
49.56,284
49.57,219
49.58,187
49.59,252
49.6,211
49.61,175
49.62,242
49.63,244
49.64,190
49.65,244
49.66,245
49.67,187
49.68,226
49.69,262
49.7,165
49.71,243
49.72,230
49.73,192
49.74,212
49.75,272
49.76,163
49.77,235
49.78,186
49.79,297
49.8,244
49.81,191
49.82,245
49.83,238
49.84,203
49.85,281
49.86,285
49.87,202
49.88,278
49.89,294
49.9,214
49.91,312
49.92,290
49.93,223
49.94,350
49.95,343
49.96,273
49.97,441
49.98,484
49.99,461
50,770
50.01,427
50.02,414
50.03,383
50.04,278
50.05,325
50.06,312
50.07,219
50.08,299
50.09,270
50.1,180
50.11,273
50.12,270
50.13,204
50.14,281
50.15,257
50.16,174
50.17,264
50.18,258
50.19,178
50.2,213
50.21,245
50.22,165
50.23,245
50.24,185
50.25,237
50.26,242
50.27,188
50.28,248
50.29,242
50.3,154
50.31,239
50.32,225
50.33,185
50.34,212
50.35,267
50.36,196
50.37,252
50.38,221
50.39,170
50.4,223
50.41,216
50.42,158
50.43,247
50.44,247
50.45,189
50.46,233
50.47,169
50.48,257
50.49,255
50.5,160
50.51,214
50.52,234
50.53,183
50.54,232
50.55,253
50.56,185
50.57,243
50.58,225
50.59,159
50.6,245
50.61,231
50.62,170
50.63,251
50.64,234
50.65,191
50.66,242
50.67,218
50.68,193
50.69,249
50.7,240
50.71,174
50.72,228
50.73,164
50.74,250
50.75,259
50.76,174
50.77,233
50.78,250
50.79,188
50.8,263
50.81,252
50.82,178
50.83,225
50.84,227
50.85,174
50.86,241
50.87,272
50.88,204
50.89,274
50.9,278
50.91,197
50.92,258
50.93,286
50.94,217
50.95,282
50.96,248
50.97,336
50.98,346
50.99,362
51,593
51.01,441
51.02,266
51.03,334
51.04,316
51.05,202
51.06,318
51.07,293
51.08,208
51.09,254
51.1,285
51.11,186
51.12,288
51.13,236
51.14,208
51.15,227
51.16,238
51.17,189
51.18,235
51.19,198
51.2,249
51.21,255
51.22,181
51.23,256
51.24,222
51.25,171
51.26,250
51.27,218
51.28,152
51.29,226
51.3,238
51.31,141
51.32,245
51.33,233
51.34,179
51.35,219
51.36,225
51.37,148
51.38,257
51.39,235
51.4,172
51.41,261
51.42,170
51.43,205
51.44,231
51.45,174
51.46,232
51.47,240
51.48,213
51.49,250
51.5,232
51.51,148
51.52,204
51.53,205
51.54,181
51.55,237
51.56,239
51.57,181
51.58,251
51.59,237
51.6,162
51.61,218
51.62,247
51.63,185
51.64,225
51.65,186
51.66,268
51.67,227
51.68,176
51.69,215
51.7,219
51.71,161
51.72,212
51.73,242
51.74,140
51.75,247
51.76,231
51.77,156
51.78,219
51.79,235
51.8,181
51.81,233
51.82,241
51.83,157
51.84,259
51.85,290
51.86,201
51.87,291
51.88,241
51.89,308
51.9,310
51.91,227
51.92,331
51.93,368
51.94,289
51.95,454
51.96,452
51.97,384
51.98,616
51.99,897
52,794
52.01,697
52.02,487
52.03,328
52.04,342
52.05,334
52.06,222
52.07,292
52.08,279
52.09,218
52.1,275
52.11,234
52.12,206
52.13,245
52.14,159
52.15,255
52.16,215
52.17,190
52.18,229
52.19,246
52.2,176
52.21,218
52.22,239
52.23,166
52.24,234
52.25,237
52.26,171
52.27,204
52.28,211
52.29,163
52.3,223
52.31,213
52.32,180
52.33,220
52.34,222
52.35,202
52.36,223
52.37,149
52.38,206
52.39,200
52.4,140
52.41,218
52.42,231
52.43,177
52.44,217
52.45,202
52.46,166
52.47,223
52.48,213
52.49,167
52.5,224
52.51,235
52.52,178
52.53,225
52.54,192
52.55,177
52.56,200
52.57,199
52.58,161
52.59,216
52.6,160
52.61,202
52.62,217
52.63,157
52.64,241
52.65,212
52.66,133
52.67,260
52.68,210
52.69,140
52.7,199
52.71,242
52.72,163
52.73,208
52.74,223
52.75,162
52.76,194
52.77,205
52.78,193
52.79,211
52.8,215
52.81,150
52.82,214
52.83,169
52.84,230
52.85,209
52.86,163
52.87,238
52.88,267
52.89,182
52.9,227
52.91,272
52.92,187
52.93,256
52.94,261
52.95,212
52.96,289
52.97,312
52.98,268
52.99,401
53,501
53.01,303
53.02,308
53.03,300
53.04,221
53.05,289
53.06,199
53.07,256
53.08,258
53.09,194
53.1,247
53.11,240
53.12,171
53.13,238
53.14,225
53.15,168
53.16,214
53.17,216
53.18,164
53.19,237
53.2,230
53.21,156
53.22,206
53.23,197
53.24,171
53.25,212
53.26,221
53.27,154
53.28,197
53.29,179
53.3,199
53.31,206
53.32,165
53.33,216
53.34,203
53.35,157
53.36,219
53.37,210
53.38,160
53.39,200
53.4,209
53.41,137
53.42,214
53.43,199
53.44,153
53.45,206
53.46,187
53.47,147
53.48,211
53.49,196
53.5,147
53.51,213
53.52,180
53.53,179
53.54,196
53.55,176
53.56,230
53.57,198
53.58,162
53.59,198
53.6,209
53.61,148
53.62,186
53.63,233
53.64,161
53.65,207
53.66,218
53.67,150
53.68,180
53.69,188
53.7,148
53.71,181
53.72,213
53.73,140
53.74,240
53.75,215
53.76,145
53.77,225
53.78,157
53.79,190
53.8,212
53.81,154
53.82,222
53.83,213
53.84,180
53.85,233
53.86,239
53.87,189
53.88,247
53.89,241
53.9,182
53.91,264
53.92,265
53.93,207
53.94,286
53.95,303
53.96,253
53.97,339
53.98,413
53.99,429
54,620
54.01,399
54.02,379
54.03,323
54.04,242
54.05,276
54.06,252
54.07,190
54.08,245
54.09,236
54.1,178
54.11,233
54.12,224
54.13,164
54.14,219
54.15,200
54.16,179
54.17,224
54.18,210
54.19,157
54.2,205
54.21,187
54.22,144
54.23,196
54.24,161
54.25,210
54.26,203
54.27,152
54.28,216
54.29,186
54.3,121
54.31,197
54.32,201
54.33,154
54.34,200
54.35,206
54.36,140
54.37,223
54.38,188
54.39,163
54.4,197
54.41,201
54.42,151
54.43,199
54.44,193
54.45,175
54.46,193
54.47,144
54.48,186
54.49,189
54.5,133
54.51,195
54.52,188
54.53,139
54.54,194
54.55,213
54.56,166
54.57,206
54.58,168
54.59,146
54.6,200
54.61,179
54.62,149
54.63,196
54.64,193
54.65,136
54.66,221
54.67,194
54.68,146
54.69,163
54.7,197
54.71,171
54.72,197
54.73,134
54.74,222
54.75,206
54.76,149
54.77,186
54.78,217
54.79,143
54.8,213
54.81,199
54.82,158
54.83,221
54.84,199
54.85,171
54.86,199
54.87,212
54.88,155
54.89,225
54.9,224
54.91,187
54.92,215
54.93,250
54.94,186
54.95,252
54.96,189
54.97,266
54.98,306
54.99,277
55,445
55.01,367
55.02,234
55.03,253
55.04,264
55.05,174
55.06,229
55.07,205
55.08,158
55.09,223
55.1,222
55.11,149
55.12,196
55.13,213
55.14,165
55.15,204
55.16,208
55.17,162
55.18,208
55.19,146
55.2,209
55.21,211
55.22,165
55.23,195
55.24,201
55.25,151
55.26,191
55.27,221
55.28,160
55.29,207
55.3,207
55.31,142
55.32,189
55.33,185
55.34,142
55.35,193
55.36,194
55.37,171
55.38,201
55.39,187
55.4,146
55.41,203
55.42,136
55.43,202
55.44,169
55.45,135
55.46,189
55.47,188
55.48,140
55.49,192
55.5,214
55.51,123
55.52,178
55.53,160
55.54,161
55.55,220
55.56,173
55.57,146
55.58,187
55.59,215
55.6,139
55.61,189
55.62,182
55.63,142
55.64,168
55.65,140
55.66,191
55.67,200
55.68,157
55.69,190
55.7,193
55.71,145
55.72,168
55.73,191
55.74,138
55.75,199
55.76,220
55.77,149
55.78,200
55.79,192
55.8,135
55.81,211
55.82,216
55.83,160
55.84,203
55.85,189
55.86,175
55.87,237
55.88,210
55.89,272
55.9,282
55.91,190
55.92,315
55.93,319
55.94,260
55.95,334
55.96,381
55.97,317
55.98,542
55.99,756
56,640
56.01,572
56.02,372
56.03,243
56.04,296
56.05,288
56.06,193
56.07,278
56.08,242
56.09,196
56.1,217
56.11,197
56.12,153
56.13,201
56.14,136
56.15,198
56.16,207
56.17,167
56.18,182
56.19,214
56.2,158
56.21,200
56.22,179
56.23,137
56.24,218
56.25,183
56.26,125
56.27,177
56.28,173
56.29,144
56.3,192
56.31,174
56.32,127
56.33,179
56.34,169
56.35,118
56.36,179
56.37,140
56.38,167
56.39,185
56.4,113
56.41,189
56.42,205
56.43,144
56.44,189
56.45,188
56.46,123
56.47,167
56.48,197
56.49,119
56.5,202
56.51,158
56.52,145
56.53,164
56.54,189
56.55,124
56.56,165
56.57,174
56.58,143
56.59,172
56.6,152
56.61,175
56.62,185
56.63,133
56.64,184
56.65,197
56.66,146
56.67,175
56.68,193
56.69,133
56.7,196
56.71,186
56.72,126
56.73,212
56.74,209
56.75,157
56.76,169
56.77,172
56.78,130
56.79,221
56.8,203
56.81,132
56.82,184
56.83,135
56.84,201
56.85,189
56.86,132
56.87,198
56.88,204
56.89,155
56.9,234
56.91,219
56.92,137
56.93,225
56.94,239
56.95,162
56.96,254
56.97,256
56.98,251
56.99,331
57,381
57.01,250
57.02,236
57.03,232
57.04,184
57.05,231
57.06,165
57.07,197
57.08,215
57.09,156
57.1,190
57.11,215
57.12,153
57.13,188
57.14,203
57.15,155
57.16,165
57.17,203
57.18,128
57.19,186
57.2,178
57.21,133
57.22,167
57.23,188
57.24,133
57.25,187
57.26,176
57.27,133
57.28,184
57.29,140
57.3,176
57.31,170
57.32,132
57.33,171
57.34,199
57.35,141
57.36,193
57.37,165
57.38,151
57.39,176
57.4,158
57.41,138
57.42,161
57.43,169
57.44,133
57.45,183
57.46,163
57.47,122
57.48,200
57.49,176
57.5,113
57.51,183
57.52,182
57.53,128
57.54,182
57.55,136
57.56,169
57.57,155
57.58,125
57.59,177
57.6,173
57.61,145
57.62,168
57.63,207
57.64,123
57.65,165
57.66,185
57.67,139
57.68,170
57.69,181
57.7,120
57.71,185
57.72,174
57.73,138
57.74,191
57.75,175
57.76,151
57.77,184
57.78,135
57.79,180
57.8,174
57.81,143
57.82,183
57.83,177
57.84,134
57.85,179
57.86,189
57.87,153
57.88,214
57.89,208
57.9,151
57.91,223
57.92,222
57.93,181
57.94,253
57.95,297
57.96,213
57.97,317
57.98,358
57.99,359
58,531
58.01,344
58.02,313
58.03,247
58.04,176
58.05,234
58.06,245
58.07,163
58.08,211
58.09,196
58.1,123
58.11,208
58.12,166
58.13,117
58.14,191
58.15,167
58.16,130
58.17,149
58.18,176
58.19,118
58.2,184
58.21,170
58.22,118
58.23,176
58.24,136
58.25,162
58.26,170
58.27,123
58.28,171
58.29,182
58.3,115
58.31,181
58.32,178
58.33,116
58.34,158
58.35,190
58.36,106
58.37,158
58.38,148
58.39,121
58.4,145
58.41,147
58.42,129
58.43,174
58.44,163
58.45,125
58.46,187
58.47,118
58.48,167
58.49,147
58.5,122
58.51,162
58.52,168
58.53,136
58.54,163
58.55,162
58.56,122
58.57,180
58.58,150
58.59,131
58.6,177
58.61,174
58.62,132
58.63,173
58.64,145
58.65,124
58.66,177
58.67,162
58.68,125
58.69,185
58.7,157
58.71,129
58.72,193
58.73,141
58.74,180
58.75,175
58.76,134
58.77,175
58.78,168
58.79,128
58.8,182
58.81,167
58.82,117
58.83,181
58.84,170
58.85,136
58.86,201
58.87,165
58.88,152
58.89,170
58.9,197
58.91,154
58.92,195
58.93,202
58.94,127
58.95,208
58.96,178
58.97,245
58.98,246
58.99,217
59,363
59.01,272
59.02,170
59.03,188
59.04,210
59.05,144
59.06,193
59.07,178
59.08,151
59.09,154
59.1,192
59.11,133
59.12,187
59.13,166
59.14,125
59.15,179
59.16,175
59.17,128
59.18,159
59.19,136
59.2,161
59.21,164
59.22,124
59.23,167
59.24,177
59.25,119
59.26,164
59.27,146
59.28,120
59.29,183
59.3,159
59.31,129
59.32,155
59.33,146
59.34,112
59.35,164
59.36,147
59.37,129
59.38,139
59.39,144
59.4,128
59.41,162
59.42,120
59.43,155
59.44,158
59.45,118
59.46,128
59.47,175
59.48,110
59.49,175
59.5,139
59.51,103
59.52,153
59.53,149
59.54,119
59.55,163
59.56,163
59.57,132
59.58,150
59.59,165
59.6,132
59.61,166
59.62,173
59.63,120
59.64,178
59.65,117
59.66,177
59.67,172
59.68,121
59.69,150
59.7,167
59.71,131
59.72,168
59.73,167
59.74,119
59.75,168
59.76,146
59.77,122
59.78,173
59.79,181
59.8,124
59.81,183
59.82,145
59.83,113
59.84,176
59.85,196
59.86,183
59.87,225
59.88,158
59.89,237
59.9,226
59.91,186
59.92,252
59.93,273
59.94,195
59.95,309
59.96,353
59.97,275
59.98,416
59.99,585
60,430
60.01,402
60.02,291
60.03,223
60.04,234
60.05,256
60.06,170
60.07,221
60.08,218
60.09,144
60.1,195
60.11,179
60.12,118
60.13,168
60.14,124
60.15,183
60.16,162
60.17,128
60.18,140
60.19,157
60.2,110
60.21,165
60.22,149
60.23,121
60.24,134
60.25,147
60.26,105
60.27,169
60.28,137
60.29,115
60.3,155
60.31,152
60.32,108
60.33,170
60.34,145
60.35,109
60.36,141
60.37,113
60.38,136
60.39,136
60.4,113
60.41,157
60.42,143
60.43,104
60.44,148
60.45,142
60.46,110
60.47,152
60.48,147
60.49,130
60.5,145
60.51,148
60.52,125
60.53,165
60.54,171
60.55,123
60.56,127
60.57,155
60.58,105
60.59,170
60.6,101
60.61,145
60.62,159
60.63,104
60.64,154
60.65,168
60.66,117
60.67,169
60.68,184
60.69,119
60.7,152
60.71,158
60.72,132
60.73,168
60.74,161
60.75,102
60.76,157
60.77,151
60.78,112
60.79,154
60.8,182
60.81,114
60.82,149
60.83,114
60.84,163
60.85,156
60.86,136
60.87,172
60.88,155
60.89,114
60.9,166
60.91,174
60.92,125
60.93,184
60.94,205
60.95,145
60.96,211
60.97,212
60.98,190
60.99,276
61,302
61.01,203
61.02,177
61.03,190
61.04,141
61.05,178
61.06,127
61.07,177
61.08,167
61.09,116
61.1,140
61.11,141
61.12,136
61.13,158
61.14,173
61.15,96
61.16,144
61.17,171
61.18,97
61.19,153
61.2,149
61.21,113
61.22,156
61.23,159
61.24,120
61.25,141
61.26,133
61.27,100
61.28,158
61.29,114
61.3,163
61.31,150
61.32,120
61.33,133
61.34,155
61.35,95
61.36,132
61.37,148
61.38,99
61.39,150
61.4,138
61.41,114
61.42,163
61.43,138
61.44,95
61.45,152
61.46,125
61.47,86
61.48,156
61.49,143
61.5,100
61.51,134
61.52,146
61.53,103
61.54,134
61.55,107
61.56,147
61.57,134
61.58,110
61.59,142
61.6,162
61.61,118
61.62,159
61.63,160
61.64,122
61.65,125
61.66,154
61.67,111
61.68,143
61.69,152
61.7,98
61.71,169
61.72,146
61.73,93
61.74,161
61.75,154
61.76,112
61.77,147
61.78,120
61.79,155
61.8,139
61.81,121
61.82,145
61.83,163
61.84,122
61.85,177
61.86,152
61.87,141
61.88,194
61.89,188
61.9,141
61.91,176
61.92,182
61.93,146
61.94,198
61.95,230
61.96,183
61.97,271
61.98,306
61.99,279
62,456
62.01,222
62.02,243
62.03,199
62.04,157
62.05,192
62.06,196
62.07,134
62.08,181
62.09,161
62.1,109
62.11,165
62.12,149
62.13,103
62.14,161
62.15,161
62.16,107
62.17,163
62.18,129
62.19,119
62.2,151
62.21,157
62.22,119
62.23,151
62.24,124
62.25,150
62.26,146
62.27,130
62.28,142
62.29,151
62.3,93
62.31,136
62.32,155
62.33,100
62.34,143
62.35,156
62.36,106
62.37,146
62.38,152
62.39,94
62.4,143
62.41,138
62.42,104
62.43,153
62.44,134
62.45,94
62.46,123
62.47,109
62.48,140
62.49,131
62.5,109
62.51,129
62.52,158
62.53,121
62.54,129
62.55,137
62.56,107
62.57,141
62.58,127
62.59,126
62.6,140
62.61,131
62.62,114
62.63,144
62.64,114
62.65,115
62.66,134
62.67,125
62.68,109
62.69,142
62.7,136
62.71,98
62.72,136
62.73,107
62.74,142
62.75,134
62.76,122
62.77,143
62.78,153
62.79,115
62.8,171
62.81,127
62.82,117
62.83,149
62.84,138
62.85,105
62.86,141
62.87,153
62.88,110
62.89,155
62.9,162
62.91,135
62.92,159
62.93,148
62.94,112
62.95,161
62.96,138
62.97,219
62.98,188
62.99,200
63,250
63.01,221
63.02,132
63.03,161
63.04,172
63.05,113
63.06,168
63.07,170
63.08,100
63.09,138
63.1,133
63.11,121
63.12,158
63.13,145
63.14,97
63.15,140
63.16,163
63.17,123
63.18,131
63.19,105
63.2,132
63.21,135
63.22,106
63.23,137
63.24,145
63.25,105
63.26,125
63.27,156
63.28,87
63.29,147
63.3,149
63.31,97
63.32,133
63.33,130
63.34,96
63.35,141
63.36,118
63.37,101
63.38,139
63.39,145
63.4,97
63.41,118
63.42,107
63.43,125
63.44,140
63.45,96
63.46,118
63.47,142
63.48,92
63.49,123
63.5,138
63.51,97
63.52,125
63.53,129
63.54,101
63.55,127
63.56,135
63.57,111
63.58,131
63.59,136
63.6,85
63.61,149
63.62,126
63.63,102
63.64,144
63.65,90
63.66,141
63.67,133
63.68,108
63.69,130
63.7,132
63.71,94
63.72,126
63.73,129
63.74,92
63.75,124
63.76,131
63.77,98
63.78,133
63.79,138
63.8,107
63.81,139
63.82,149
63.83,98
63.84,133
63.85,173
63.86,139
63.87,200
63.88,141
63.89,189
63.9,204
63.91,166
63.92,219
63.93,228
63.94,187
63.95,225
63.96,294
63.97,248
63.98,321
63.99,421
64,371
64.01,308
64.02,242
64.03,165
64.04,179
64.05,174
64.06,131
64.07,154
64.08,185
64.09,107
64.1,132
64.11,141
64.12,101
64.13,158
64.14,97
64.15,130
64.16,148
64.17,113
64.18,140
64.19,137
64.2,95
64.21,127
64.22,119
64.23,93
64.24,132
64.25,126
64.26,96
64.27,111
64.28,124
64.29,92
64.3,140
64.31,108
64.32,91
64.33,109
64.34,127
64.35,98
64.36,166
64.37,101
64.38,115
64.39,136
64.4,87
64.41,86
64.42,132
64.43,89
64.44,102
64.45,99
64.46,72
64.47,141
64.48,112
64.49,98
64.5,128
64.51,124
64.52,100
64.53,129
64.54,118
64.55,88
64.56,113
64.57,116
64.58,78
64.59,126
64.6,103
64.61,134
64.62,136
64.63,105
64.64,133
64.65,133
64.66,100
64.67,117
64.68,123
64.69,79
64.7,107
64.71,134
64.72,89
64.73,110
64.74,134
64.75,87
64.76,129
64.77,130
64.78,102
64.79,134
64.8,118
64.81,105
64.82,138
64.83,86
64.84,140
64.85,155
64.86,104
64.87,123
64.88,142
64.89,110
64.9,137
64.91,168
64.92,107
64.93,169
64.94,150
64.95,130
64.96,181
64.97,170
64.98,132
64.99,204
65,246
65.01,131
65.02,177
65.03,165
65.04,110
65.05,115
65.06,112
65.07,135
65.08,144
65.09,136
65.1,124
65.11,124
65.12,105
65.13,145
65.14,122
65.15,98
65.16,126
65.17,148
65.18,107
65.19,122
65.2,138
65.21,85
65.22,134
65.23,138
65.24,88
65.25,113
65.26,114
65.27,101
65.28,138
65.29,104
65.3,120
65.31,131
65.32,79
65.33,113
65.34,124
65.35,85
65.36,143
65.37,111
65.38,85
65.39,132
65.4,130
65.41,91
65.42,133
65.43,125
65.44,103
65.45,124
65.46,119
65.47,78
65.48,118
65.49,136
65.5,88
65.51,117
65.52,108
65.53,107
65.54,131
65.55,87
65.56,114
65.57,126
65.58,110
65.59,124
65.6,121
65.61,95
65.62,120
65.63,121
65.64,90
65.65,132
65.66,125
65.67,108
65.68,113
65.69,112
65.7,96
65.71,134
65.72,117
65.73,87
65.74,126
65.75,122
65.76,96
65.77,123
65.78,93
65.79,122
65.8,108
65.81,95
65.82,111
65.83,119
65.84,89
65.85,121
65.86,148
65.87,101
65.88,152
65.89,160
65.9,110
65.91,142
65.92,152
65.93,107
65.94,161
65.95,186
65.96,149
65.97,210
65.98,215
65.99,216
66,275
66.01,150
66.02,172
66.03,163
66.04,79
66.05,142
66.06,162
66.07,101
66.08,137
66.09,132
66.1,105
66.11,148
66.12,109
66.13,97
66.14,118
66.15,111
66.16,92
66.17,103
66.18,134
66.19,89
66.2,113
66.21,120
66.22,77
66.23,98
66.24,94
66.25,105
66.26,105
66.27,77
66.28,116
66.29,127
66.3,85
66.31,107
66.32,112
66.33,83
66.34,114
66.35,112
66.36,79
66.37,122
66.38,111
66.39,87
66.4,125
66.41,121
66.42,93
66.43,110
66.44,113
66.45,84
66.46,99
66.47,80
66.48,118
66.49,118
66.5,78
66.51,111
66.52,95
66.53,79
66.54,99
66.55,123
66.56,80
66.57,120
66.58,114
66.59,78
66.6,119
66.61,98
66.62,88
66.63,118
66.64,102
66.65,79
66.66,121
66.67,119
66.68,82
66.69,98
66.7,127
66.71,89
66.72,114
66.73,84
66.74,112
66.75,117
66.76,92
66.77,119
66.78,119
66.79,81
66.8,126
66.81,115
66.82,72
66.83,113
66.84,108
66.85,92
66.86,114
66.87,110
66.88,65
66.89,112
66.9,129
66.91,95
66.92,114
66.93,148
66.94,114
66.95,145
66.96,109
66.97,130
66.98,145
66.99,109
67,199
67.01,159
67.02,95
67.03,140
67.04,128
67.05,86
67.06,114
67.07,128
67.08,81
67.09,100
67.1,128
67.11,83
67.12,116
67.13,131
67.14,76
67.15,109
67.16,101
67.17,77
67.18,97
67.19,86
67.2,95
67.21,108
67.22,84
67.23,119
67.24,97
67.25,86
67.26,97
67.27,114
67.28,67
67.29,104
67.3,115
67.31,91
67.32,105
67.33,81
67.34,77
67.35,97
67.36,117
67.37,68
67.38,107
67.39,101
67.4,73
67.41,90
67.42,80
67.43,101
67.44,85
67.45,73
67.46,107
67.47,105
67.48,74
67.49,89
67.5,101
67.51,70
67.52,109
67.53,100
67.54,80
67.55,104
67.56,96
67.57,79
67.58,88
67.59,107
67.6,75
67.61,99
67.62,106
67.63,74
67.64,99
67.65,71
67.66,105
67.67,101
67.68,83
67.69,107
67.7,87
67.71,71
67.72,110
67.73,99
67.74,73
67.75,92
67.76,111
67.77,81
67.78,87
67.79,112
67.8,68
67.81,94
67.82,110
67.83,92
67.84,122
67.85,123
67.86,111
67.87,129
67.88,104
67.89,131
67.9,121
67.91,104
67.92,136
67.93,139
67.94,137
67.95,173
67.96,184
67.97,172
67.98,221
67.99,281
68,248
68.01,201
68.02,143
68.03,100
68.04,148
68.05,133
68.06,78
68.07,133
68.08,129
68.09,64
68.1,107
68.11,99
68.12,66
68.13,103
68.14,77
68.15,101
68.16,101
68.17,73
68.18,100
68.19,100
68.2,67
68.21,110
68.22,108
68.23,68
68.24,89
68.25,87
68.26,61
68.27,98
68.28,116
68.29,53
68.3,94
68.31,85
68.32,60
68.33,82
68.34,99
68.35,68
68.36,79
68.37,66
68.38,99
68.39,70
68.4,63
68.41,88
68.42,91
68.43,49
68.44,87
68.45,97
68.46,57
68.47,76
68.48,90
68.49,73
68.5,75
68.51,77
68.52,72
68.53,93
68.54,92
68.55,68
68.56,86
68.57,84
68.58,58
68.59,103
68.6,73
68.61,89
68.62,97
68.63,53
68.64,80
68.65,92
68.66,63
68.67,76
68.68,110
68.69,69
68.7,112
68.71,96
68.72,49
68.73,85
68.74,76
68.75,78
68.76,100
68.77,93
68.78,72
68.79,106
68.8,84
68.81,76
68.82,99
68.83,72
68.84,90
68.85,97
68.86,77
68.87,82
68.88,96
68.89,94
68.9,109
68.91,101
68.92,84
68.93,106
68.94,101
68.95,86
68.96,112
68.97,116
68.98,108
68.99,147
69,151
69.01,91
69.02,107
69.03,102
69.04,72
69.05,114
69.06,77
69.07,101
69.08,102
69.09,61
69.1,96
69.11,91
69.12,66
69.13,88
69.14,99
69.15,53
69.16,84
69.17,83
69.18,50
69.19,84
69.2,121
69.21,60
69.22,84
69.23,82
69.24,58
69.25,89
69.26,81
69.27,57
69.28,83
69.29,68
69.3,85
69.31,74
69.32,68
69.33,87
69.34,87
69.35,67
69.36,82
69.37,76
69.38,63
69.39,77
69.4,80
69.41,61
69.42,97
69.43,94
69.44,61
69.45,77
69.46,81
69.47,56
69.48,79
69.49,87
69.5,66
69.51,87
69.52,72
69.53,45
69.54,78
69.55,70
69.56,83
69.57,61
69.58,61
69.59,83
69.6,77
69.61,61
69.62,70
69.63,72
69.64,69
69.65,74
69.66,84
69.67,68
69.68,68
69.69,70
69.7,64
69.71,75
69.72,90
69.73,58
69.74,88
69.75,73
69.76,53
69.77,76
69.78,59
69.79,81
69.8,90
69.81,51
69.82,87
69.83,84
69.84,76
69.85,115
69.86,120
69.87,77
69.88,115
69.89,123
69.9,85
69.91,125
69.92,142
69.93,126
69.94,156
69.95,190
69.96,192
69.97,220
69.98,230
69.99,185
70,287
70.01,161
70.02,147
70.03,120
70.04,74
70.05,106
70.06,94
70.07,83
70.08,87
70.09,93
70.1,64
70.11,92
70.12,59
70.13,56
70.14,87
70.15,71
70.16,65
70.17,89
70.18,77
70.19,59
70.2,74
70.21,67
70.22,63
70.23,71
70.24,50
70.25,70
70.26,78
70.27,52
70.28,71
70.29,71
70.3,50
70.31,61
70.32,73
70.33,56
70.34,54
70.35,88
70.36,57
70.37,69
70.38,86
70.39,57
70.4,69
70.41,60
70.42,55
70.43,68
70.44,74
70.45,54
70.46,75
70.47,56
70.48,78
70.49,64
70.5,73
70.51,74
70.52,90
70.53,52
70.54,60
70.55,65
70.56,62
70.57,81
70.58,71
70.59,50
70.6,71
70.61,88
70.62,56
70.63,88
70.64,74
70.65,70
70.66,88
70.67,83
70.68,55
70.69,75
70.7,79
70.71,56
70.72,77
70.73,50
70.74,78
70.75,80
70.76,49
70.77,81
70.78,81
70.79,65
70.8,68
70.81,83
70.82,40
70.83,63
70.84,54
70.85,74
70.86,70
70.87,83
70.88,62
70.89,67
70.9,78
70.91,57
70.92,73
70.93,82
70.94,71
70.95,63
70.96,82
70.97,104
70.98,101
70.99,84
71,129
71.01,107
71.02,72
71.03,77
71.04,98
71.05,55
71.06,76
71.07,78
71.08,49
71.09,79
71.1,84
71.11,38
71.12,77
71.13,71
71.14,60
71.15,73
71.16,62
71.17,60
71.18,81
71.19,45
71.2,73
71.21,61
71.22,43
71.23,72
71.24,68
71.25,42
71.26,79
71.27,64
71.28,44
71.29,68
71.3,54
71.31,52
71.32,69
71.33,66
71.34,53
71.35,60
71.36,61
71.37,54
71.38,63
71.39,75
71.4,47
71.41,67
71.42,40
71.43,52
71.44,74
71.45,59
71.46,73
71.47,58
71.48,50
71.49,50
71.5,47
71.51,62
71.52,55
71.53,70
71.54,57
71.55,65
71.56,78
71.57,51
71.58,55
71.59,64
71.6,51
71.61,57
71.62,68
71.63,39
71.64,71
71.65,46
71.66,73
71.67,67
71.68,56
71.69,58
71.7,49
71.71,53
71.72,58
71.73,71
71.74,51
71.75,63
71.76,67
71.77,52
71.78,66
71.79,50
71.8,58
71.81,72
71.82,60
71.83,50
71.84,59
71.85,68
71.86,46
71.87,84
71.88,53
71.89,76
71.9,75
71.91,57
71.92,79
71.93,84
71.94,58
71.95,90
71.96,113
71.97,92
71.98,115
71.99,126
72,106
72.01,101
72.02,95
72.03,54
72.04,88
72.05,72
72.06,37
72.07,66
72.08,57
72.09,44
72.1,69
72.11,53
72.12,58
72.13,64
72.14,49
72.15,64
72.16,51
72.17,49
72.18,69
72.19,70
72.2,55
72.21,55
72.22,57
72.23,44
72.24,56
72.25,75
72.26,37
72.27,72
72.28,61
72.29,35
72.3,47
72.31,57
72.32,44
72.33,64
72.34,64
72.35,52
72.36,54
72.37,44
72.38,58
72.39,61
72.4,43
72.41,69
72.42,60
72.43,51
72.44,49
72.45,67
72.46,45
72.47,46
72.48,58
72.49,49
72.5,59
72.51,48
72.52,53
72.53,60
72.54,68
72.55,42
72.56,64
72.57,48
72.58,44
72.59,62
72.6,34
72.61,64
72.62,64
72.63,41
72.64,47
72.65,63
72.66,43
72.67,69
72.68,61
72.69,42
72.7,57
72.71,58
72.72,45
72.73,59
72.74,67
72.75,49
72.76,60
72.77,62
72.78,50
72.79,57
72.8,66
72.81,48
72.82,52
72.83,54
72.84,52
72.85,51
72.86,41
72.87,44
72.88,74
72.89,48
72.9,70
72.91,59
72.92,50
72.93,56
72.94,76
72.95,58
72.96,81
72.97,79
72.98,64
72.99,93
73,87
73.01,55
73.02,65
73.03,82
73.04,52
73.05,60
73.06,46
73.07,80
73.08,50
73.09,51
73.1,65
73.11,59
73.12,42
73.13,51
73.14,50
73.15,53
73.16,52
73.17,61
73.18,28
73.19,63
73.2,51
73.21,31
73.22,65
73.23,60
73.24,36
73.25,62
73.26,44
73.27,39
73.28,49
73.29,40
73.3,43
73.31,49
73.32,39
73.33,49
73.34,46
73.35,47
73.36,56
73.37,45
73.38,45
73.39,46
73.4,47
73.41,36
73.42,59
73.43,48
73.44,46
73.45,56
73.46,48
73.47,28
73.48,57
73.49,51
73.5,47
73.51,53
73.52,55
73.53,51
73.54,57
73.55,44
73.56,60
73.57,54
73.58,39
73.59,62
73.6,46
73.61,41
73.62,58
73.63,56
73.64,45
73.65,51
73.66,44
73.67,32
73.68,39
73.69,64
73.7,33
73.71,51
73.72,46
73.73,44
73.74,52
73.75,45
73.76,44
73.77,57
73.78,33
73.79,55
73.8,55
73.81,46
73.82,42
73.83,67
73.84,57
73.85,65
73.86,88
73.87,54
73.88,76
73.89,78
73.9,81
73.91,64
73.92,96
73.93,80
73.94,94
73.95,101
73.96,81
73.97,128
73.98,137
73.99,115
74,170
74.01,85
74.02,81
74.03,88
74.04,61
74.05,68
74.06,67
74.07,49
74.08,75
74.09,45
74.1,41
74.11,52
74.12,40
74.13,40
74.14,56
74.15,58
74.16,37
74.17,57
74.18,55
74.19,34
74.2,39
74.21,55
74.22,30
74.23,46
74.24,44
74.25,57
74.26,48
74.27,38
74.28,44
74.29,58
74.3,28
74.31,44
74.32,45
74.33,32
74.34,56
74.35,44
74.36,36
74.37,44
74.38,53
74.39,30
74.4,37
74.41,55
74.42,20
74.43,36
74.44,34
74.45,42
74.46,53
74.47,40
74.48,50
74.49,50
74.5,36
74.51,44
74.52,44
74.53,37
74.54,45
74.55,43
74.56,36
74.57,35
74.58,44
74.59,37
74.6,47
74.61,44
74.62,34
74.63,45
74.64,42
74.65,41
74.66,29
74.67,41
74.68,28
74.69,53
74.7,49
74.71,29
74.72,37
74.73,34
74.74,49
74.75,46
74.76,35
74.77,45
74.78,45
74.79,45
74.8,58
74.81,58
74.82,40
74.83,43
74.84,49
74.85,34
74.86,42
74.87,41
74.88,38
74.89,55
74.9,60
74.91,53
74.92,52
74.93,55
74.94,42
74.95,60
74.96,52
74.97,61
74.98,78
74.99,72
75,69
75.01,48
75.02,45
75.03,49
75.04,39
75.05,41
75.06,62
75.07,48
75.08,27
75.09,49
75.1,51
75.11,48
75.12,47
75.13,50
75.14,40
75.15,52
75.16,45
75.17,39
75.18,54
75.19,38
75.2,48
75.21,51
75.22,36
75.23,35
75.24,30
75.25,32
75.26,29
75.27,51
75.28,26
75.29,45
75.3,35
75.31,29
75.32,38
75.33,54
75.34,31
75.35,39
75.36,39
75.37,28
75.38,40
75.39,42
75.4,35
75.41,42
75.42,25
75.43,52
75.44,46
75.45,32
75.46,45
75.47,45
75.48,29
75.49,56
75.5,49
75.51,36
75.52,47
75.53,40
75.54,26
75.55,41
75.56,43
75.57,29
75.58,46
75.59,42
75.6,34
75.61,27
75.62,53
75.63,30
75.64,43
75.65,33
75.66,46
75.67,45
75.68,39
75.69,53
75.7,41
75.71,40
75.72,30
75.73,52
75.74,29
75.75,39
75.76,34
75.77,43
75.78,47
75.79,49
75.8,32
75.81,38
75.82,32
75.83,28
75.84,47
75.85,48
75.86,41
75.87,50
75.88,27
75.89,37
75.9,52
75.91,32
75.92,56
75.93,64
75.94,48
75.95,72
75.96,89
75.97,64
75.98,82
75.99,105
76,73
76.01,68
76.02,74
76.03,46
76.04,41
76.05,39
76.06,41
76.07,52
76.08,42
76.09,42
76.1,34
76.11,44
76.12,37
76.13,39
76.14,25
76.15,39
76.16,43
76.17,21
76.18,31
76.19,36
76.2,32
76.21,43
76.22,36
76.23,27
76.24,42
76.25,37
76.26,22
76.27,42
76.28,42
76.29,32
76.3,33
76.31,31
76.32,24
76.33,42
76.34,48
76.35,30
76.36,28
76.37,26
76.38,39
76.39,38
76.4,23
76.41,38
76.42,37
76.43,24
76.44,35
76.45,37
76.46,24
76.47,36
76.48,34
76.49,18
76.5,40
76.51,50
76.52,22
76.53,38
76.54,44
76.55,28
76.56,36
76.57,29
76.58,24
76.59,38
76.6,24
76.61,40
76.62,30
76.63,30
76.64,32
76.65,34
76.66,31
76.67,33
76.68,30
76.69,23
76.7,41
76.71,44
76.72,28
76.73,33
76.74,38
76.75,30
76.76,28
76.77,37
76.78,19
76.79,37
76.8,31
76.81,30
76.82,30
76.83,24
76.84,43
76.85,28
76.86,21
76.87,48
76.88,47
76.89,28
76.9,38
76.91,39
76.92,29
76.93,61
76.94,36
76.95,40
76.96,37
76.97,58
76.98,48
76.99,58
77,60
77.01,34
77.02,48
77.03,28
77.04,27
77.05,32
77.06,35
77.07,41
77.08,41
77.09,16
77.1,37
77.11,34
77.12,29
77.13,39
77.14,45
77.15,32
77.16,38
77.17,36
77.18,26
77.19,37
77.2,28
77.21,31
77.22,35
77.23,26
77.24,28
77.25,33
77.26,33
77.27,28
77.28,26
77.29,25
77.3,32
77.31,30
77.32,23
77.33,37
77.34,35
77.35,30
77.36,36
77.37,36
77.38,31
77.39,40
77.4,28
77.41,38
77.42,35
77.43,36
77.44,23
77.45,48
77.46,31
77.47,16
77.48,34
77.49,30
77.5,25
77.51,41
77.52,31
77.53,23
77.54,34
77.55,21
77.56,31
77.57,42
77.58,21
77.59,26
77.6,29
77.61,31
77.62,31
77.63,28
77.64,19
77.65,29
77.66,31
77.67,20
77.68,34
77.69,27
77.7,24
77.71,39
77.72,41
77.73,21
77.74,38
77.75,20
77.76,30
77.77,38
77.78,22
77.79,35
77.8,36
77.81,20
77.82,33
77.83,37
77.84,40
77.85,34
77.86,39
77.87,28
77.88,47
77.89,50
77.9,37
77.91,42
77.92,43
77.93,42
77.94,74
77.95,70
77.96,51
77.97,60
77.98,70
77.99,64
78,80
78.01,47
78.02,51
78.03,55
78.04,35
78.05,40
78.06,41
78.07,27
78.08,25
78.09,34
78.1,24
78.11,29
78.12,36
78.13,26
78.14,32
78.15,20
78.16,24
78.17,28
78.18,25
78.19,17
78.2,30
78.21,22
78.22,20
78.23,41
78.24,24
78.25,23
78.26,40
78.27,18
78.28,19
78.29,30
78.3,23
78.31,29
78.32,34
78.33,19
78.34,30
78.35,24
78.36,28
78.37,31
78.38,22
78.39,16
78.4,28
78.41,31
78.42,23
78.43,32
78.44,33
78.45,18
78.46,28
78.47,36
78.48,27
78.49,26
78.5,22
78.51,33
78.52,31
78.53,17
78.54,29
78.55,31
78.56,22
78.57,29
78.58,29
78.59,31
78.6,34
78.61,32
78.62,33
78.63,29
78.64,28
78.65,30
78.66,40
78.67,35
78.68,24
78.69,37
78.7,30
78.71,21
78.72,30
78.73,22
78.74,24
78.75,21
78.76,28
78.77,21
78.78,22
78.79,26
78.8,23
78.81,32
78.82,21
78.83,26
78.84,21
78.85,21
78.86,27
78.87,37
78.88,22
78.89,29
78.9,40
78.91,21
78.92,26
78.93,32
78.94,22
78.95,28
78.96,28
78.97,31
78.98,37
78.99,34
79,38
79.01,29
79.02,28
79.03,38
79.04,31
79.05,25
79.06,37
79.07,41
79.08,20
79.09,36
79.1,23
79.11,18
79.12,32
79.13,21
79.14,19
79.15,32
79.16,36
79.17,21
79.18,26
79.19,16
79.2,37
79.21,28
79.22,24
79.23,27
79.24,25
79.25,25
79.26,22
79.27,30
79.28,25
79.29,18
79.3,29
79.31,20
79.32,24
79.33,24
79.34,19
79.35,32
79.36,25
79.37,14
79.38,27
79.39,26
79.4,10
79.41,25
79.42,17
79.43,24
79.44,19
79.45,22
79.46,22
79.47,21
79.48,18
79.49,24
79.5,22
79.51,15
79.52,27
79.53,23
79.54,17
79.55,17
79.56,34
79.57,23
79.58,18
79.59,35
79.6,15
79.61,36
79.62,20
79.63,12
79.64,25
79.65,23
79.66,23
79.67,25
79.68,18
79.69,29
79.7,28
79.71,17
79.72,34
79.73,18
79.74,18
79.75,32
79.76,37
79.77,19
79.78,22
79.79,24
79.8,19
79.81,25
79.82,27
79.83,26
79.84,35
79.85,35
79.86,21
79.87,34
79.88,33
79.89,35
79.9,47
79.91,20
79.92,44
79.93,49
79.94,38
79.95,44
79.96,53
79.97,44
79.98,66
79.99,51
80,51
80.01,64
80.02,40
80.03,27
80.04,41
80.05,26
80.06,25
80.07,21
80.08,38
80.09,21
80.1,25
80.11,29
80.12,17
80.13,21
80.14,17
80.15,21
80.16,24
80.17,11
80.18,21
80.19,23
80.2,25
80.21,24
80.22,30
80.23,15
80.24,27
80.25,25
80.26,16
80.27,19
80.28,21
80.29,20
80.3,21
80.31,21
80.32,17
80.33,19
80.34,31
80.35,23
80.36,19
80.37,27
80.38,19
80.39,19
80.4,16
80.41,20
80.42,11
80.43,11
80.44,12
80.45,21
80.46,16
80.47,18
80.48,27
80.49,15
80.5,18
80.51,20
80.52,16
80.53,13
80.54,17
80.55,18
80.56,13
80.57,19
80.58,16
80.59,26
80.6,11
80.61,42
80.62,22
80.63,12
80.64,23
80.65,21
80.66,17
80.67,27
80.68,25
80.69,19
80.7,21
80.71,21
80.72,22
80.73,26
80.74,29
80.75,11
80.76,26
80.77,20
80.78,15
80.79,22
80.8,25
80.81,20
80.82,25
80.83,17
80.84,23
80.85,26
80.86,26
80.87,24
80.88,13
80.89,22
80.9,23
80.91,25
80.92,11
80.93,30
80.94,24
80.95,25
80.96,31
80.97,31
80.98,21
80.99,38
81,28
81.01,21
81.02,23
81.03,21
81.04,21
81.05,16
81.06,16
81.07,29
81.08,19
81.09,18
81.1,23
81.11,26
81.12,15
81.13,17
81.14,32
81.15,18
81.16,30
81.17,24
81.18,23
81.19,16
81.2,29
81.21,21
81.22,17
81.23,26
81.24,13
81.25,22
81.26,15
81.27,27
81.28,20
81.29,16
81.3,23
81.31,24
81.32,19
81.33,25
81.34,22
81.35,12
81.36,16
81.37,25
81.38,18
81.39,17
81.4,23
81.41,22
81.42,15
81.43,22
81.44,17
81.45,21
81.46,23
81.47,17
81.48,27
81.49,20
81.5,5
81.51,27
81.52,25
81.53,16
81.54,23
81.55,20
81.56,19
81.57,19
81.58,16
81.59,24
81.6,22
81.61,14
81.62,22
81.63,21
81.64,20
81.65,24
81.66,24
81.67,9
81.68,26
81.69,19
81.7,16
81.71,17
81.72,13
81.73,20
81.74,18
81.75,16
81.76,10
81.77,24
81.78,14
81.79,18
81.8,18
81.81,10
81.82,16
81.83,26
81.84,17
81.85,26
81.86,24
81.87,22
81.88,28
81.89,31
81.9,31
81.91,22
81.92,38
81.93,24
81.94,27
81.95,36
81.96,30
81.97,49
81.98,58
81.99,42
82,53
82.01,25
82.02,32
82.03,25
82.04,32
82.05,29
82.06,33
82.07,15
82.08,19
82.09,22
82.1,14
82.11,30
82.12,16
82.13,13
82.14,19
82.15,17
82.16,10
82.17,18
82.18,24
82.19,12
82.2,19
82.21,19
82.22,19
82.23,14
82.24,15
82.25,21
82.26,18
82.27,15
82.28,28
82.29,19
82.3,17
82.31,29
82.32,17
82.33,16
82.34,23
82.35,18
82.36,19
82.37,20
82.38,22
82.39,17
82.4,20
82.41,20
82.42,13
82.43,20
82.44,19
82.45,11
82.46,21
82.47,26
82.48,17
82.49,21
82.5,14
82.51,16
82.52,20
82.53,15
82.54,19
82.55,16
82.56,12
82.57,13
82.58,17
82.59,14
82.6,15
82.61,24
82.62,17
82.63,9
82.64,18
82.65,10
82.66,16
82.67,13
82.68,16
82.69,17
82.7,19
82.71,13
82.72,19
82.73,14
82.74,21
82.75,13
82.76,20
82.77,20
82.78,13
82.79,18
82.8,25
82.81,22
82.82,18
82.83,21
82.84,14
82.85,15
82.86,11
82.87,22
82.88,13
82.89,23
82.9,21
82.91,19
82.92,25
82.93,22
82.94,21
82.95,17
82.96,15
82.97,22
82.98,32
82.99,18
83,29
83.01,24
83.02,8
83.03,25
83.04,14
83.05,22
83.06,12
83.07,16
83.08,12
83.09,23
83.1,16
83.11,16
83.12,11
83.13,17
83.14,9
83.15,11
83.16,15
83.17,16
83.18,12
83.19,11
83.2,11
83.21,16
83.22,6
83.23,11
83.24,15
83.25,9
83.26,20
83.27,16
83.28,11
83.29,8
83.3,14
83.31,10
83.32,17
83.33,19
83.34,9
83.35,18
83.36,15
83.37,16
83.38,17
83.39,14
83.4,14
83.41,16
83.42,15
83.43,17
83.44,22
83.45,9
83.46,10
83.47,21
83.48,15
83.49,14
83.5,21
83.51,15
83.52,13
83.53,10
83.54,17
83.55,11
83.56,18
83.57,12
83.58,9
83.59,15
83.6,10
83.61,24
83.62,15
83.63,13
83.64,14
83.65,14
83.66,17
83.67,19
83.68,11
83.69,15
83.7,13
83.71,15
83.72,20
83.73,19
83.74,10
83.75,21
83.76,23
83.77,14
83.78,18
83.79,20
83.8,13
83.81,10
83.82,13
83.83,11
83.84,10
83.85,15
83.86,14
83.87,23
83.88,27
83.89,21
83.9,19
83.91,15
83.92,24
83.93,21
83.94,22
83.95,33
83.96,26
83.97,23
83.98,30
83.99,24
84,22
84.01,16
84.02,21
84.03,12
84.04,14
84.05,14
84.06,17
84.07,19
84.08,11
84.09,8
84.1,18
84.11,14
84.12,8
84.13,15
84.14,9
84.15,19
84.16,22
84.17,10
84.18,15
84.19,11
84.2,7
84.21,15
84.22,17
84.23,11
84.24,14
84.25,10
84.26,9
84.27,7
84.28,11
84.29,9
84.3,13
84.31,12
84.32,8
84.33,13
84.34,13
84.35,8
84.36,18
84.37,5
84.38,15
84.39,9
84.4,10
84.41,13
84.42,18
84.43,9
84.44,12
84.45,11
84.46,8
84.47,16
84.48,9
84.49,11
84.5,17
84.51,17
84.52,9
84.53,15
84.54,14
84.55,13
84.56,10
84.57,17
84.58,7
84.59,16
84.6,11
84.61,6
84.62,9
84.63,10
84.64,6
84.65,10
84.66,14
84.67,20
84.68,14
84.69,11
84.7,13
84.71,12
84.72,10
84.73,6
84.74,17
84.75,11
84.76,8
84.77,13
84.78,12
84.79,10
84.8,10
84.81,7
84.82,9
84.83,12
84.84,26
84.85,15
84.86,12
84.87,12
84.88,15
84.89,14
84.9,22
84.91,7
84.92,7
84.93,15
84.94,13
84.95,16
84.96,14
84.97,15
84.98,8
84.99,17
85,19
85.01,9
85.02,14
85.03,17
85.04,10
85.05,17
85.06,7
85.07,18
85.08,15
85.09,8
85.1,10
85.11,12
85.12,8
85.13,10
85.14,9
85.15,14
85.16,14
85.17,8
85.18,8
85.19,17
85.2,9
85.21,12
85.22,9
85.23,6
85.24,9
85.25,12
85.26,14
85.27,15
85.28,13
85.29,7
85.3,11
85.31,10
85.32,8
85.33,15
85.34,16
85.35,8
85.36,11
85.37,10
85.38,8
85.39,14
85.4,7
85.41,8
85.42,21
85.43,17
85.44,6
85.45,16
85.46,7
85.47,10
85.48,15
85.49,18
85.5,14
85.51,6
85.52,13
85.53,7
85.54,14
85.55,11
85.56,6
85.57,7
85.58,13
85.59,19
85.6,6
85.61,7
85.62,11
85.63,14
85.64,10
85.65,12
85.66,8
85.67,8
85.68,12
85.69,16
85.7,11
85.71,8
85.72,9
85.73,19
85.74,13
85.75,10
85.76,7
85.77,15
85.78,8
85.79,11
85.8,15
85.81,9
85.82,5
85.83,12
85.84,11
85.85,7
85.86,13
85.87,10
85.88,16
85.89,19
85.9,12
85.91,22
85.92,13
85.93,16
85.94,17
85.95,16
85.96,20
85.97,31
85.98,20
85.99,21
86,30
86.01,18
86.02,25
86.03,13
86.04,11
86.05,18
86.06,14
86.07,13
86.08,8
86.09,11
86.1,6
86.11,9
86.12,12
86.13,6
86.14,11
86.15,5
86.16,6
86.17,10
86.18,12
86.19,12
86.2,13
86.21,12
86.22,7
86.23,8
86.24,9
86.25,13
86.26,9
86.27,10
86.28,13
86.29,9
86.3,11
86.31,12
86.32,8
86.33,8
86.34,11
86.35,7
86.36,6
86.37,9
86.38,7
86.39,8
86.4,10
86.41,10
86.42,7
86.43,11
86.44,11
86.45,4
86.46,8
86.47,7
86.48,13
86.49,9
86.5,5
86.51,10
86.52,13
86.53,7
86.54,8
86.55,11
86.56,3
86.57,7
86.58,12
86.59,9
86.6,3
86.61,6
86.62,7
86.63,15
86.64,17
86.65,9
86.66,9
86.67,10
86.68,3
86.69,10
86.7,4
86.71,15
86.72,9
86.73,9
86.74,3
86.75,9
86.76,7
86.77,8
86.78,9
86.79,7
86.8,12
86.81,10
86.82,4
86.83,17
86.84,10
86.85,10
86.86,12
86.87,10
86.88,8
86.89,12
86.9,8
86.91,4
86.92,7
86.93,13
86.94,7
86.95,11
86.96,8
86.97,7
86.98,12
86.99,5
87,7
87.01,13
87.02,5
87.03,10
87.04,10
87.05,4
87.06,7
87.07,3
87.08,10
87.09,10
87.1,15
87.11,8
87.12,5
87.13,5
87.14,4
87.15,10
87.16,6
87.17,9
87.18,9
87.19,4
87.2,14
87.21,9
87.22,7
87.23,12
87.24,10
87.25,3
87.26,12
87.27,16
87.28,9
87.29,8
87.3,5
87.31,5
87.32,6
87.33,10
87.34,8
87.35,6
87.36,14
87.37,5
87.38,8
87.39,9
87.4,3
87.41,7
87.42,8
87.43,9
87.44,11
87.45,5
87.46,9
87.47,11
87.48,5
87.49,11
87.5,10
87.51,11
87.52,7
87.53,9
87.54,12
87.55,11
87.56,8
87.57,8
87.58,11
87.59,6
87.6,7
87.61,11
87.62,13
87.63,5
87.64,9
87.65,7
87.66,12
87.67,5
87.68,6
87.69,10
87.71,8
87.72,6
87.73,16
87.74,7
87.75,8
87.76,13
87.77,10
87.78,10
87.79,7
87.8,4
87.81,5
87.82,7
87.83,4
87.84,13
87.85,9
87.86,8
87.87,14
87.88,7
87.89,13
87.9,12
87.91,8
87.92,14
87.93,16
87.94,11
87.95,19
87.96,18
87.97,9
87.98,13
87.99,14
88,19
88.01,11
88.02,6
88.03,4
88.04,6
88.05,14
88.06,8
88.07,9
88.08,12
88.09,4
88.1,10
88.11,9
88.12,5
88.13,5
88.14,6
88.15,6
88.16,9
88.17,8
88.18,8
88.19,10
88.2,5
88.21,5
88.22,5
88.23,7
88.24,6
88.25,5
88.26,4
88.27,9
88.28,7
88.29,2
88.3,7
88.31,6
88.32,8
88.33,9
88.34,9
88.35,7
88.36,6
88.37,4
88.38,9
88.39,9
88.4,5
88.41,6
88.42,4
88.43,10
88.44,8
88.45,10
88.46,5
88.47,6
88.48,2
88.49,6
88.5,2
88.51,8
88.52,9
88.53,7
88.54,10
88.55,5
88.56,8
88.57,10
88.58,6
88.59,4
88.6,8
88.61,10
88.62,3
88.63,8
88.64,5
88.65,8
88.66,6
88.67,8
88.68,5
88.69,6
88.7,8
88.71,4
88.72,6
88.73,9
88.74,9
88.75,3
88.76,10
88.77,13
88.78,3
88.79,8
88.8,5
88.81,2
88.82,4
88.83,4
88.84,7
88.85,5
88.86,5
88.87,5
88.88,4
88.89,6
88.9,7
88.91,4
88.92,5
88.93,11
88.94,8
88.95,6
88.96,6
88.97,7
88.98,7
88.99,10
89,11
89.01,5
89.02,8
89.03,3
89.04,5
89.05,9
89.06,4
89.07,7
89.08,6
89.09,7
89.11,7
89.12,5
89.13,8
89.14,2
89.15,2
89.16,11
89.17,4
89.18,6
89.19,10
89.2,4
89.21,6
89.22,4
89.23,6
89.24,7
89.25,6
89.26,8
89.27,1
89.28,8
89.29,3
89.3,7
89.31,6
89.32,4
89.33,8
89.34,8
89.35,2
89.36,8
89.37,4
89.38,3
89.39,5
89.4,5
89.41,6
89.42,12
89.43,10
89.44,4
89.45,9
89.46,3
89.47,5
89.48,10
89.49,5
89.51,4
89.52,5
89.53,2
89.54,4
89.55,3
89.56,5
89.57,2
89.58,3
89.59,2
89.6,6
89.61,6
89.62,6
89.63,4
89.64,3
89.65,5
89.66,5
89.67,4
89.68,4
89.69,9
89.7,2
89.71,8
89.72,7
89.73,4
89.74,3
89.75,8
89.76,3
89.77,6
89.78,6
89.79,10
89.8,5
89.81,1
89.82,4
89.83,4
89.84,4
89.85,5
89.86,7
89.87,7
89.88,6
89.89,6
89.9,4
89.91,7
89.92,8
89.93,6
89.94,6
89.95,5
89.96,4
89.97,9
89.98,11
89.99,6
90,9
90.01,4
90.02,7
90.03,4
90.04,3
90.05,8
90.06,5
90.07,3
90.08,8
90.09,4
90.1,4
90.11,3
90.12,5
90.13,4
90.14,6
90.15,9
90.16,4
90.17,6
90.18,3
90.19,4
90.2,3
90.21,4
90.22,2
90.23,3
90.24,2
90.25,1
90.26,5
90.27,3
90.28,3
90.29,4
90.3,3
90.31,5
90.32,6
90.33,1
90.34,3
90.35,4
90.36,2
90.37,6
90.38,6
90.39,3
90.4,2
90.41,4
90.42,3
90.43,8
90.44,5
90.45,2
90.46,2
90.47,5
90.48,4
90.49,7
90.5,3
90.51,3
90.52,5
90.53,4
90.54,3
90.55,5
90.56,5
90.57,5
90.58,4
90.59,3
90.6,6
90.61,4
90.62,4
90.63,3
90.64,3
90.65,2
90.66,4
90.67,7
90.68,8
90.69,3
90.7,6
90.72,3
90.73,2
90.74,8
90.75,4
90.76,6
90.77,4
90.78,4
90.79,4
90.8,4
90.81,1
90.82,2
90.83,5
90.84,4
90.85,4
90.86,4
90.87,7
90.88,6
90.89,6
90.9,6
90.91,2
90.92,9
90.93,5
90.94,3
90.95,5
90.96,3
90.97,5
90.98,4
90.99,3
91,6
91.01,5
91.02,5
91.03,3
91.04,3
91.05,2
91.06,1
91.07,4
91.08,4
91.09,9
91.1,12
91.11,1
91.12,3
91.13,7
91.14,5
91.15,8
91.16,3
91.17,5
91.18,1
91.19,4
91.2,1
91.21,3
91.22,4
91.23,4
91.24,7
91.25,1
91.26,2
91.27,4
91.28,5
91.29,7
91.3,3
91.32,1
91.33,5
91.35,4
91.36,3
91.37,2
91.38,1
91.39,6
91.4,4
91.41,5
91.42,1
91.43,6
91.44,5
91.45,5
91.46,2
91.47,4
91.48,3
91.49,2
91.5,3
91.51,5
91.52,4
91.53,7
91.54,4
91.55,8
91.56,4
91.57,1
91.58,5
91.6,2
91.61,3
91.62,3
91.63,5
91.64,7
91.65,5
91.66,2
91.67,7
91.68,2
91.69,3
91.7,3
91.71,3
91.72,5
91.73,2
91.74,4
91.75,4
91.76,2
91.77,3
91.78,1
91.79,4
91.8,3
91.81,4
91.82,3
91.83,4
91.84,6
91.85,4
91.86,2
91.87,7
91.88,4
91.89,5
91.9,2
91.91,5
91.92,10
91.93,8
91.94,2
91.95,9
91.96,7
91.97,8
91.98,11
91.99,5
92,5
92.01,13
92.02,4
92.03,3
92.04,3
92.05,8
92.06,5
92.07,2
92.08,3
92.1,7
92.11,4
92.12,1
92.13,4
92.14,1
92.15,2
92.16,3
92.17,3
92.18,4
92.19,4
92.2,2
92.21,2
92.22,4
92.24,3
92.25,1
92.27,7
92.28,4
92.29,1
92.3,5
92.31,1
92.32,2
92.33,2
92.34,4
92.35,1
92.36,4
92.37,3
92.38,4
92.39,2
92.4,2
92.41,1
92.42,4
92.43,1
92.44,2
92.45,2
92.46,1
92.47,2
92.49,3
92.5,2
92.51,4
92.52,2
92.53,3
92.54,1
92.55,1
92.56,1
92.57,1
92.58,4
92.59,2
92.6,5
92.61,2
92.62,4
92.63,4
92.64,1
92.65,1
92.67,2
92.68,3
92.69,1
92.7,5
92.71,1
92.72,2
92.73,4
92.74,5
92.75,2
92.76,2
92.77,3
92.78,2
92.79,4
92.8,2
92.81,1
92.82,4
92.83,5
92.84,1
92.85,1
92.86,1
92.87,1
92.88,2
92.89,5
92.91,2
92.92,2
92.93,3
92.94,1
92.95,1
92.97,2
92.98,3
92.99,4
93,2
93.01,2
93.02,1
93.03,3
93.04,2
93.05,5
93.06,1
93.07,3
93.08,5
93.09,4
93.1,2
93.11,1
93.12,1
93.13,2
93.14,4
93.15,1
93.16,3
93.17,2
93.18,1
93.19,1
93.21,1
93.22,2
93.23,2
93.24,1
93.25,1
93.26,3
93.27,1
93.28,5
93.29,1
93.3,4
93.31,2
93.34,2
93.35,2
93.37,4
93.38,1
93.39,2
93.4,2
93.41,3
93.42,1
93.44,2
93.45,2
93.46,4
93.48,1
93.49,1
93.5,2
93.51,4
93.52,3
93.53,1
93.54,2
93.55,2
93.56,2
93.57,1
93.59,2
93.61,1
93.62,2
93.63,1
93.64,1
93.65,2
93.66,3
93.67,3
93.68,2
93.69,2
93.7,4
93.71,2
93.72,6
93.73,3
93.74,3
93.75,2
93.77,2
93.78,2
93.79,2
93.81,1
93.82,2
93.83,2
93.84,1
93.85,3
93.86,3
93.87,1
93.88,2
93.89,1
93.9,3
93.91,3
93.92,2
93.93,3
93.94,8
93.95,1
93.97,3
93.98,3
93.99,4
94,2
94.01,1
94.03,1
94.05,2
94.06,1
94.07,1
94.09,3
94.1,3
94.11,5
94.12,2
94.13,3
94.14,1
94.16,2
94.17,2
94.18,3
94.19,1
94.2,3
94.21,2
94.23,1
94.25,1
94.26,1
94.29,2
94.3,3
94.31,3
94.32,2
94.34,3
94.35,1
94.36,1
94.37,1
94.38,3
94.41,1
94.42,1
94.45,1
94.46,2
94.47,1
94.48,1
94.49,3
94.5,1
94.51,2
94.52,2
94.53,1
94.54,2
94.55,1
94.58,3
94.6,3
94.63,2
94.64,1
94.65,3
94.66,2
94.68,1
94.69,1
94.7,2
94.73,1
94.74,2
94.75,2
94.76,1
94.78,3
94.79,1
94.8,3
94.81,1
94.82,2
94.83,1
94.84,2
94.86,2
94.88,2
94.89,1
94.9,1
94.91,1
94.92,1
94.93,3
94.94,2
94.95,1
94.96,2
94.97,1
94.98,2
94.99,2
95,1
95.02,4
95.03,3
95.04,2
95.05,2
95.06,1
95.07,2
95.09,2
95.1,3
95.11,1
95.12,1
95.13,1
95.16,2
95.18,1
95.19,1
95.22,1
95.23,2
95.33,2
95.34,1
95.36,1
95.37,2
95.38,1
95.39,2
95.4,3
95.41,2
95.42,1
95.43,1
95.45,1
95.48,1
95.5,1
95.51,1
95.56,1
95.59,1
95.6,2
95.64,1
95.65,2
95.66,2
95.67,2
95.68,1
95.69,1
95.7,1
95.75,1
95.76,1
95.81,2
95.82,2
95.83,1
95.85,1
95.86,1
95.87,1
95.88,1
95.92,2
95.93,2
95.94,2
95.95,1
95.96,1
95.97,1
95.98,1
95.99,2
96,1
96.01,2
96.02,2
96.04,1
96.06,2
96.07,1
96.09,1
96.1,1
96.13,1
96.16,1
96.17,1
96.18,1
96.19,1
96.21,1
96.23,1
96.24,2
96.25,2
96.27,2
96.3,2
96.33,2
96.35,1
96.36,1
96.37,2
96.38,2
96.42,1
96.44,2
96.45,1
96.47,1
96.51,1
96.52,1
96.53,3
96.54,1
96.57,1
96.59,1
96.62,2
96.63,2
96.69,2
96.7,2
96.71,2
96.74,1
96.77,1
96.78,2
96.88,1
96.93,1
96.96,1
96.97,1
97,1
97.01,1
97.02,2
97.03,2
97.04,1
97.05,1
97.07,1
97.09,1
97.1,1
97.14,1
97.15,1
97.17,1
97.19,1
97.22,1
97.28,1
97.31,1
97.32,1
97.33,1
97.38,1
97.39,1
97.41,1
97.43,1
97.44,1
97.5,1
97.55,1
97.57,1
97.6,2
97.65,1
97.68,1
97.72,1
97.73,2
97.78,1
97.79,1
97.85,1
97.89,2
97.91,1
97.92,1
97.93,3
97.94,2
97.99,1
98.04,1
98.05,1
98.06,1
98.1,1
98.14,2
98.2,1
98.3,1
98.32,1
98.33,1
98.34,1
98.37,1
98.44,2
98.45,1
98.49,1
98.51,1
98.53,1
98.54,1
98.58,1
98.62,1
98.64,1
98.72,1
98.8,1
98.84,2
98.85,1
98.9,1
98.91,1
98.93,1
99,1
99.05,1
99.07,1
99.13,1
99.15,1
99.19,1
99.23,1
99.26,1
99.32,1
99.33,1
99.46,2
99.48,1
99.49,1
99.55,1
99.67,1
99.71,1
99.73,2
99.74,1
99.75,1
99.78,1
99.8,1
99.89,1
99.9,1
99.91,1
99.93,1
99.94,2
99.95,1
99.98,1
99.99,1
100,2
100.01,1
100.02,1
100.04,1
100.06,1
100.1,1
100.13,1
100.17,1
100.2,1
100.24,2
100.28,1
100.33,2
100.37,1
100.38,1
100.39,1
100.43,1
100.45,1
100.67,1
100.71,1
100.74,1
100.75,1
100.85,1
101.14,1
101.16,1
101.42,1
101.52,1
101.57,1
101.59,1
102.29,1
102.41,1
102.43,1
102.65,1
102.69,1
103.05,1
103.4,1
103.48,1
103.5,1
103.94,1
104.24,1
104.84,1
104.89,1
105.17,1
167.53,1
167.75,1
167.77,1
169.01,1
169.05,1
201.73,1
216.17,1
279.97,1
1073.61,1
